observation_id,score,x0,y0,x1,y1,left,top,right,bottom,width,height
2513059,0.9107548594474792,197.95538330078125,152.29254150390625,1019.7723999023438,468.02581787109375,74,104,1024,516,1024,683
3750572,0.9057300090789795,247.51153564453125,159.1980438232422,790.3052368164062,377.3802490234375,166,126,872,411,1024,683
5414613,0.6689509153366089,283.6972961425781,426.8958740234375,376.91265869140625,521.7471923828125,269,412,391,536,768,1024
5577604,0.884869396686554,103.24850463867188,94.65083312988281,1023.5279541015625,684.9304809570312,0,6,1024,768,1024,768
5577606,0.8822936415672302,78.4700927734375,60.574127197265625,946.1756591796875,694.3515014648438,0,0,1024,768,1024,768
5577619,0.8702456951141357,19.8087158203125,53.188270568847656,961.6408081054688,672.75732421875,0,0,1024,766,1024,768
8859810,0.8966590166091919,23.592018127441406,306.12152099609375,744.642578125,626.7108154296875,0,258,768,675,768,1024
14282919,0.48531076312065125,115.27418518066406,472.08197021484375,686.4659423828125,682.0198364257812,29,440,768,714,768,1024
17591398,0.883497953414917,91.5028076171875,159.8916778564453,930.10546875,569.4323120117188,0,98,1024,631,1024,768
20874557,0.8988091945648193,117.009033203125,180.36703491210938,990.409912109375,722.8304443359375,0,98,1024,768,1024,768
20912180,0.9206505417823792,108.81326293945312,209.0203857421875,830.193115234375,603.0309448242188,0,149,939,663,1024,768
22545935,0.902848482131958,230.20138549804688,200.26715087890625,949.8565673828125,632.73828125,122,135,1024,698,1024,768
23188180,0.574375569820404,37.91806411743164,565.3560180664062,322.7206115722656,642.7155151367188,0,553,366,655,577,1024
28721723,0.8865978717803955,88.62554931640625,149.1727294921875,952.3352661132812,680.2362670898438,0,69,1024,760,1024,768
29109195,0.8683225512504578,86.07012176513672,199.84115600585938,416.87249755859375,771.3709716796875,36,114,467,858,498,1024
31591176,0.9093824028968811,228.88363647460938,286.7602844238281,612.952880859375,435.6692810058594,171,264,671,459,1024,683
32753436,0.8895516395568848,60.663482666015625,77.85706329345703,857.0277099609375,599.8626708984375,0,0,977,679,1024,768
34279170,0.9046611189842224,83.20138549804688,74.5011978149414,762.5108642578125,579.8236083984375,0,0,865,656,1024,768
34279724,0.8527340292930603,208.56402587890625,235.13729858398438,958.5772094726562,576.8460693359375,96,183,1024,629,1024,730
34577086,0.8778220415115356,83.43478393554688,104.28126525878906,960.7969970703125,673.0391845703125,0,18,1024,759,1024,768
34577247,0.8731660842895508,54.888031005859375,106.4578628540039,879.68505859375,703.26708984375,0,16,1004,768,1024,768
34577249,0.8755097985267639,137.82525634765625,154.49832153320312,923.8751831054688,686.3450927734375,19,74,1024,767,1024,768
34681947,0.8653103709220886,180.9459228515625,142.75941467285156,956.7769775390625,578.3905639648438,64,77,1024,644,1024,732
36498140,0.9081689715385437,66.25189208984375,223.3389892578125,948.5219116210938,568.8209228515625,0,171,1024,621,1024,768
36498141,0.8998448848724365,171.85897827148438,338.78338623046875,947.6080322265625,656.4842529296875,55,291,1024,705,1024,768
36498142,0.7409796714782715,330.1783142089844,159.00225830078125,1023.209228515625,450.6339111328125,226,115,1024,495,1024,768
36498145,0.5178986191749573,64.91873168945312,121.03349304199219,923.605224609375,543.96484375,0,57,1024,608,1024,768
36498146,0.9215456247329712,27.651947021484375,202.3025665283203,917.147705078125,571.2241821289062,0,146,1024,627,1024,768
36498147,0.6870809197425842,496.2710266113281,369.43328857421875,1021.4449462890625,627.9503784179688,417,330,1024,667,1024,768
36498149,0.8914620280265808,46.5068359375,215.21780395507812,1005.144775390625,625.9742431640625,0,153,1024,688,1024,768
36498151,0.8758201599121094,319.4253845214844,190.89114379882812,842.71240234375,485.3965759277344,240,146,922,530,1024,768
36498155,0.7077766060829163,499.9744873046875,149.02511596679688,984.70361328125,635.6621704101562,427,76,1024,709,1024,768
36711165,0.6610817909240723,555.9056396484375,50.33613967895508,1019.6021728515625,285.0616455078125,486,15,1024,321,1024,686
36711529,0.7805267572402954,87.98809814453125,97.89537811279297,559.9411010742188,455.9867858886719,17,44,631,510,1024,961
36711979,0.8664778470993042,413.24322509765625,24.709041595458984,1013.7715454101562,299.6394958496094,323,0,1024,341,1024,767
36711990,0.47868216037750244,92.03396606445312,106.54772186279297,917.4501953125,442.9849548339844,0,56,1024,494,1024,593
36711993,0.7514216303825378,93.17852783203125,124.53418731689453,609.3261108398438,335.875,15,92,687,368,1024,653
36712777,0.8018758893013,529.6329956054688,267.2071838378906,998.3012084960938,499.6767883300781,459,232,1024,535,1024,697
36712784,0.7093870639801025,448.29437255859375,228.0127716064453,947.3952026367188,499.01434326171875,373,187,1023,540,1024,752
36712789,0.4470297396183014,287.7164611816406,307.3736572265625,579.5535888671875,544.6513671875,243,271,624,581,1024,811
36712791,0.919404923915863,269.447265625,231.38087463378906,761.7640380859375,447.4518737792969,195,198,836,480,1024,791
36712798,0.8059161305427551,163.84030151367188,221.39649963378906,821.5753173828125,493.546875,65,180,921,535,1024,686
36734246,0.9014089107513428,36.8284912109375,120.17377471923828,999.59521484375,504.15093994140625,0,62,1024,562,1024,690
36734248,0.9080451130867004,38.677642822265625,128.7418975830078,890.5150146484375,435.618896484375,0,82,1019,482,1024,576
36734250,0.8943629264831543,95.41708374023438,222.7898712158203,912.321533203125,557.2341918945312,0,172,1024,608,1024,768
37843582,0.6102062463760376,413.7943115234375,19.211040496826172,661.4375,151.6341552734375,376,0,699,172,800,534
38869615,0.6601032018661499,96.20492553710938,194.21949768066406,804.5921630859375,552.3606567382812,0,140,911,607,1024,683
40032763,0.8574482798576355,153.20960998535156,288.4765625,642.22607421875,624.0014038085938,79,238,716,675,768,1024
40573189,0.5173779129981995,70.02362060546875,467.3562927246094,281.02777099609375,562.894775390625,38,453,313,578,768,1024
43765877,0.891245424747467,181.14010620117188,108.57362365722656,976.99951171875,637.685791015625,61,29,1024,718,1024,768
47560381,0.8813958168029785,223.67898559570312,116.1322250366211,784.2506103515625,276.00555419921875,139,92,869,300,1024,576
52966364,0.6948192119598389,256.8747863769531,232.44195556640625,709.13720703125,491.6932067871094,189,193,777,531,1024,768
55080643,0.8878564238548279,35.282958984375,122.95719909667969,994.4678955078125,666.8699951171875,0,41,1024,749,1024,768
55259043,0.8839187622070312,45.324432373046875,101.23883056640625,963.77001953125,700.7613525390625,0,11,1024,768,1024,768
56319976,0.6945710778236389,184.74371337890625,63.62089920043945,446.4983825683594,184.99209594726562,145,45,486,204,813,457
56342408,0.867324948310852,26.284008026123047,27.825592041015625,879.5371704101562,974.6549072265625,0,0,885,1024,885,1024
56342900,0.8997538685798645,39.040008544921875,93.93213653564453,927.597412109375,580.8840942382812,0,20,1024,624,1024,624
56343828,0.9010705351829529,40.445068359375,29.064428329467773,1015.573486328125,459.1499938964844,0,0,1024,517,1024,517
56365630,0.8888525366783142,41.86846923828125,39.74506759643555,953.6615600585938,642.2047119140625,0,0,1024,675,1024,675
56366992,0.8910343647003174,24.21771240234375,73.31712341308594,953.4212036132812,719.937255859375,0,0,1024,747,1024,747
56367519,0.9162114262580872,81.69635009765625,99.03206634521484,906.3888549804688,434.8942565917969,0,48,1024,486,1024,584
56368455,0.9055101275444031,44.54461669921875,70.90996551513672,992.0358276367188,535.44580078125,0,1,1024,597,1024,597
56368852,0.8491647243499756,200.98080444335938,37.457672119140625,591.6246337890625,1004.05078125,142,0,651,1024,768,1024
56452137,0.8865896463394165,61.31661605834961,28.048784255981445,479.6312255859375,291.2215270996094,0,0,540,303,540,303
56452475,0.893760085105896,73.2728271484375,25.629493713378906,487.3014831542969,275.8920593261719,11,0,540,303,540,303
58599898,0.8661692142486572,165.20877075195312,364.944091796875,439.8412780761719,895.9605712890625,124,285,482,976,576,1024
60963198,0.7404443621635437,588.4530639648438,559.2119140625,648.7628784179688,582.9334716796875,579,555,658,587,1024,768
63528484,0.8708473443984985,259.64312744140625,312.67919921875,539.1425170898438,854.8446044921875,217,231,582,937,768,1024
64825210,0.8876503109931946,21.0389404296875,99.12026977539062,921.7486572265625,556.236328125,0,30,1024,625,1024,726
68982841,0.8896534442901611,82.48797607421875,246.83265686035156,988.1032104492188,672.9446411132812,0,182,1024,737,1024,922
71483148,0.8180564045906067,270.0296325683594,269.3065185546875,856.8076171875,531.965087890625,182,229,945,572,1024,768
71587121,0.9077175259590149,26.0716552734375,133.80337524414062,1005.4481201171875,635.0889892578125,0,58,1024,711,1024,758
73509147,0.8831763863563538,110.33381652832031,315.5108642578125,738.7797241210938,826.5032958984375,16,238,768,904,768,1024
76360924,0.830736517906189,221.19195556640625,433.93402099609375,529.237060546875,559.5426025390625,174,415,576,579,768,1024
76364550,0.8920947909355164,32.702880859375,96.68687438964844,1006.404296875,590.7702026367188,0,22,1024,665,1024,732
76560974,0.5101938843727112,606.0077514648438,458.31304931640625,754.0444946289062,626.9590454101562,583,433,777,653,1024,768
79783054,0.631413459777832,105.10933685302734,383.29974365234375,472.5491943359375,995.2630004882812,49,291,528,1024,691,1024
79787139,0.8169569373130798,240.84957885742188,297.7427673339844,448.59814453125,835.995361328125,209,217,480,917,768,1024
91921943,0.8703877329826355,67.152587890625,83.68368530273438,965.7967529296875,554.800537109375,0,13,1024,626,1024,768
95626866,0.8818126320838928,128.13027954101562,-2.3375244140625,548.971923828125,1000.6287231445312,65,0,613,1024,768,1024
98951463,0.7955174446105957,162.55899047851562,228.87030029296875,967.7816162109375,546.2669677734375,41,181,1024,594,1024,768
99590882,0.7316583395004272,462.74713134765625,273.9176330566406,656.7626342773438,391.03570556640625,433,256,686,409,1024,768
99869193,0.7994357943534851,305.6380310058594,325.1904296875,881.7305908203125,608.5796508789062,219,282,969,652,1024,768
102078816,0.4781287908554077,355.29083251953125,229.63424682617188,724.5761108398438,761.329833984375,299,149,780,768,1024,768
102497160,0.9050741195678711,28.26822853088379,47.712406158447266,186.28924560546875,138.12513732910156,4,34,210,152,244,174
102671833,0.8932249546051025,45.39875793457031,83.77729797363281,375.66912841796875,281.5279541015625,0,54,426,312,488,353
103891690,0.8913475275039673,40.275352478027344,81.10992431640625,438.8305969238281,289.27508544921875,0,49,448,321,448,336
104737549,0.8147442936897278,5.519643306732178,612.7799072265625,903.7799682617188,939.6712646484375,0,563,907,989,907,1024
105716345,0.2961043417453766,784.000244140625,660.3719482421875,1021.459228515625,856.2828369140625,748,630,1024,886,1024,1024
107082405,0.7493525147438049,162.6338653564453,331.9296875,494.1304931640625,482.93975830078125,112,309,544,506,768,1024
108852480,0.877101719379425,110.9274673461914,280.8490295410156,507.92926025390625,1006.9947509765625,51,171,568,1024,768,1024
109367052,0.7581741809844971,600.1724853515625,451.6278076171875,872.0213623046875,517.846435546875,559,441,913,528,1024,768
109611365,0.88470059633255,119.30892944335938,134.3459014892578,797.2589111328125,546.4129028320312,17,72,899,609,1024,768
110822675,0.697590708732605,461.23370361328125,293.44891357421875,749.8222045898438,427.4374084472656,417,273,794,448,1024,683
113086985,0.9054595232009888,199.61599731445312,96.84071350097656,737.677001953125,410.1128845214844,118,49,819,458,1024,461
116012403,0.8747401833534241,167.98318481445312,238.04721069335938,876.2330322265625,661.4949951171875,61,174,983,726,1024,768
116285864,0.8694742321968079,54.87458801269531,141.70396423339844,674.1539916992188,507.5288391113281,0,86,768,533,800,533
118125150,0.6066730618476868,218.21192932128906,395.00738525390625,349.1792297363281,438.45172119140625,198,388,369,445,576,1024
122927128,0.8934531807899475,147.0033416748047,65.721435546875,597.8475952148438,1007.832763671875,79,0,666,1024,768,1024
124665779,0.8794680237770081,320.6621398925781,173.35055541992188,703.73388671875,717.6868896484375,263,91,762,800,951,1024
126805585,0.6355511546134949,269.6632080078125,220.83493041992188,952.7010498046875,505.5060729980469,167,178,1024,549,1024,684
126928493,0.755634069442749,243.76278686523438,303.619140625,650.4215087890625,417.18182373046875,182,286,712,435,1024,768
129084823,0.6594218611717224,199.1513214111328,175.39556884765625,776.8196411132812,767.0643920898438,112,86,783,856,783,1024
129785135,0.8766456246376038,19.056312561035156,26.442291259765625,562.5357666015625,1011.17138671875,0,0,645,1024,768,1024
129983492,0.8730366230010986,319.94482421875,157.83663940429688,760.94384765625,480.81903076171875,253,109,828,530,1024,684
129984484,0.48738521337509155,152.93856811523438,234.98086547851562,663.291748046875,381.67620849609375,76,212,740,404,1024,684
133169084,0.8806303143501282,171.7352294921875,198.22952270507812,748.2669067382812,430.4402160644531,85,163,835,466,1024,683
133186942,0.6741218566894531,470.552978515625,367.3537292480469,668.1978759765625,415.11328125,440,360,698,423,1024,768
133186944,0.6308087706565857,539.711181640625,394.27349853515625,691.9208984375,522.6084594726562,516,375,715,542,1024,768
136481713,0.7411065101623535,13.542999267578125,113.5587158203125,736.9791259765625,478.38397216796875,0,58,846,534,1024,683
141663990,0.7327165007591248,610.0106201171875,368.21051025390625,761.59814453125,411.22137451171875,587,361,785,418,1024,768
141693011,0.9121541380882263,80.68402099609375,260.26446533203125,957.9426879882812,611.877685546875,0,207,1024,665,1024,759
143978619,0.8972157835960388,116.53829956054688,89.18260192871094,821.4232177734375,413.61383056640625,10,40,928,463,1024,576
144184739,0.6485136151313782,397.3793029785156,106.07764434814453,476.6553039550781,471.26214599609375,385,51,489,527,1024,682
144300307,0.878362774848938,218.0523681640625,159.9651641845703,840.6456298828125,459.4739990234375,124,115,935,505,1024,768
144300309,0.8922713398933411,152.78494262695312,205.63949584960938,759.680419921875,456.53887939453125,61,168,851,495,1024,768
144344294,0.8810322284698486,52.66200256347656,331.37774658203125,727.627197265625,749.5000610351562,0,268,768,813,768,1024
144458314,0.8607096672058105,9.099609375,6.52245569229126,1012.7904663085938,650.37841796875,0,0,1024,697,1024,697
144527502,0.8405749201774597,45.27273941040039,225.70877075195312,478.7317199707031,934.2698974609375,0,119,544,1024,659,1024
146028462,0.5131710767745972,18.14569091796875,142.4113311767578,949.27685546875,622.544921875,0,70,1024,695,1024,768
146158987,0.8823295831680298,76.11348724365234,357.3963623046875,657.542724609375,729.10302734375,0,301,745,785,768,1024
146504408,0.7733601331710815,194.78973388671875,508.31268310546875,440.02972412109375,626.1244506835938,158,490,477,644,768,1024
148151256,0.6784272789955139,160.142822265625,359.53570556640625,374.52655029296875,773.5059204101562,127,297,407,836,576,1024
149109385,0.7672966718673706,592.474853515625,322.69354248046875,962.4034423828125,570.1007690429688,536,285,1018,608,1024,1024
149556867,0.8960754871368408,96.13671875,206.58526611328125,931.109619140625,657.058349609375,0,139,1024,725,1024,768
149791127,0.8164056539535522,153.62890625,162.8778076171875,802.5676879882812,321.0385437011719,56,139,900,345,1024,653
151001541,0.8982323408126831,80.80093383789062,200.39276123046875,921.3385009765625,656.1744384765625,0,132,1024,725,1024,768
151312933,0.43025854229927063,278.9588623046875,249.3394317626953,807.1805419921875,526.5404052734375,199,207,887,569,1024,768
151473541,0.8617919683456421,308.3169250488281,407.45257568359375,586.0953369140625,559.3134155273438,266,384,628,583,768,1024
151473611,0.8988754749298096,177.06570434570312,290.91693115234375,576.900146484375,883.5347290039062,117,202,637,973,768,1024
151474997,0.904830813407898,157.28907775878906,191.97933959960938,526.7063598632812,831.5196533203125,101,96,583,928,768,1024
153522945,0.46850964426994324,287.5967102050781,235.98617553710938,652.4810791015625,765.053466796875,232,156,708,845,1024,1024
155009658,0.8893547058105469,339.71881103515625,229.98899841308594,835.7898559570312,466.1656188964844,265,194,911,502,1024,683
158234586,0.8931217193603516,280.23492431640625,398.6479187011719,498.300048828125,662.0062255859375,247,359,532,702,768,1024
167073119,0.579992413520813,828.4325561523438,459.0834045410156,918.4692993164062,525.7420043945312,814,449,932,536,1024,711
170318318,0.8190532922744751,-4.553558349609375,95.1308822631836,953.9620361328125,605.058837890625,0,18,1024,682,1024,682
170969202,0.5122013092041016,178.08203125,166.60235595703125,482.9578552246094,722.9773559570312,132,83,529,807,771,1024
177927982,0.5939271450042725,342.7696533203125,291.07330322265625,602.8941040039062,556.9461669921875,303,251,642,597,1024,768
177933152,0.7618558406829834,49.542137145996094,371.4182434082031,599.6947021484375,751.3289794921875,0,314,683,809,768,1024
180343540,0.8708551526069641,1.3687744140625,312.17486572265625,955.5135498046875,696.35400390625,0,254,1024,754,1024,771
180584265,0.9209208488464355,181.8301544189453,117.37865447998047,650.4385375976562,362.54534912109375,111,80,721,400,1024,578
183453716,0.4477904438972473,0.05999755859375,1.9730072021484375,1023.5597534179688,769.9487915039062,0,0,1024,768,1024,768
185659019,0.7106677293777466,165.58383178710938,209.08135986328125,534.484375,733.140625,110,130,590,812,768,1024
190974634,0.7298383116722107,435.66033935546875,246.49285888671875,853.6162719726562,437.5130615234375,372,217,917,467,1024,768
191476708,0.903792679309845,29.278350830078125,35.98596954345703,989.7509765625,419.1786804199219,0,0,1024,477,1024,510
191540607,0.5910100340843201,345.3805236816406,210.5308380126953,419.5700378417969,419.05206298828125,334,179,431,451,683,1024
192636837,0.9025856256484985,428.4231262207031,162.03271484375,905.417236328125,430.8943176269531,356,121,977,472,1024,576
192930705,0.8929039239883423,9.280242919921875,120.67195129394531,1009.729248046875,689.8275146484375,0,35,1024,776,1024,819
196682565,0.8700700402259827,59.27020263671875,170.99171447753906,932.6799926757812,597.9798583984375,0,106,1024,663,1024,768
196799933,0.8718363642692566,149.08763122558594,437.98284912109375,645.6995849609375,733.7036743164062,74,393,721,779,768,1024
198751091,0.6925607919692993,226.85809326171875,238.44808959960938,503.62371826171875,439.9664306640625,185,208,546,471,1024,768
199325828,0.7985191345214844,201.4574432373047,311.78558349609375,604.3021850585938,443.8524169921875,141,291,665,464,1024,683
200339689,0.9044331908226013,122.58074951171875,306.1060791015625,926.3130493164062,767.2330322265625,2,236,1024,837,1024,1024
200344445,0.8928303122520447,94.24371337890625,260.8896789550781,959.4006958007812,823.4893798828125,0,176,1024,908,1024,1024
200344548,0.8988252282142639,189.39739990234375,202.32403564453125,843.4553833007812,588.6426391601562,91,144,942,647,1024,819
201079807,0.8950674533843994,6.889678955078125,207.7105712890625,1013.9215087890625,845.0313720703125,0,112,1024,941,1024,1024
201080123,0.8858881592750549,41.21234130859375,151.8699493408203,989.0673217773438,662.27001953125,0,75,1024,739,1024,819
204427485,0.47384217381477356,261.8668212890625,15.255311965942383,288.85260009765625,55.15267562866211,257,9,293,62,1024,684
205175784,0.6777412295341492,423.38665771484375,163.31336975097656,604.2749633789062,612.6238403320312,396,95,632,681,1024,683
205606411,0.7717201709747314,356.1650085449219,258.15478515625,652.9263916015625,359.7209777832031,311,242,698,375,1024,768
205606474,0.605908989906311,279.90594482421875,274.0963439941406,610.265625,505.7912292480469,230,239,660,541,1024,768
206994622,0.8656657934188843,192.26626586914062,78.0293197631836,632.7015380859375,460.3298034667969,126,20,699,518,1024,768
214434885,0.9229074716567993,35.4068603515625,173.44363403320312,949.9944458007812,542.645263671875,0,118,1024,599,1024,683
214883747,0.8323310017585754,2.870264768600464,196.8863067626953,927.1310424804688,737.18896484375,0,115,979,789,979,789
220065885,0.8952993154525757,169.3988037109375,154.21788024902344,944.291748046875,613.5277099609375,53,85,1024,683,1024,768
221940896,0.8989370465278625,123.52362060546875,334.7177734375,800.2667236328125,598.7752685546875,22,295,902,639,1024,768
224315238,0.7685157656669617,221.2821502685547,471.1943664550781,537.9491577148438,524.7620239257812,173,463,586,533,682,1024
226077871,0.851131796836853,3.8687667846679688,317.45172119140625,567.8021240234375,821.4863891601562,0,241,653,898,768,1024
226078711,0.8386440873146057,68.95447540283203,292.26824951171875,369.99029541015625,716.5709228515625,23,228,416,781,473,1024
226288162,0.8396235108375549,185.27578735351562,241.54171752929688,615.4295654296875,432.5794982910156,120,212,680,462,1024,683
227539905,0.7393887639045715,103.3836669921875,179.9421844482422,846.7630615234375,543.4776000976562,0,125,959,599,1024,768
229654783,0.7419875264167786,225.1631622314453,405.09527587890625,595.2434692382812,496.86004638671875,169,391,651,511,1024,768
233649396,0.8900772929191589,40.90699768066406,448.29681396484375,882.80517578125,838.8461303710938,0,389,982,898,982,1024
237679026,0.9031031131744385,110.26690673828125,293.82720947265625,919.9413452148438,783.3054809570312,0,220,1024,857,1024,1024
242051729,0.8613778948783875,184.67196655273438,404.9712219238281,553.7064208984375,917.827880859375,129,328,610,995,768,1024
242051761,0.6750308275222778,213.09884643554688,223.75570678710938,627.57421875,1000.024658203125,150,107,690,1024,768,1024
247727526,0.7843105792999268,87.19876098632812,502.06744384765625,281.2408447265625,594.5025024414062,58,488,311,609,768,1024
249138503,0.9036023020744324,87.91741943359375,111.08729553222656,893.909912109375,654.316650390625,0,29,1015,736,1024,768
250128474,0.8390741944313049,188.34170532226562,249.76043701171875,775.0762939453125,523.1143798828125,100,208,864,565,1024,768
252824113,0.9091818332672119,51.03106689453125,191.70953369140625,856.556640625,665.3819580078125,0,120,978,737,1024,768
252824381,0.8838725686073303,166.65036010742188,258.8549499511719,903.563720703125,694.108642578125,56,193,1015,760,1024,768
253094421,0.6936455965042114,217.79388427734375,52.50251770019531,735.44091796875,541.9615478515625,140,0,814,616,1024,768
253125811,0.889089822769165,65.384033203125,407.3531799316406,741.9791259765625,758.2730712890625,0,354,768,811,768,1024
253300742,0.8927878737449646,138.56024169921875,92.4869384765625,648.3223876953125,916.3472290039062,62,0,725,1024,768,1024
253436736,0.9012978672981262,81.83631134033203,422.427734375,671.8851928710938,754.4189453125,0,372,761,805,768,1024
254864156,0.8545420169830322,17.390380859375,214.43978881835938,1000.9588623046875,827.265625,0,122,1024,920,1024,1024
255367381,0.8498992919921875,14.907920837402344,108.10659790039062,684.7353515625,1001.4954833984375,0,0,768,1024,768,1024
255817602,0.23896946012973785,1004.4057006835938,355.5225830078125,1021.8687133789062,383.8374938964844,1001,351,1024,389,1024,768
257050004,0.8945109248161316,79.59649658203125,142.3939208984375,950.7998657226562,613.038330078125,0,71,1024,684,1024,768
257744702,0.8969725370407104,108.07089233398438,232.4655303955078,841.8546142578125,608.6527709960938,0,176,952,666,1024,768
259449160,0.8983166217803955,36.93536376953125,202.47811889648438,972.2487182617188,770.682373046875,0,117,1024,856,1024,1024
260669334,0.8943818807601929,238.82073974609375,352.9788818359375,936.7000122070312,675.2049560546875,134,304,1024,724,1024,768
261696504,0.8569982051849365,105.97032165527344,153.52293395996094,384.22308349609375,254.9029083251953,64,138,426,271,492,445
262996712,0.9152873754501343,154.35638427734375,233.190673828125,929.1483764648438,585.108154296875,38,180,1024,638,1024,768
263516937,0.8734350204467773,241.3330078125,261.53564453125,812.3382568359375,580.266357421875,155,213,898,629,1024,696
263825418,0.7643659114837646,469.68310546875,583.27392578125,829.50048828125,793.50146484375,415,551,884,826,1024,861
265136357,0.8548938035964966,18.897151947021484,74.7192611694336,594.9108276367188,473.08984375,0,14,640,480,640,480
265626094,0.6797183156013489,197.57562255859375,250.6845245361328,347.64581298828125,374.7084655761719,175,232,371,394,768,1024
266189868,0.8810200095176697,61.193756103515625,308.2272033691406,658.139404296875,605.225830078125,0,263,748,650,768,1024
268582441,0.7175135016441345,3.395423650741577,422.3155212402344,471.1736755371094,648.3604736328125,0,388,473,683,473,1024
268860594,0.8462613821029663,212.86427307128906,169.98611450195312,617.12890625,757.6484375,152,81,678,846,768,1024
269581047,0.8747645616531372,186.45486450195312,121.2774658203125,644.006591796875,898.990966796875,117,4,713,1016,768,1024
269581083,0.8497642874717712,269.8293151855469,255.40411376953125,560.7262573242188,768.2066040039062,226,178,605,846,768,1024
269836919,0.8709609508514404,214.77529907226562,289.1683349609375,486.81591796875,677.3392333984375,173,230,528,736,768,1024
271585770,0.9169883728027344,263.0174255371094,303.05731201171875,805.8270263671875,573.1829223632812,181,262,888,614,1024,768
272572013,0.7703204154968262,-1.880615234375,0.12574177980422974,720.3466186523438,610.7902221679688,0,0,829,678,1024,678
274133416,0.8084205985069275,213.4395751953125,267.73272705078125,577.752685546875,489.378662109375,158,234,633,523,1024,683
274770031,0.8290056586265564,106.04999542236328,458.56646728515625,714.9658813476562,878.4813842773438,14,395,768,942,768,1024
275172553,0.9020346999168396,58.9061279296875,161.71963500976562,865.7415771484375,746.6494140625,0,73,987,768,1024,768
276899260,0.8975628614425659,57.752655029296875,164.9510040283203,668.423828125,485.2548828125,0,116,761,534,1024,683
276899265,0.877074658870697,4.716400146484375,120.37398529052734,634.3985595703125,460.9571533203125,0,69,729,513,1024,683
276899270,0.8249112367630005,327.7122802734375,154.0823974609375,875.00830078125,475.6554260253906,245,105,958,524,1024,683
277220840,0.6686730980873108,106.60350036621094,244.60328674316406,569.3218383789062,359.7967834472656,37,227,618,378,618,559
278003396,0.4637441039085388,628.5806884765625,49.73429489135742,674.3043212890625,68.4834213256836,621,46,682,72,768,1024
278423576,0.8790999054908752,172.98898315429688,172.6270751953125,911.324462890625,605.2926025390625,62,107,1023,671,1024,768
284697236,0.8679173588752747,203.66574096679688,5.388916015625,567.5344848632812,890.798095703125,149,0,623,1024,768,1024
286434648,0.8190187811851501,263.0349426269531,117.8031005859375,698.8934326171875,551.6387939453125,197,52,765,617,877,1024
289439827,0.8695400953292847,100.5358657836914,306.99639892578125,651.681640625,652.004150390625,17,255,735,704,768,1024
290742775,0.86751788854599,454.82470703125,339.63568115234375,620.818359375,396.20697021484375,429,331,646,405,1024,768
290742858,0.7427572011947632,318.47625732421875,388.53118896484375,575.2020874023438,545.035888671875,279,365,614,569,1024,768
292127861,0.8840059041976929,47.024505615234375,419.1798400878906,722.530517578125,762.9014892578125,0,367,768,815,768,1024
293649473,0.8400824666023254,83.95834350585938,97.59418487548828,954.585693359375,737.1407470703125,0,1,1024,768,1024,768
294520906,0.8937198519706726,74.94563293457031,196.7177734375,451.0482177734375,796.8179321289062,18,106,508,887,768,1024
296150673,0.5669140815734863,629.7473754882812,522.1753540039062,769.0769653320312,763.220703125,608,486,790,768,1024,768
299765762,0.8437973260879517,235.02978515625,248.3448486328125,687.1677856445312,521.73486328125,167,207,755,563,1024,768
299858519,0.8081563711166382,70.49771118164062,423.12237548828125,604.2763671875,787.1842651367188,0,368,685,842,768,1024
300800791,0.8792195320129395,37.931488037109375,470.87689208984375,481.3133239746094,865.7300415039062,0,411,548,925,768,1024
302019574,0.8473615050315857,-2.3011093139648438,87.53579711914062,542.3670654296875,928.747314453125,0,0,625,1024,768,1024
303990905,0.6368394494056702,414.2962341308594,299.0744323730469,659.7263793945312,439.8009033203125,377,277,697,461,1024,768
305872302,0.8525708913803101,19.732391357421875,200.27493286132812,951.0609130859375,681.059814453125,0,128,1024,754,1024,910
306997453,0.8931017518043518,60.047515869140625,210.48919677734375,902.4107666015625,736.40625,0,131,1024,768,1024,768
308578159,0.9100759625434875,159.79534912109375,123.35296630859375,423.1124267578125,747.390380859375,120,29,463,841,768,1024
308639762,0.6457759141921997,-0.27138519287109375,133.71429443359375,264.8149719238281,270.8604736328125,0,113,305,292,768,1024
309271227,0.9110936522483826,151.06918334960938,277.1584167480469,740.397216796875,507.3031311035156,62,242,829,542,1024,768
309521954,0.8988890647888184,44.220428466796875,188.9231414794922,1003.6842041015625,650.3306884765625,0,119,1024,720,1024,874
309522428,0.8870274424552917,39.932830810546875,162.57077026367188,975.606689453125,742.147216796875,0,75,1024,830,1024,855
310716334,0.8945987820625305,2.1469101905822754,305.149169921875,662.3930053710938,731.4007568359375,0,241,707,796,707,1024
314080978,0.8756433129310608,221.68966674804688,207.28973388671875,514.9901733398438,764.7753295898438,177,123,559,849,768,1024
315408042,0.888817310333252,43.790016174316406,76.18228149414062,629.50439453125,928.10693359375,0,0,718,1024,768,1024
318319769,0.867295503616333,149.24496459960938,360.4066162109375,559.2064208984375,778.9169921875,87,297,621,842,771,1024
325813493,0.8616514205932617,101.39323425292969,565.3314208984375,499.10455322265625,879.9263916015625,41,518,559,928,768,1024
326455204,0.7959005832672119,168.77157592773438,368.2818298339844,433.7535095214844,967.26708984375,129,278,474,1024,768,1024
326732814,0.8560659289360046,251.94932556152344,305.9611511230469,458.51580810546875,797.234619140625,220,232,490,871,768,1024
326732841,0.8366244435310364,353.78228759765625,382.24761962890625,550.0155029296875,752.8742065429688,324,326,580,809,768,1024
326732874,0.8394178152084351,254.18605041503906,321.9543762207031,521.4898071289062,447.2538757324219,214,303,562,467,768,1024
329229919,0.883895754814148,26.361236572265625,111.02661895751953,999.736083984375,625.4913940429688,0,33,1024,703,1024,768
333418280,0.8784912824630737,201.05801391601562,304.7019348144531,599.2403564453125,919.7879638671875,141,212,659,1013,768,1024
335155389,0.8184615969657898,235.23492431640625,60.49494934082031,678.1719970703125,302.3771667480469,168,24,745,306,1024,306
335180081,0.906514048576355,96.88214111328125,223.7541961669922,943.9548950195312,755.3244018554688,0,144,1024,768,1024,768
335180350,0.8949722647666931,122.04974365234375,193.7608642578125,940.7601928710938,764.9549560546875,0,108,1024,768,1024,768
335753266,0.8749767541885376,22.57493019104004,133.68365478515625,446.04608154296875,798.9638671875,0,33,510,899,576,1024
335769792,0.8630867600440979,180.13320922851562,128.59507751464844,718.2904052734375,433.8193359375,99,82,800,480,1024,576
336725338,0.5361283421516418,228.02291870117188,428.91973876953125,381.1716613769531,469.22265625,205,422,405,476,576,1024
338485358,0.5220159292221069,156.5388641357422,301.41290283203125,418.62750244140625,424.032958984375,117,283,458,443,576,1024
338685690,0.6284186840057373,479.3500061035156,673.7091674804688,1009.628173828125,765.9755249023438,399,659,1024,768,1024,768
339438957,0.8973472714424133,152.50009155273438,150.68307495117188,922.4395751953125,594.951171875,37,84,1024,662,1024,768
339668786,0.8913824558258057,55.8988037109375,40.38036346435547,961.6163940429688,512.4190063476562,0,0,1024,584,1024,683
339671013,0.8884555697441101,78.1510009765625,112.41527557373047,966.153564453125,608.8892822265625,0,37,1024,683,1024,683
342643929,0.8309493064880371,247.9164581298828,168.82403564453125,657.6821899414062,279.7256774902344,186,152,720,297,1024,473
343396661,0.8684273362159729,147.67654418945312,255.68203735351562,618.10205078125,969.42236328125,77,148,689,1024,768,1024
344344278,0.49535059928894043,202.22720336914062,291.804931640625,489.1966552734375,443.9131774902344,159,268,533,467,601,601
344480263,0.8781510591506958,85.44772338867188,108.81967163085938,592.7738037109375,866.46630859375,9,0,669,981,768,1024
344523735,0.7443469166755676,47.76924133300781,319.1632995605469,695.169921875,721.501220703125,0,258,768,782,768,1024
344525459,0.8856592774391174,53.59636688232422,341.00653076171875,660.0767822265625,629.79052734375,0,297,752,674,768,1024
344594214,0.5843615531921387,237.31625366210938,559.4895629882812,278.4458312988281,590.7154541015625,231,554,285,596,1024,682
344988111,0.8418927192687988,120.81282806396484,386.46148681640625,650.498779296875,749.3071899414062,41,332,730,804,768,1024
344990829,0.8990864753723145,73.52101135253906,371.22100830078125,704.3507690429688,703.8283081054688,0,321,768,754,768,1024
344990838,0.8849726319313049,92.65969848632812,302.29705810546875,721.1834106445312,652.8792114257812,0,249,768,706,768,1024
344990984,0.8851312398910522,86.55864715576172,364.1893005371094,618.7498779296875,706.1932373046875,6,312,699,758,768,1024
346917482,0.8408305048942566,48.518798828125,81.00558471679688,163.64295959472656,320.26837158203125,31,45,181,357,220,384
348819100,0.908586323261261,12.52142333984375,169.9842529296875,959.411865234375,622.5858764648438,0,102,1024,691,1024,768
350257668,0.8700242638587952,41.721214294433594,249.5985107421875,912.2691040039062,763.2716064453125,0,172,978,841,978,1024
350859784,0.8787820935249329,27.147796630859375,-0.04408520460128784,985.432861328125,575.3243408203125,0,0,1024,662,1024,673
350860415,0.8280215263366699,66.12690734863281,0.9344401955604553,399.4569396972656,375.09503173828125,16,0,440,427,440,427
354755807,0.863030731678009,190.11907958984375,139.9943389892578,1021.5435180664062,561.3665771484375,65,76,1024,625,1024,701
363599524,0.5288252830505371,117.97856140136719,231.30906677246094,270.4326477050781,347.5039367675781,95,213,294,365,578,1024
365751585,0.8855352401733398,85.68079376220703,360.52044677734375,598.1246337890625,741.2454223632812,8,303,675,799,768,1024
371093070,0.8475135564804077,341.20074462890625,345.1416931152344,519.8385009765625,669.6827392578125,314,296,547,719,768,1024
372431754,0.8236165046691895,115.90110778808594,114.60332489013672,593.7649536132812,342.9957275390625,44,80,666,378,673,505
373756886,0.877718985080719,137.56314086914062,329.32550048828125,367.8423767089844,558.0744018554688,103,295,403,593,771,1024
374521058,0.8165118098258972,444.86322021484375,210.24273681640625,750.5786743164062,317.80487060546875,399,194,797,334,1024,576
376786112,0.44540905952453613,457.5960693359375,272.8564453125,608.6163330078125,388.1337585449219,434,255,632,406,1024,683
377944782,0.9006239771842957,117.9501953125,201.66171264648438,391.0107727050781,824.9534912109375,76,108,432,919,576,1024
379590188,0.898285448551178,-0.6837959289550781,437.06475830078125,499.4140319824219,864.6448364257812,0,372,575,929,576,1024
390121057,0.8736140131950378,114.8902587890625,100.49592590332031,942.5863037109375,634.1339111328125,0,20,1024,715,1024,768
390220384,0.8712884187698364,11.998809814453125,6.2571258544921875,933.689208984375,675.537109375,0,0,1024,768,1024,768
390220405,0.8962754011154175,2.199371337890625,22.06061553955078,968.8330078125,747.322265625,0,0,1024,768,1024,768
391151761,0.877679169178009,59.85255432128906,354.86444091796875,651.0003051757812,724.9856567382812,0,299,740,781,768,1024
391682065,0.9012416005134583,207.15634155273438,270.9447937011719,580.4412841796875,811.90234375,151,189,637,894,768,1024
393090434,0.9120718836784363,123.5545654296875,218.34039306640625,801.1663818359375,560.1590576171875,21,167,903,612,1024,768
393090463,0.9105104207992554,62.25421142578125,222.61697387695312,874.8531494140625,619.0203857421875,0,163,997,679,1024,768
393652741,0.8886024355888367,291.4617614746094,224.574462890625,792.7237548828125,525.6683959960938,216,179,868,571,1024,768
393653438,0.875503420829773,183.1072540283203,423.5273742675781,622.3182983398438,663.0684204101562,117,387,689,699,768,1024
393935559,0.8851721286773682,40.90663146972656,347.4178466796875,752.5972900390625,597.7235717773438,0,309,768,636,768,1024
394855884,0.3992186486721039,97.2573013305664,62.39317321777344,407.425537109375,624.6893920898438,50,0,454,648,635,648
397780201,0.9144005179405212,120.93472290039062,254.63204956054688,789.2755126953125,525.2938842773438,20,214,890,566,1024,768
399936290,0.7886924147605896,305.62835693359375,337.13775634765625,806.0402221679688,628.0611572265625,230,293,882,672,1024,768
404817423,0.28934773802757263,423.34576416015625,303.2704772949219,464.2464599609375,426.2790222167969,417,284,471,445,768,1024
404817642,0.5540269017219543,234.35470581054688,203.38232421875,456.0808410644531,271.22906494140625,201,193,490,282,768,1024
404928029,0.8502651453018188,173.65963745117188,180.7952880859375,564.8104248046875,788.7644653320312,114,89,624,880,768,1024
565967,0.9038458466529846,34.166229248046875,65.34965515136719,1000.876708984375,414.4761047363281,0,12,1024,461,1024,461
1630286,0.9032795429229736,220.76449584960938,172.5084228515625,674.6553955078125,504.1521301269531,152,122,743,554,1024,626
2495758,0.7069292664527893,18.00799560546875,149.48654174804688,928.6046752929688,456.2216491699219,0,103,1024,503,1024,603
4975939,0.9082399606704712,193.5992431640625,212.21951293945312,940.614013671875,562.593505859375,81,159,1024,616,1024,768
6275808,0.8305048942565918,144.48544311523438,201.470703125,1023.1181640625,517.734375,12,154,1024,566,1024,768
10289249,0.8474377989768982,332.142822265625,293.7485046386719,603.8751831054688,726.8878173828125,291,228,645,792,1024,1024
12014295,0.8848757743835449,347.2251892089844,168.57669067382812,764.5552978515625,587.9332275390625,284,105,828,651,1024,683
12082331,0.9188930988311768,203.5771484375,124.50735473632812,862.5076904296875,504.0989685058594,104,67,962,562,1024,684
14461412,0.9183251261711121,94.76690673828125,150.74197387695312,772.9036254882812,474.6435546875,0,102,875,524,1024,576
18004759,0.878051221370697,184.97073364257812,173.2695770263672,808.456787109375,484.001220703125,91,126,902,531,1024,683
18896922,0.8742462396621704,97.65960693359375,220.1158447265625,940.6963500976562,618.820556640625,0,160,1024,679,1024,768
19227304,0.8946337103843689,251.154052734375,140.4793701171875,535.9154663085938,870.495361328125,208,30,579,980,768,1024
27013373,0.9066829681396484,230.40936279296875,190.9366912841797,993.6619262695312,524.0940551757812,115,140,1024,575,1024,691
30030404,0.9103559851646423,117.91873168945312,260.5193786621094,885.2161865234375,511.33978271484375,2,222,1001,549,1024,768
33258507,0.8900496959686279,301.9951477050781,56.35670471191406,782.4163208007812,528.1712646484375,229,0,855,599,909,1024
33302345,0.9051051735877991,110.62725830078125,31.996200561523438,861.6285400390625,334.2258605957031,0,0,975,380,1024,471
38460244,0.8825230002403259,164.50741577148438,211.36968994140625,853.4097900390625,563.2857055664062,61,158,957,617,1024,768
41211351,0.8907570838928223,119.11581420898438,217.5093231201172,784.623779296875,491.2294616699219,19,176,885,533,1024,754
41884193,0.8946283459663391,61.05818176269531,340.0599365234375,464.65692138671875,692.356201171875,0,287,526,746,576,1024
49370864,0.902614414691925,233.76773071289062,220.98883056640625,986.5255126953125,587.6219482421875,120,165,1024,643,1024,768
49692382,0.9099463820457458,228.8734130859375,263.3183898925781,885.43505859375,513.61572265625,130,225,984,552,1024,768
50244633,0.8713319301605225,1.8625035285949707,292.8989562988281,713.4908447265625,787.1089477539062,0,218,750,862,750,1000
50855767,0.9273184537887573,173.3809814453125,267.2040710449219,826.10888671875,533.1729736328125,75,227,925,574,1024,768
53269434,0.9175618290901184,115.57156372070312,255.85488891601562,709.6531982421875,433.0184326171875,26,229,799,460,1024,768
55377585,0.8626465797424316,330.60870361328125,0.498779296875,813.4459838867188,1021.9430541992188,258,0,886,1024,1024,1024
55383028,0.7203627228736877,50.1617431640625,399.9911193847656,538.8528442382812,633.8084716796875,0,364,613,669,768,1024
55386406,0.8824670314788818,39.978973388671875,342.51019287109375,674.6790771484375,636.9332885742188,0,298,768,682,768,1024
57310924,0.909016489982605,142.80792236328125,36.584503173828125,957.2871704101562,492.8678894042969,20,0,1024,562,1024,612
58316008,0.8888813257217407,255.92742919921875,236.93321228027344,902.7799682617188,572.3129272460938,158,186,1000,623,1024,768
58316016,0.8449403047561646,174.96682739257812,129.337890625,573.25390625,892.7655029296875,115,14,633,1008,768,1024
58316028,0.9070597290992737,180.33645629882812,162.2161865234375,720.15380859375,363.75262451171875,99,131,802,394,1024,768
58316065,0.4536570608615875,160.6592254638672,626.2332763671875,355.9951171875,770.0435791015625,131,604,386,792,768,1024
58316072,0.854515790939331,68.60861206054688,108.77674865722656,715.966796875,466.1982421875,0,55,814,520,1024,768
58316081,0.9189812541007996,170.52651977539062,217.521240234375,945.447998046875,552.6626586914062,54,167,1024,603,1024,768
58318843,0.8626155853271484,145.88479614257812,88.61923217773438,538.8909301757812,911.2237548828125,86,0,598,1024,768,1024
58318873,0.8471440672874451,41.28582000732422,382.428955078125,672.020751953125,614.6087646484375,0,347,767,650,768,1024
60805719,0.8287912607192993,296.637939453125,102.09212493896484,678.987548828125,274.668212890625,239,76,737,301,1024,768
61859070,0.6051186323165894,296.1311340332031,503.88043212890625,638.667236328125,609.46875,244,488,691,626,1024,768
63377971,0.8807995319366455,142.5860595703125,138.66677856445312,793.1702880859375,423.13641357421875,44,95,891,466,1024,768
63378012,0.8908437490463257,126.538818359375,133.03695678710938,1009.788330078125,512.3519287109375,0,76,1024,570,1024,768
63378053,0.9178468585014343,148.66970825195312,192.61866760253906,892.8519287109375,596.7550659179688,37,131,1005,658,1024,768
63378086,0.8919995427131653,21.253143310546875,274.55938720703125,710.105712890625,704.625732421875,0,210,768,770,768,1024
63378543,0.6582056879997253,236.5999755859375,173.93505859375,1003.814453125,504.0040283203125,121,124,1024,554,1024,768
63486456,0.9106256365776062,84.7529067993164,359.0150146484375,693.9320068359375,642.2511596679688,0,316,768,685,768,1024
63486473,0.9076894521713257,57.962677001953125,135.38784790039062,931.1588134765625,470.25958251953125,0,85,1024,521,1024,768
63486612,0.9041217565536499,129.00479125976562,459.98907470703125,635.4834594726562,631.1312866210938,53,434,712,657,768,1024
63487451,0.8925495147705078,83.66629028320312,158.5138702392578,819.8800048828125,538.764892578125,0,101,931,596,1024,768
63487505,0.9144194722175598,106.8724136352539,284.7249755859375,756.7783813476562,567.2154541015625,9,242,768,610,768,1024
63487519,0.6946826577186584,78.6312255859375,130.06326293945312,963.3565673828125,528.0474243164062,0,70,1024,588,1024,768
63640933,0.9053446054458618,145.97164916992188,93.01753997802734,970.7415771484375,495.1505432128906,22,32,1024,556,1024,693
63870906,0.8891075849533081,133.79904174804688,214.12802124023438,754.0128173828125,572.30322265625,40,160,848,627,1024,683
63887934,0.8795897364616394,25.895538330078125,38.21455001831055,1006.3485107421875,479.5120544433594,0,0,1024,526,1024,526
64299942,0.8713994026184082,79.01778411865234,120.83567810058594,517.5864868164062,885.8427734375,13,6,528,960,528,960
67031656,0.8792523145675659,5.78741455078125,375.3341369628906,727.9991455078125,763.6221923828125,0,317,768,822,768,1024
67089077,0.8860130906105042,146.21890258789062,353.1214599609375,644.9712524414062,667.1056518554688,71,306,720,715,768,1024
67396394,0.8646591901779175,332.82330322265625,268.66943359375,1024.787109375,604.0654296875,229,218,1024,655,1024,768
72984676,0.8858615756034851,312.57537841796875,313.176025390625,564.3119506835938,389.8699645996094,274,301,603,402,1024,683
74826397,0.8865770697593689,272.30816650390625,311.84368896484375,398.5932312011719,720.4415893554688,253,250,418,782,475,1024
76906559,0.8066774606704712,283.84515380859375,272.07391357421875,685.6333618164062,531.146728515625,223,233,746,571,1024,768
78065215,0.8942570090293884,151.04742431640625,90.88542175292969,1006.9790649414062,438.2203063964844,22,38,1024,491,1024,683
80473608,0.9080744981765747,441.95880126953125,256.72662353515625,649.9342651367188,492.1966552734375,410,221,682,528,1024,768
82288279,0.9023117423057556,142.01873779296875,239.11888122558594,966.5403442382812,661.533447265625,18,175,1024,725,1024,841
85580676,0.8682390451431274,242.3378448486328,179.42178344726562,578.107666015625,906.1947021484375,191,70,629,1016,768,1024
86185396,0.7104578614234924,319.01336669921875,218.29412841796875,573.609375,331.9201354980469,280,201,612,349,1024,578
87309481,0.8302463293075562,68.34654235839844,316.87506103515625,730.1148681640625,657.8282470703125,0,265,768,709,768,1024
87309988,0.910106897354126,131.9481201171875,307.0147399902344,400.46868896484375,871.6214599609375,91,222,441,957,768,1024
91081259,0.9159994721412659,250.61721801757812,165.73593139648438,912.8607177734375,359.74420166015625,151,136,1013,389,1024,576
93359850,0.46941566467285156,36.776702880859375,58.492401123046875,1015.89013671875,575.9695434570312,0,0,1024,586,1024,586
94128808,0.45020806789398193,112.85369110107422,243.91876220703125,603.0225219726562,650.5330810546875,39,182,677,712,768,1024
94128810,0.846311628818512,202.76358032226562,99.79186248779297,755.21875,409.5267333984375,119,53,839,456,1024,768
94587989,0.7919386029243469,377.7193908691406,305.91717529296875,620.457763671875,440.56195068359375,341,285,657,461,1024,768
98037862,0.8339781165122986,230.86361694335938,176.48956298828125,557.9309692382812,322.38531494140625,181,154,607,345,800,499
99332926,0.461235910654068,250.32647705078125,290.69378662109375,745.1906127929688,640.4841918945312,176,238,820,693,1024,768
102076176,0.9051873087882996,42.318695068359375,224.47125244140625,699.3927612304688,833.7363891601562,0,133,768,926,768,1024
102239872,0.8674522042274475,314.93841552734375,363.39886474609375,951.6609497070312,618.8786010742188,219,325,1024,658,1024,768
102932993,0.8648393750190735,155.38121032714844,530.0275268554688,654.9583129882812,995.4518432617188,80,460,730,1024,1024,1024
103203552,0.9012656211853027,32.904083251953125,303.5485534667969,965.8087158203125,651.8771362304688,0,251,1024,671,1024,671
105157089,0.9113754630088806,40.12005615234375,327.7810363769531,961.4993896484375,618.2601318359375,0,284,1024,662,1024,683
113640879,0.8820123672485352,193.22442626953125,8.771575927734375,556.240966796875,977.2615966796875,138,0,611,1024,768,1024
114691079,0.8400017023086548,256.1630859375,87.82986450195312,488.3882141113281,419.93072509765625,221,38,524,470,800,533
118297091,0.8994427919387817,60.58837890625,190.7979736328125,846.5325927734375,524.9421997070312,0,140,965,576,1024,711
120083448,0.8516861796379089,132.67857360839844,449.94573974609375,326.0533142089844,829.6351928710938,103,392,356,887,484,1024
121974367,0.799804151058197,247.5506591796875,316.176513671875,814.5972900390625,560.22900390625,162,279,900,597,1024,768
126459586,0.853802502155304,341.7236022949219,500.4643249511719,469.75286865234375,916.965087890625,322,437,489,980,768,1024
128738841,0.6913961172103882,458.4515686035156,189.2403106689453,649.3508911132812,273.1885986328125,429,176,678,286,1024,683
129068280,0.9134759902954102,92.45538330078125,253.85940551757812,895.0477905273438,590.9654541015625,0,203,1016,642,1024,768
129976549,0.8966324329376221,255.72100830078125,443.930419921875,681.3807983398438,607.891357421875,191,419,746,633,1024,1024
132996712,0.903351902961731,47.06683349609375,146.5309295654297,724.1494140625,533.8240356445312,0,88,826,592,1024,684
136390347,0.37945979833602905,152.5580291748047,342.5302734375,667.4021606445312,533.5720825195312,75,313,745,563,768,1024
137378411,0.6957727670669556,120.46115112304688,400.42620849609375,460.7288513183594,539.2136840820312,69,379,512,561,1024,683
137400800,0.46702513098716736,360.9503173828125,278.875732421875,572.693359375,787.599609375,329,202,605,864,768,1024
138846525,0.9082682728767395,72.9853515625,188.80189514160156,938.507080078125,526.3035278320312,0,138,1024,577,1024,768
139236780,0.8977801203727722,72.2674560546875,355.1946105957031,363.178466796875,881.998779296875,28,276,407,962,768,1024
140340944,0.3940529227256775,0.154998779296875,0.11016565561294556,1023.9652099609375,933.1007690429688,0,0,1024,933,1024,933
140396367,0.858164370059967,80.98123931884766,86.04119873046875,577.5731201171875,869.9076538085938,6,0,576,988,576,1024
144407231,0.8727694749832153,367.8117370605469,62.759422302246094,882.3975830078125,458.3973083496094,290,3,960,518,1024,768
144641003,0.6583757996559143,308.40997314453125,313.3919372558594,694.3057250976562,427.56475830078125,250,296,753,445,1024,721
145820438,0.6909143328666687,78.87060546875,323.242431640625,625.7493286132812,482.1444091796875,0,299,708,506,1024,768
145874919,0.8168479204177856,234.60580444335938,258.2408142089844,792.325439453125,477.6224670410156,150,225,876,511,1024,768
147116570,0.6580201387405396,355.005126953125,369.5516357421875,593.1898803710938,440.11083984375,319,358,629,451,769,1024
149328162,0.9095249772071838,73.39678955078125,376.83782958984375,993.2656860351562,806.1121215820312,0,312,1024,871,1024,1024
150795207,0.871494710445404,212.62042236328125,109.7039794921875,553.1680297851562,961.215576171875,161,0,605,1024,768,1024
150910545,0.8784914612770081,248.37460327148438,61.419189453125,579.175537109375,948.5654296875,198,0,629,1024,768,1024
152316903,0.9114634394645691,86.13681030273438,306.3603820800781,946.2032470703125,676.9676513671875,0,250,1024,733,1024,903
154931215,0.8697726726531982,35.85321044921875,385.9125061035156,918.80078125,920.1796875,0,305,1024,1001,1024,1024
155411972,0.7754148840904236,232.73130798339844,524.003662109375,510.12359619140625,611.4462890625,191,510,552,625,768,1024
156743751,0.7783425450325012,214.70404052734375,82.86141967773438,861.4295043945312,347.29931640625,117,43,959,387,1024,576
159814966,0.5359131693840027,475.75225830078125,264.2378845214844,574.8794555664062,464.34820556640625,460,234,590,495,1024,965
163646070,0.8904973864555359,162.31307983398438,232.5607147216797,930.0927734375,462.341796875,47,198,1024,497,1024,585
165180935,0.9024220108985901,237.55181884765625,160.03936767578125,833.1454467773438,403.5646057128906,148,123,923,441,1024,484
166388456,0.8597355484962463,62.767723083496094,484.3094787597656,557.6371459960938,665.8099365234375,0,457,632,694,771,1024
166509073,0.27871036529541016,63.708702087402344,646.89404296875,666.0963745117188,828.224609375,0,619,757,856,771,1024
170769964,0.8821427822113037,318.103271484375,319.4276123046875,706.7095947265625,448.611572265625,259,300,766,468,1024,771
171890284,0.7965103387832642,429.57318115234375,123.85726165771484,832.6243286132812,520.7952270507812,369,64,894,581,1024,697
175688023,0.45504483580589294,264.8319091796875,805.5344848632812,298.15740966796875,871.7085571289062,259,795,304,882,771,1024
175693881,0.5194838643074036,530.732666015625,465.3802490234375,710.0098876953125,530.7594604492188,503,455,737,541,771,1024
183817111,0.890134871006012,139.17050170898438,532.2045288085938,685.48828125,824.8494262695312,57,488,768,869,768,1024
183949768,0.8817809820175171,142.5438232421875,130.96121215820312,842.2485961914062,936.8656005859375,37,10,948,1024,1024,1024
184662262,0.8893214464187622,206.87481689453125,191.9385986328125,498.18450927734375,1012.168701171875,163,68,542,1024,766,1024
185727836,0.7469413876533508,22.15283203125,536.61767578125,334.8723449707031,671.1192626953125,0,516,382,692,768,1024
190380602,0.8970003128051758,13.030059814453125,49.79368209838867,887.1649169921875,420.77166748046875,0,0,1019,477,1024,575
190490854,0.7247952222824097,169.55914306640625,217.77883911132812,565.7191162109375,378.79290771484375,110,193,626,403,1024,690
192013463,0.9133105874061584,44.948604583740234,303.3651123046875,510.19097900390625,659.0189819335938,0,250,576,713,576,1024
192295052,0.8908277750015259,223.72210693359375,33.264190673828125,596.8932495117188,900.568115234375,167,0,653,1024,768,1024
192295154,0.8336769342422485,107.59980010986328,31.7890625,502.8494567871094,895.5324096679688,48,0,563,1024,768,1024
192434127,0.8646894097328186,56.2843017578125,235.34371948242188,891.7022705078125,443.65814208984375,0,204,1018,475,1024,682
192541944,0.9106874465942383,108.28121948242188,184.3657684326172,883.943115234375,483.8482666015625,0,139,1001,529,1024,664
195898835,0.723026692867279,524.1207885742188,333.1624450683594,754.0747680664062,386.12677001953125,489,325,789,395,1024,683
197763557,0.8403347730636597,98.85597229003906,545.1642456054688,432.4844970703125,662.3322143554688,48,527,483,680,576,1024
197858379,0.7153192162513733,261.69940185546875,241.47409057617188,789.7974243164062,535.3692626953125,182,197,870,580,1024,768
198794761,0.909902811050415,191.97415161132812,174.94468688964844,805.455810546875,614.055419921875,99,109,898,680,1024,895
199759626,0.9126285910606384,93.83721923828125,134.04843139648438,872.0365600585938,485.88507080078125,0,81,989,539,1024,683
201575844,0.8537024855613708,119.64326477050781,407.12872314453125,723.828125,609.255615234375,29,376,768,640,768,1024
203442309,0.7893822193145752,144.81515502929688,49.88865661621094,875.232666015625,398.0011291503906,35,0,985,451,1024,577
203996493,0.9092676639556885,160.69061279296875,144.87022399902344,803.1776733398438,425.0139465332031,64,102,900,468,1024,641
203996782,0.9214923977851868,123.16036987304688,207.05421447753906,767.4068603515625,426.59503173828125,26,174,865,460,1024,650
206712852,0.6635863184928894,173.81430053710938,225.6551971435547,924.739013671875,473.510009765625,61,188,1024,511,1024,768
207537329,0.863354504108429,165.54495239257812,322.5682678222656,644.727294921875,535.2626342773438,93,290,717,568,768,1024
212219546,0.4570150375366211,376.63970947265625,125.62916564941406,629.2811889648438,644.968017578125,338,47,668,683,1024,683
217635972,0.8990605473518372,117.19253540039062,210.75106811523438,602.6002807617188,758.1856689453125,44,128,676,841,768,1024
219278849,0.815816342830658,140.46188354492188,157.1113739013672,996.85205078125,545.9041137695312,12,98,1024,605,1024,703
219560625,0.884402871131897,167.11355590820312,221.4369659423828,777.1004638671875,500.13311767578125,75,179,869,542,1024,722
223075261,0.8516814112663269,399.17779541015625,391.48175048828125,668.8126831054688,529.4552001953125,358,370,710,551,1024,768
223509860,0.8361168503761292,196.59164428710938,213.25714111328125,779.32666015625,437.9450378417969,109,179,867,472,1024,578
225232362,0.8519210815429688,123.0609130859375,306.53753662109375,718.5942993164062,502.2261047363281,33,277,808,532,1024,578
225936431,0.8903095722198486,44.852569580078125,160.92825317382812,961.43994140625,586.2357788085938,0,97,1024,651,1024,768
228842057,0.8066889047622681,384.4117431640625,320.1749267578125,752.754638671875,474.4854431152344,329,297,809,498,1024,683
229029712,0.4776345193386078,522.650634765625,628.5726928710938,750.0791015625,798.7676391601562,488,603,785,825,1024,1024
229202206,0.7472627758979797,201.3448486328125,228.043212890625,811.3348999023438,566.6875610351562,109,177,903,618,1024,683
230049092,0.6280439496040344,247.0432586669922,355.0893859863281,517.4630737304688,726.576904296875,206,299,559,768,1024,768
230693665,0.6801050901412964,600.1932373046875,266.8861083984375,940.5238037109375,433.92724609375,549,241,992,459,1024,768
232270047,0.6279264092445374,143.22964477539062,103.77645874023438,373.3523864746094,560.3040771484375,108,35,408,629,768,1024
232639344,0.7700008749961853,227.62530517578125,200.32386779785156,776.6876220703125,416.3172912597656,145,167,860,449,1024,473
232861330,0.4790332615375519,573.6018676757812,2.089925765991211,852.4241333007812,334.67779541015625,531,0,895,385,1024,577
233711589,0.89873206615448,99.43284606933594,382.477294921875,503.7405090332031,732.0084228515625,38,330,565,785,576,1024
233880761,0.4728552997112274,275.8589782714844,531.6582641601562,1025.0074462890625,760.30078125,163,497,1024,766,1024,766
236871271,0.7965682744979858,245.26968383789062,360.30938720703125,696.2598266601562,751.1620483398438,177,301,764,810,1018,1024
239640087,0.8946510553359985,35.317535400390625,276.9403991699219,995.8070068359375,750.3842163085938,0,205,1024,822,1024,893
243558994,0.34676656126976013,517.273681640625,569.70263671875,618.6427001953125,621.6738891601562,502,561,634,630,1024,683
245744001,0.47958433628082275,76.32749938964844,103.4632568359375,470.2918395996094,944.41015625,17,0,530,1024,577,1024
245744008,0.7949495911598206,138.10763549804688,85.70353698730469,718.72509765625,493.00146484375,51,24,806,555,1024,577
246136628,0.8415942192077637,362.154296875,17.50803565979004,834.177734375,411.174560546875,291,0,905,471,1024,683
247116716,0.5544903874397278,353.86199951171875,270.1000671386719,648.48095703125,467.1500549316406,309,240,693,497,1024,769
247308823,0.7374811768531799,381.480224609375,489.0232238769531,485.37298583984375,710.754150390625,365,455,501,745,768,1024
248197934,0.4284445643424988,319.8499755859375,67.80943298339844,511.16168212890625,274.6643371582031,291,36,540,306,1024,768
248402286,0.9182513356208801,203.1870574951172,353.63238525390625,685.3263549804688,547.54150390625,130,324,758,577,1024,768
249660006,0.42411068081855774,451.37054443359375,15.720962524414062,768.9378662109375,414.74188232421875,403,0,768,475,768,1024
250519009,0.8753829002380371,136.00961303710938,170.46340942382812,716.103515625,319.5196838378906,48,148,804,342,912,544
254210069,0.8655463457107544,199.78314208984375,167.968505859375,723.0974731445312,522.85009765625,121,114,802,577,1024,769
256595905,0.8361300230026245,330.0202941894531,270.559814453125,702.2236328125,457.2706298828125,274,242,759,486,1024,768
256772213,0.5404271483421326,92.34536743164062,312.51202392578125,829.143310546875,684.6212768554688,0,256,940,741,1024,1024
256973845,0.8924160003662109,234.39308166503906,260.146728515625,732.878173828125,471.383056640625,159,228,808,504,1024,768
258028050,0.5793564319610596,149.84591674804688,544.1258544921875,299.3804931640625,665.9595947265625,127,525,322,685,577,1024
260285947,0.8949133157730103,317.9685974121094,129.06900024414062,974.022216796875,406.4879455566406,219,87,1024,449,1024,578
261068884,0.9178650975227356,157.5887451171875,270.5277404785156,922.2401123046875,504.6056823730469,42,235,1024,540,1024,818
261684298,0.8992730379104614,232.71966552734375,215.58229064941406,822.3007202148438,558.7280883789062,144,164,911,611,1024,765
261840901,0.8842329978942871,94.9366455078125,67.08984375,771.1767578125,739.76953125,0,0,873,768,1024,768
262356005,0.43173298239707947,18.77838134765625,28.23509407043457,1018.4929809570312,977.036865234375,0,0,1024,979,1024,979
262834396,0.8963826894760132,185.58096313476562,175.65786743164062,588.1569213867188,1021.1685791015625,125,48,649,1024,768,1024
263221247,0.37777838110923767,0.09906309843063354,146.13323974609375,241.2373046875,289.17974853515625,0,124,278,311,713,1024
263221273,0.88345867395401,278.8312683105469,142.95391845703125,740.416015625,664.5889892578125,209,64,810,743,1024,770
263221310,0.8992119431495667,237.18038940429688,215.71646118164062,823.8685302734375,638.9921875,149,152,912,703,1024,725
263469692,0.8848746418952942,197.64190673828125,187.63253784179688,715.8009643554688,387.0366516113281,119,157,794,417,1024,682
264049543,0.611488401889801,279.5614013671875,230.5611572265625,484.30902099609375,921.6756591796875,248,126,516,1024,771,1024
264629734,0.8363325595855713,422.25384521484375,274.7002258300781,709.8810424804688,523.2978515625,379,237,754,561,1024,768
267878193,0.47206467390060425,115.30694580078125,171.6800994873047,747.61767578125,419.0965576171875,20,134,843,457,1024,683
267886262,0.4141601324081421,96.97299194335938,6.369667053222656,1002.7686767578125,766.9642333984375,0,0,1024,768,1024,768
269652917,0.8020648956298828,396.5597229003906,355.1952209472656,644.6934814453125,799.62646484375,359,288,682,867,1024,939
272184788,0.8683781623840332,189.74847412109375,397.4925842285156,401.1327209472656,792.798095703125,158,338,433,853,576,1024
272224390,0.9216265678405762,90.30374145507812,212.14144897460938,925.819091796875,524.7661743164062,0,165,1024,572,1024,768
272638559,0.9086683392524719,222.88870239257812,59.34173583984375,527.73828125,779.1078491210938,177,0,574,888,768,1024
272998986,0.8873001933097839,56.000701904296875,301.7758483886719,1005.5540771484375,654.5137939453125,0,248,1024,708,1024,768
274360295,0.8156463503837585,328.59564208984375,537.7265014648438,477.91326904296875,826.1388549804688,306,494,501,870,768,1024
274480764,0.6209162473678589,127.49139404296875,347.6172790527344,411.3731994628906,471.48101806640625,84,329,414,491,414,552
275328828,0.8998051285743713,283.4633483886719,80.4476318359375,869.82177734375,316.70831298828125,195,45,958,353,1024,470
275436167,0.6807214617729187,22.099140167236328,14.816657066345215,401.67437744140625,409.71514892578125,0,0,414,417,414,417
276467416,0.92015141248703,74.06988525390625,103.78431701660156,943.9136962890625,642.7640380859375,0,22,1024,724,1024,768
278296016,0.904141366481781,124.97174835205078,133.4183349609375,733.6712036132812,790.9022216796875,33,34,768,890,768,1024
283321595,0.9110257029533386,118.97512817382812,172.45692443847656,899.5238037109375,524.9100952148438,1,119,1017,578,1024,672
283596675,0.9340945482254028,40.174957275390625,243.4769287109375,882.0498046875,490.0604248046875,0,206,1009,528,1024,725
283783080,0.8580051064491272,274.8265686035156,329.9937438964844,495.99517822265625,880.9483642578125,241,247,530,964,768,1024
285569429,0.9255950450897217,23.87164306640625,249.05506896972656,820.7205200195312,592.3630981445312,0,197,941,644,1024,768
286108450,0.8373653292655945,273.197998046875,376.7502746582031,572.701904296875,931.6748046875,228,293,576,1015,576,1024
288169149,0.47217032313346863,1.3216323852539062,400.09735107421875,282.0295104980469,532.7409057617188,0,380,325,553,768,1024
289757999,0.9051855802536011,125.4521484375,99.98072052001953,733.3147583007812,504.33135986328125,34,39,825,565,1024,682
295913777,0.46660593152046204,441.2948913574219,272.78106689453125,550.3365478515625,446.6501159667969,424,246,567,473,1024,683
295913781,0.5283130407333374,98.12882232666016,0.43202441930770874,222.72799682617188,100.75074768066406,79,0,242,116,1024,683
296209471,0.7671753168106079,214.99850463867188,1.729644536972046,583.652587890625,416.8299865722656,159,0,639,480,1024,683
296453077,0.8303966522216797,217.17532348632812,244.8424530029297,872.6343994140625,539.1632690429688,118,200,971,584,1024,768
298408999,0.6569520831108093,154.22695922851562,212.9453887939453,948.710693359375,415.06463623046875,35,182,1024,446,1024,768
302333984,0.738014280796051,247.0957794189453,164.01321411132812,600.7116088867188,349.97637939453125,194,136,654,378,1024,576
308898504,0.8586457967758179,470.87860107421875,225.1295623779297,820.2213745117188,341.65234375,418,207,873,360,1024,683
309412937,0.6767762303352356,339.33258056640625,201.25003051757812,688.5812377929688,820.288818359375,286,108,741,914,1024,1024
310444176,0.5346583127975464,186.12266540527344,243.44671630859375,453.81005859375,332.2890625,145,230,494,346,1024,768
312617670,0.7188097834587097,444.32904052734375,236.8878936767578,624.2951049804688,381.79864501953125,417,215,652,404,1024,577
313229129,0.815053403377533,268.8824462890625,642.1275634765625,470.27655029296875,715.458984375,238,631,501,727,768,1024
313546851,0.7081900835037231,609.0791625976562,292.67169189453125,741.6187133789062,428.48822021484375,589,272,762,449,1024,683
315161644,0.42099136114120483,-0.0030670166015625,91.63607788085938,767.9599609375,1028.3369140625,0,0,768,1024,768,1024
315181545,0.626575231552124,80.05482482910156,85.05343627929688,375.3075256347656,838.2178955078125,35,0,420,952,476,1024
315505539,0.33944621682167053,169.93484497070312,102.87211608886719,755.427490234375,416.29461669921875,82,55,844,464,1024,576
316498381,0.9251242876052856,1.40228271484375,221.66217041015625,780.605224609375,565.9613037109375,0,170,898,618,1024,771
316661579,0.7998831868171692,381.17803955078125,28.924598693847656,760.4963989257812,764.8817138671875,324,0,818,768,1024,768
316843877,0.9106812477111816,230.62442016601562,145.93414306640625,543.75537109375,891.2413940429688,183,34,591,1004,768,1024
317592761,0.8901517987251282,130.18215942382812,0.434173583984375,657.9550170898438,1022.0198974609375,51,0,738,1024,910,1024
320133698,0.4472082853317261,347.5155944824219,281.0845031738281,815.455078125,466.8861999511719,277,253,886,495,1024,744
321828480,0.8414062261581421,106.082275390625,460.19830322265625,454.8495788574219,855.7793579101562,53,400,508,916,771,1024
322096863,0.8757895827293396,82.0203628540039,142.1389617919922,706.8982543945312,424.4505310058594,0,99,801,467,803,570
322574577,0.9203419089317322,97.87551879882812,186.01596069335938,905.1439208984375,418.6975402832031,0,151,1024,454,1024,655
323430932,0.9132652282714844,85.78511810302734,113.13714599609375,585.7251586914062,370.9801025390625,10,74,658,410,658,487
323588777,0.8070039749145508,326.58172607421875,278.7159423828125,546.5175170898438,890.8211669921875,293,186,580,983,768,1024
323763560,0.896683931350708,54.6719970703125,69.98198699951172,991.498291015625,809.0948486328125,0,0,1024,869,1024,869
324026174,0.5818307995796204,301.5431213378906,463.8406982421875,573.1068115234375,966.3297119140625,260,388,614,1024,768,1024
324448516,0.6790006756782532,247.3354034423828,170.0887908935547,728.7362060546875,328.3382873535156,175,146,801,353,1024,461
325627322,0.8884506225585938,63.760459899902344,130.61131286621094,654.6680908203125,346.8018798828125,0,98,730,380,730,428
325862633,0.5963497161865234,118.91571044921875,311.916259765625,768.2302856445312,571.475830078125,21,272,866,611,1024,768
326735228,0.5645447969436646,164.35638427734375,41.18799591064453,850.3997192382812,693.5491943359375,61,0,954,768,1024,768
327639127,0.9197523593902588,184.58645629882812,158.32684326171875,870.8240966796875,476.5184631347656,81,110,974,525,1024,646
328299718,0.9051485657691956,333.7624816894531,281.5906982421875,760.6502685546875,462.58465576171875,269,254,825,490,1024,768
328353908,0.8960479497909546,284.06561279296875,176.2239227294922,1007.5454711914062,625.0347290039062,175,108,1024,693,1024,715
329187206,0.857453465461731,271.6823425292969,94.2503890991211,452.7821350097656,393.9604797363281,244,49,480,439,753,502
330349381,0.9088082313537598,128.28053283691406,474.8136291503906,586.8827514648438,607.4658203125,59,454,656,628,768,1024
330446309,0.9120534658432007,233.51307678222656,135.51376342773438,489.2152404785156,954.2413330078125,195,12,528,1024,768,1024
330808650,0.913535475730896,111.97467041015625,135.8792724609375,830.19482421875,370.48876953125,4,100,938,406,1024,473
331545386,0.8967747688293457,105.91889953613281,363.037353515625,435.71820068359375,817.994873046875,56,294,486,887,576,1024
331629345,0.5312204360961914,201.31845092773438,303.6234130859375,766.560302734375,589.2930908203125,116,260,768,633,768,1024
332759051,0.4454437792301178,-0.4449291229248047,-1.3458251953125,575.3330688476562,991.9486083984375,0,0,576,1024,576,1024
336209152,0.8723971247673035,2.238189697265625,220.7659149169922,804.3819580078125,527.55224609375,0,174,925,574,1024,768
336671858,0.6931655406951904,29.734344482421875,287.1689453125,904.988037109375,571.0863037109375,0,244,1024,614,1024,768
337088240,0.9011644124984741,130.7081298828125,145.19354248046875,400.6779479980469,677.3065185546875,90,65,442,758,577,1024
339262309,0.8775870203971863,16.27023696899414,104.4299087524414,662.9735717773438,570.4075927734375,0,34,720,641,720,714
339561466,0.8671969771385193,362.7955322265625,323.0828552246094,938.0921630859375,483.8919677734375,276,298,1024,509,1024,683
339561467,0.8748670220375061,183.9896240234375,198.87721252441406,822.3123779296875,390.8593444824219,88,170,919,420,1024,683
339561478,0.6858641505241394,268.05548095703125,191.26544189453125,925.6895141601562,563.5975952148438,169,135,1024,620,1024,683
339561485,0.9117699265480042,45.848052978515625,288.70855712890625,788.7958984375,509.8245544433594,0,255,901,543,1024,683
339561504,0.8946810960769653,187.27438354492188,290.2633056640625,1004.208740234375,512.915283203125,64,256,1024,547,1024,683
339979791,0.9095786213874817,189.83151245117188,291.6219787597656,562.1759643554688,813.52880859375,133,213,619,892,768,1024
343395531,0.8021548986434937,307.1523742675781,433.9071960449219,445.6172790527344,727.6806640625,286,389,467,772,768,1024
349989241,0.8310490846633911,267.5372619628906,211.90768432617188,742.3167114257812,637.0438232421875,196,148,768,701,768,1024
351164367,0.3876873850822449,-0.055145263671875,-0.6855926513671875,1023.839599609375,767.2822875976562,0,0,1024,768,1024,768
352709492,0.8136109709739685,302.7217712402344,256.13055419921875,1015.65087890625,619.8868408203125,195,201,1024,675,1024,768
353366624,0.8489164710044861,243.8583526611328,466.2428283691406,434.6793212890625,585.645751953125,215,448,464,604,768,1024
354175775,0.8567215800285339,15.206154823303223,402.2232971191406,427.0138244628906,636.1409912109375,0,367,461,672,461,1024
355298441,0.42188069224357605,256.1335754394531,133.687255859375,668.8956298828125,418.5301513671875,194,90,731,462,1024,576
356194866,0.6994157433509827,187.57730102539062,176.68313598632812,476.9588928222656,1021.5526123046875,144,49,521,1024,768,1024
356489559,0.9056464433670044,158.43429565429688,200.62542724609375,756.7467041015625,565.319091796875,68,145,847,621,1024,765
358147189,0.7095456719398499,328.0308837890625,293.49658203125,745.614990234375,571.9189453125,265,251,809,614,1024,870
358249099,0.7902612090110779,218.11740112304688,490.2969055175781,636.8873291015625,742.505615234375,155,452,700,781,967,1024
360436999,0.910994827747345,72.12646484375,221.08486938476562,969.1826171875,542.3765258789062,0,172,1024,591,1024,768
360437014,0.9040165543556213,74.1795654296875,187.51377868652344,961.19140625,616.6676635742188,0,123,1024,682,1024,768
360437038,0.9119741320610046,69.97711181640625,228.4335479736328,966.8674926757812,541.8428955078125,0,181,1024,589,1024,768
363225081,0.9077315926551819,385.1246032714844,387.822265625,835.1337890625,567.9800415039062,317,360,903,596,1024,768
364946352,0.9210930466651917,32.46253967285156,119.19725036621094,673.449462890625,355.81988525390625,0,83,680,392,680,425
366699913,0.8843789100646973,277.0126647949219,111.58590698242188,596.6537475585938,834.908447265625,229,3,645,944,768,1024
367898947,0.8797197341918945,212.41354370117188,368.37591552734375,572.908447265625,619.3797607421875,158,330,627,658,1024,683
372191007,0.8553569316864014,59.086517333984375,157.6175079345703,806.045166015625,452.9709167480469,0,113,919,498,1024,576
372240762,0.9260419011116028,229.490966796875,285.1839904785156,784.4613647460938,591.7927856445312,146,239,868,638,1024,771
373934883,0.9169430136680603,360.740234375,192.73931884765625,657.7514038085938,915.5420532226562,316,84,703,1024,768,1024
375764613,0.9170098304748535,82.93315887451172,268.670654296875,690.9087524414062,550.1307983398438,0,226,768,593,768,1024
378656591,0.9019091129302979,378.2841491699219,416.2862548828125,582.9329833984375,479.03466796875,347,406,614,489,1024,768
381042201,0.8557341694831848,204.3338623046875,336.80499267578125,665.4307250976562,530.508056640625,135,307,735,560,768,1024
381920991,0.523654580116272,144.45098876953125,288.34521484375,407.7404479980469,446.17572021484375,104,264,448,470,461,1024
382282983,0.8042353987693787,127.79885864257812,167.31005859375,900.8028564453125,510.71466064453125,11,115,1017,563,1024,649
382887935,0.6698211431503296,557.8074951171875,888.7724609375,731.3922119140625,1005.582763671875,531,871,758,1024,768,1024
384278989,0.8807658553123474,252.567626953125,167.74969482421875,584.2386474609375,816.3732299804688,202,70,634,914,768,1024
384594869,0.8662233948707581,247.29615783691406,361.6305236816406,465.00665283203125,458.4473571777344,214,347,498,473,768,1024
384767387,0.9019662141799927,86.94534301757812,212.05178833007812,919.4188232421875,596.1985473632812,0,154,1024,654,1024,768
385570635,0.817304253578186,416.99444580078125,136.5635528564453,667.9103393554688,526.9610595703125,379,78,706,586,1024,683
385691206,0.8933075666427612,170.60052490234375,185.5077667236328,914.9002075195312,496.43572998046875,58,138,1024,544,1024,768
387098468,0.8703097701072693,319.6800537109375,161.85903930664062,601.9743041992188,312.1056213378906,277,139,645,335,1024,577
390760867,0.3096561133861542,248.37603759765625,425.6443176269531,475.4754638671875,483.8651428222656,214,416,510,493,768,1024
392691243,0.9005174040794373,3.129150390625,93.46830749511719,1020.0904541015625,548.3713989257812,0,25,1024,617,1024,682
392880502,0.9082270860671997,52.737876892089844,385.61328125,736.6605224609375,739.9019775390625,0,332,768,794,768,1024
393730006,0.9006093740463257,308.405029296875,206.48883056640625,508.41387939453125,792.3953857421875,278,118,539,881,768,1024
393781902,0.7270194888114929,214.09364318847656,387.9265441894531,765.7376708984375,680.415283203125,131,344,768,725,768,1024
394996187,0.6339474320411682,99.80841064453125,181.8858642578125,380.4295959472656,566.5682373046875,57,124,423,625,720,952
395362374,0.8446401953697205,312.37554931640625,158.3511505126953,726.5663452148438,361.58642578125,250,127,789,393,1024,577
400927897,0.8877634406089783,373.18902587890625,299.63739013671875,664.4317016601562,387.4873962402344,329,286,709,401,1024,605
404188362,0.8438473343849182,298.8726806640625,171.78973388671875,544.4229125976562,806.62646484375,262,76,582,902,683,1024
405741522,0.906406581401825,56.24833679199219,354.3437194824219,527.1297607421875,559.0634155273438,0,323,576,590,576,1024
406248404,0.7492656111717224,219.16566467285156,304.34326171875,476.44183349609375,792.734619140625,180,231,516,866,768,1024
861981,0.8871428370475769,217.7050323486328,360.5797119140625,622.6804809570312,555.868896484375,156,331,684,586,1024,768
3636145,0.8881627321243286,219.41598510742188,163.45802307128906,695.1170654296875,510.72845458984375,148,111,767,563,1024,645
6220525,0.4777045249938965,80.36924743652344,229.42112731933594,116.14898681640625,263.51385498046875,75,224,122,269,576,1024
6922941,0.7964257001876831,83.77920532226562,306.20501708984375,779.3658447265625,501.9815673828125,0,276,884,532,1024,683
7942683,0.8801977634429932,225.71725463867188,159.51513671875,777.0693359375,464.9555969238281,143,113,860,511,1024,576
8004002,0.9093005061149597,77.06916046142578,293.04083251953125,576.3302001953125,722.07763671875,2,228,577,787,577,1024
8082287,0.909693717956543,119.85546875,72.5429458618164,822.9473266601562,454.536376953125,14,15,929,512,1024,576
10385778,0.725557804107666,85.86181640625,165.1793212890625,955.99755859375,378.6463928222656,0,133,1024,411,1024,639
12220633,0.6211373805999756,521.5008544921875,323.776611328125,593.1632080078125,440.10687255859375,510,306,604,458,1024,768
16186671,0.5866517424583435,510.7440185546875,339.6622009277344,981.7430419921875,659.117431640625,440,291,1024,708,1024,724
17727102,0.7916129231452942,331.0169677734375,214.2960968017578,750.931884765625,400.4618835449219,268,186,814,429,1024,676
17761844,0.6971110701560974,445.99737548828125,349.1701965332031,476.04119873046875,374.82977294921875,441,345,481,379,1024,683
19409747,0.7540065050125122,46.932647705078125,532.8594970703125,522.759521484375,659.0142822265625,0,513,595,678,1024,768
19583835,0.8571575284004211,222.35552978515625,153.98524475097656,681.3793334960938,485.0426025390625,153,104,751,535,1024,681
20394092,0.5259246826171875,-1.076934814453125,458.857666015625,745.8653564453125,849.704833984375,0,400,768,909,768,1024
20903342,0.8826166987419128,277.70904541015625,320.484130859375,602.046630859375,421.99993896484375,229,305,651,438,1024,768
20903347,0.7762288451194763,217.3828125,318.46685791015625,655.362060546875,475.14556884765625,151,294,722,499,1024,768
21246111,0.39173784852027893,143.12928771972656,237.19676208496094,506.1398620605469,424.3704833984375,88,209,561,453,768,1024
21386550,0.8225319981575012,413.9665832519531,244.06484985351562,624.584716796875,699.75048828125,382,175,657,768,1024,768
23679983,0.32345789670944214,-0.149383544921875,1.3331422805786133,1023.5093994140625,524.3751220703125,0,0,1024,524,1024,524
24817397,0.8983675241470337,275.0472717285156,344.9903564453125,856.019287109375,476.3453063964844,187,325,944,497,1024,768
25105435,0.8554554581642151,479.30096435546875,150.53958129882812,795.7924194335938,739.8804931640625,431,62,844,768,1024,768
25639933,0.8611370325088501,324.9175109863281,243.2075653076172,609.3246459960938,348.5777587890625,282,227,652,365,800,600
28472745,0.8560133576393127,135.60134887695312,163.50390625,832.6279296875,472.84454345703125,31,117,938,520,1024,683
28684300,0.856008768081665,316.4617919921875,1.3815536499023438,661.8538818359375,641.8853759765625,264,0,714,738,1024,768
35238404,0.8067657351493835,186.82012939453125,228.13388061523438,811.1836547851562,419.6941223144531,93,199,905,449,1024,683
36103958,0.8882924914360046,241.21133422851562,367.87518310546875,575.4447021484375,884.1312866210938,191,290,626,962,768,1024
37944170,0.8785068392753601,36.39324951171875,100.7571029663086,1019.5148315429688,729.7153930664062,0,6,1024,768,1024,768
38177185,0.9022252559661865,1.287445068359375,75.60929107666016,768.822998046875,760.3555908203125,0,0,884,763,1024,763
38410429,0.860897958278656,284.4710693359375,117.40834045410156,806.8201904296875,493.51446533203125,206,60,886,550,1024,768
39047600,0.3397711217403412,0.075439453125,0.0868377685546875,1023.9761962890625,768.0791015625,0,0,1024,768,1024,768
41557393,0.6978148221969604,176.17254638671875,462.1806640625,445.6132507324219,659.391845703125,135,432,487,689,768,1024
43891916,0.4939221739768982,-3.837554931640625,103.70921325683594,905.4967041015625,608.2583618164062,0,28,1024,684,1024,761
50234817,0.6180846691131592,2.06138014793396,230.8153076171875,305.1482849121094,547.8402099609375,0,183,351,596,461,1024
52744533,0.8311653733253479,55.064178466796875,14.697026252746582,978.06005859375,689.0782470703125,0,0,1024,734,1024,734
57500749,0.9097901582717896,99.84164428710938,296.4062805175781,691.45849609375,510.8507995605469,11,264,781,544,1024,768
60171478,0.7042584419250488,437.68292236328125,385.5920104980469,537.7191162109375,440.07037353515625,422,377,553,449,1024,768
60669881,0.8200421333312988,18.812957763671875,186.77462768554688,1001.328369140625,516.8123168945312,0,137,1024,567,1024,683
63245827,0.9051628708839417,59.69464111328125,49.149173736572266,856.682373046875,597.8455200195312,0,0,977,608,1024,608
66365554,0.7487709522247314,64.38931274414062,22.297401428222656,749.9530029296875,369.70428466796875,0,0,853,422,1024,683
67454973,0.9096893072128296,117.01312255859375,187.23330688476562,952.2089233398438,564.3274536132812,0,130,1024,621,1024,768
68192447,0.9023208618164062,219.00677490234375,158.31776428222656,660.4581909179688,339.6201171875,152,131,727,367,1024,648
68603474,0.7740381956100464,224.70420837402344,336.77471923828125,576.6817626953125,481.7881164550781,171,315,630,504,1024,683
69778080,0.7315056920051575,372.4092102050781,144.90638732910156,807.973388671875,489.28363037109375,307,93,874,541,1024,768
71304558,0.7644156813621521,305.3268127441406,558.228515625,459.637451171875,621.1087646484375,282,548,483,631,768,1024
71334483,0.5092904567718506,0.4904937744140625,114.53079223632812,364.4071044921875,314.602783203125,0,84,419,345,1024,768
71395477,0.8963693380355835,206.82937622070312,147.27481079101562,643.0935668945312,880.7596435546875,141,37,709,991,800,1024
71663294,0.7233502864837646,307.20452880859375,494.84002685546875,560.8814086914062,647.4942016601562,269,471,599,671,768,1024
72693402,0.5809087157249451,101.52090454101562,353.093505859375,279.15887451171875,409.6522216796875,74,344,306,419,768,1024
72699942,0.8942013382911682,127.61872100830078,0.18609619140625,618.149169921875,1007.9341430664062,54,0,692,1024,768,1024
73259426,0.8963546752929688,-0.4705810546875,249.22801208496094,919.6319580078125,573.2706909179688,0,200,1024,622,1024,768
73752666,0.7783440947532654,152.23684692382812,127.6118392944336,923.08740234375,574.7367553710938,36,60,1024,642,1024,716
74178424,0.8812470436096191,262.556396484375,-0.15136361122131348,705.2247924804688,654.3964233398438,196,0,772,753,1024,770
75702642,0.7459139823913574,481.6669921875,417.8125305175781,965.3162841796875,612.12353515625,409,388,1024,642,1024,768
77521975,0.872368574142456,140.27828979492188,354.99139404296875,827.3160400390625,538.95947265625,37,327,931,567,1024,890
77522001,0.7664918303489685,173.2717742919922,171.10914611816406,630.114501953125,363.0991516113281,104,142,699,392,940,432
79009713,0.7571200728416443,154.00457763671875,137.89840698242188,684.5750122070312,473.21319580078125,74,87,765,524,1024,683
79259456,0.9168267250061035,104.1954574584961,269.4535217285156,639.730712890625,803.5672607421875,23,189,721,884,768,1024
80039911,0.8872103095054626,7.62078857421875,134.335693359375,1017.4467163085938,590.39404296875,0,65,1024,635,1024,635
80764154,0.8907384872436523,0.4586181640625,220.83169555664062,1022.734619140625,612.431640625,0,162,1024,672,1024,768
81337617,0.8908434510231018,312.37860107421875,194.2742156982422,777.7890014648438,556.140869140625,242,139,848,611,1024,683
87430830,0.8732510805130005,92.09516143798828,112.48971557617188,544.2998046875,977.4111328125,24,0,613,1024,768,1024
89941583,0.9010552167892456,187.42901611328125,180.22434997558594,746.974365234375,402.5177307128906,103,146,831,436,1024,683
95528282,0.9130213260650635,234.41275024414062,295.9840393066406,690.082763671875,506.3612976074219,166,264,759,538,980,653
96497491,0.5937463641166687,290.3451232910156,379.0063171386719,339.8659362792969,458.1446838378906,282,367,348,471,576,1024
97324968,0.8915621042251587,167.68978881835938,498.06494140625,471.0982666015625,1021.1251220703125,122,419,517,1024,577,1024
97787741,0.8937004208564758,80.09996795654297,207.99313354492188,477.7610778808594,917.652099609375,20,101,538,1024,768,1024
101464178,0.40814924240112305,0.145721435546875,22.085763931274414,1023.2374267578125,578.81103515625,0,0,1024,576,1024,576
103276340,0.8995146155357361,249.29754638671875,79.97109985351562,619.330810546875,935.32275390625,193,0,675,1024,801,1024
104527336,0.8654026985168457,110.03213500976562,83.77851867675781,929.9034423828125,464.2182922363281,0,26,1024,522,1024,630
105398234,0.9004642367362976,115.97156524658203,156.17578125,533.595947265625,914.856689453125,53,42,597,1024,768,1024
105484627,0.7956671118736267,78.462890625,172.1865234375,929.2181396484375,531.7847290039062,0,118,1024,586,1024,768
105839058,0.9315216541290283,116.02328491210938,191.89002990722656,959.3232421875,491.5216369628906,0,146,1024,537,1024,683
107250978,0.8418842554092407,68.77452087402344,36.68439865112305,525.841064453125,781.22119140625,0,0,595,824,656,824
107885521,0.7183263301849365,291.00103759765625,264.70037841796875,761.1387329101562,415.4020080566406,220,242,832,439,1024,683
108039893,0.8142074346542358,151.34646606445312,289.21942138671875,814.3035888671875,520.220458984375,51,254,914,555,1024,768
108302776,0.8770464658737183,134.46115112304688,337.62542724609375,591.9320068359375,532.7437744140625,65,308,661,563,768,1024
108719131,0.8690084218978882,165.69668579101562,285.1697692871094,456.31549072265625,506.7353820800781,122,251,500,540,768,1024
108761713,0.8735116124153137,224.6558380126953,198.47828674316406,526.3914184570312,405.8982238769531,179,167,572,438,1024,576
108979744,0.8797101378440857,3.256622314453125,51.915802001953125,1020.17578125,561.595458984375,0,0,1024,639,1024,768
109233201,0.39331522583961487,75.22686767578125,520.5597534179688,618.580322265625,660.3742065429688,0,499,701,682,768,1024
110102873,0.6201318502426147,170.70101928710938,90.308837890625,594.5941772460938,949.5067138671875,107,0,659,1024,768,1024
110152430,0.7539637684822083,383.9609680175781,307.60589599609375,573.6461181640625,380.4727478027344,355,296,603,392,1014,802
110905252,0.7006587982177734,296.63092041015625,239.76043701171875,666.6063842773438,374.33843994140625,241,219,723,395,1024,576
110905255,0.6870310306549072,392.92822265625,431.0307922363281,554.5086669921875,502.11083984375,368,420,579,513,1024,576
110905256,0.658410370349884,287.86492919921875,40.89195251464844,582.0985717773438,306.1479797363281,243,1,627,346,1024,576
110905263,0.6463744044303894,361.2266845703125,64.8350601196289,841.478515625,393.86956787109375,289,15,914,444,1024,576
110905265,0.5518186092376709,454.70599365234375,202.3294219970703,555.488037109375,250.87789916992188,439,195,571,259,1024,576
110976299,0.8534864187240601,91.91585540771484,270.87152099609375,527.6630859375,570.4736938476562,26,225,594,616,768,1024
111806689,0.6689701676368713,351.21527099609375,40.892154693603516,491.58349609375,187.40489196777344,330,18,513,210,1024,768
112605887,0.8961986899375916,134.17489624023438,114.76143646240234,904.3272705078125,430.9888916015625,18,67,1020,479,1024,516
113449245,0.8851838111877441,313.39215087890625,393.0483093261719,618.9424438476562,586.2742919921875,267,364,665,616,768,1024
114397539,0.846603512763977,270.3708801269531,319.8695983886719,712.538330078125,427.4963073730469,204,303,779,444,1024,683
114561619,0.8057094216346741,108.80416870117188,227.4042510986328,452.0466003417969,499.9053039550781,57,186,504,541,1024,685
116896358,0.8905236124992371,140.6436767578125,146.5408172607422,931.950439453125,535.4978637695312,21,88,1024,594,1024,683
118012849,0.5355656743049622,279.7386779785156,91.97193145751953,479.1912536621094,202.99314880371094,249,75,510,220,1024,768
121053639,0.7261609435081482,77.10940551757812,129.51116943359375,1015.8370361328125,555.9677124023438,0,65,1024,620,1024,655
122184579,0.6764667630195618,241.64718627929688,515.4798583984375,675.5257568359375,620.24560546875,176,499,741,636,768,1024
125084290,0.9033368229866028,41.101715087890625,243.31613159179688,1003.986083984375,576.1646728515625,0,193,1024,627,1024,768
126457889,0.6433157324790955,558.17333984375,372.7857666015625,903.9302978515625,574.8287353515625,506,342,956,606,1024,855
140732406,0.9173570275306702,75.82366943359375,216.31195068359375,955.8131713867188,589.8555297851562,0,160,1024,646,1024,771
141232994,0.8697090148925781,210.33416748046875,160.39541625976562,889.9105834960938,449.1850891113281,108,117,992,493,1024,644
144458306,0.8952109217643738,113.21177673339844,32.502105712890625,662.7384643554688,891.62060546875,30,0,746,1021,768,1024
144942743,0.48656126856803894,473.4947509765625,507.492919921875,586.927734375,597.2965087890625,456,494,604,611,1024,768
147007785,0.8458042740821838,255.40565490722656,298.5214538574219,646.644287109375,607.623046875,196,252,706,654,1024,768
148545652,0.8877699971199036,287.3074951171875,79.72356414794922,474.0543212890625,550.891845703125,259,9,503,622,714,626
149603390,0.8642542958259583,208.12246704101562,225.14964294433594,860.98486328125,442.3607482910156,110,192,959,475,1024,683
150503461,0.7981480360031128,102.2169189453125,376.32684326171875,499.4825439453125,745.80078125,42,320,560,768,1024,768
151324401,0.6900890469551086,256.9510498046875,52.959739685058594,470.0669860839844,210.70135498046875,224,29,503,235,768,1024
154229390,0.8451582193374634,22.516876220703125,38.69840621948242,953.8267822265625,395.0492248535156,0,0,1024,449,1024,474
154350460,0.7920611500740051,149.6748809814453,242.03309631347656,441.6507568359375,400.0588684082031,105,218,486,424,1024,576
154352781,0.680491030216217,479.5992431640625,60.119720458984375,873.3262939453125,305.50933837890625,420,23,933,343,1024,576
154459007,0.6904696822166443,94.43753051757812,114.2882308959961,953.3843994140625,391.0608825683594,0,72,1024,433,1024,511
154713146,0.3085750639438629,221.6697998046875,654.994384765625,449.2804870605469,767.0181884765625,187,638,484,784,768,1024
168771572,0.8398544192314148,418.2938537597656,297.79486083984375,669.884521484375,443.9678039550781,380,275,708,466,1024,684
171104134,0.673647403717041,64.28146362304688,23.607894897460938,1023.7216796875,545.9535522460938,0,0,1024,586,1024,586
171105273,0.8694182634353638,92.26285552978516,133.08157348632812,430.635986328125,834.783935546875,41,27,482,941,576,1024
173478149,0.863848865032196,30.278564453125,161.86328125,969.9117431640625,678.818603515625,0,84,1024,757,1024,768
174988965,0.8992922306060791,19.953887939453125,233.84561157226562,1006.8743896484375,706.0538330078125,0,163,1024,777,1024,1024
175597194,0.8825579881668091,202.19528198242188,259.6436462402344,487.4695129394531,740.2808837890625,159,187,531,813,768,1024
185964475,0.9162625074386597,88.248046875,133.41424560546875,856.1817626953125,565.243896484375,0,68,972,631,1024,768
187741036,0.7544751763343811,0.2805290222167969,472.918701171875,506.7950439453125,744.0924072265625,0,432,576,785,576,1024
189890071,0.5586678385734558,97.63839721679688,339.89666748046875,410.5384216308594,607.90087890625,50,299,458,649,473,1024
190435763,0.8949605226516724,81.6307373046875,87.74750518798828,955.0987548828125,610.04248046875,0,9,1024,689,1024,768
191185496,0.8883022665977478,305.7420349121094,130.02572631835938,847.314697265625,548.4256591796875,224,67,929,612,1024,923
194226713,0.9142400622367859,35.358741760253906,395.80517578125,688.8583984375,735.82275390625,0,344,768,787,768,1024
195316662,0.7289842367172241,196.66790771484375,431.2245788574219,547.5232543945312,619.3162841796875,144,403,601,648,768,1024
195375988,0.8754251003265381,188.32266235351562,264.92803955078125,534.7766723632812,851.9242553710938,136,176,587,940,683,1024
196757818,0.9009473323822021,132.56607055664062,164.10284423828125,836.8072509765625,588.7757568359375,26,100,943,653,1024,768
196951430,0.9063639640808105,233.99253845214844,128.25112915039062,554.0177612304688,764.3602294921875,185,32,603,860,768,1024
197976716,0.8753073811531067,29.293838500976562,2.371734619140625,446.49273681640625,1022.9747314453125,0,0,510,1024,512,1024
198789187,0.8372507691383362,308.50213623046875,203.80606079101562,740.3543090820312,501.451904296875,243,159,806,547,1024,768
198936321,0.6106162071228027,231.26358032226562,227.35269165039062,476.83892822265625,382.2639465332031,194,204,514,406,768,1024
199011401,0.8783478736877441,103.2813949584961,430.5648498535156,614.5308837890625,604.6157836914062,26,404,692,631,768,1024
200948669,0.3824395537376404,147.14447021484375,228.4337158203125,381.5995788574219,931.9180908203125,111,122,417,1024,768,1024
200956409,0.5637592673301697,158.5478057861328,167.3499755859375,565.286376953125,1016.3341064453125,97,40,627,1024,691,1024
201987881,0.7774294018745422,417.905029296875,580.3194580078125,760.0267333984375,730.3526611328125,366,557,812,753,1024,768
202561034,0.8968908786773682,208.99671936035156,223.1481170654297,861.1193237304688,579.5368041992188,111,169,959,633,1023,1024
202607536,0.8597017526626587,153.02700805664062,468.8851013183594,691.125244140625,739.8699951171875,72,428,768,781,768,1024
202630768,0.8858551383018494,419.03216552734375,306.006103515625,558.0176391601562,386.0764465332031,398,293,579,399,1024,683
203067669,0.8430540561676025,102.12249755859375,160.37303161621094,785.8941650390625,515.739013671875,0,107,889,570,1024,681
203947157,0.8307862281799316,173.40548706054688,230.47784423828125,885.936767578125,516.132080078125,66,187,993,559,1024,683
204573593,0.46896177530288696,57.64093780517578,391.7738037109375,752.0513305664062,748.34619140625,0,338,768,802,768,1024
204591731,0.6936788558959961,277.95184326171875,592.7140502929688,540.4160766601562,708.6699829101562,238,575,580,727,768,1024
204776665,0.883394181728363,47.8289794921875,32.75323486328125,673.36474609375,1020.8353881835938,0,0,768,1024,768,1024
205140109,0.8139783143997192,87.89898681640625,285.24932861328125,969.5751342773438,715.1852416992188,0,220,1024,780,1024,939
205695132,0.888491690158844,197.35977172851562,404.3360595703125,621.5467529296875,688.3448486328125,133,361,686,731,768,1024
206434758,0.8697545528411865,80.24029541015625,3.2003533840179443,1027.92236328125,585.3129272460938,0,0,1024,673,1024,683
206795974,0.24444374442100525,753.0487060546875,186.92404174804688,870.5618896484375,261.785888671875,735,175,889,274,1024,768
207213369,0.8733106255531311,73.7878189086914,169.519775390625,390.1280822753906,767.5446166992188,26,79,438,858,576,1024
207764727,0.8925909399986267,137.94630432128906,264.2977294921875,580.641357421875,566.508544921875,71,218,648,612,768,1024
208597065,0.7554163336753845,93.31912231445312,388.74774169921875,880.542724609375,645.2960815429688,0,350,999,684,1024,1024
213005812,0.6873013377189636,-0.9273681640625,390.38323974609375,949.3018798828125,660.835205078125,0,349,1024,702,1024,1004
214804383,0.8209983110427856,361.81878662109375,301.9136047363281,749.9921264648438,439.2283630371094,303,281,809,460,1024,768
217128380,0.9102118611335754,134.47845458984375,112.6696548461914,896.6818237304688,494.6933898925781,20,55,1012,552,1024,618
223497583,0.7859463095664978,2.270843505859375,251.80311584472656,697.1270751953125,459.8623962402344,0,220,802,492,1024,682
223711682,0.8450223803520203,36.48455810546875,98.22908020019531,978.81640625,539.6893310546875,0,32,1024,606,1024,675
228209050,0.5812517404556274,158.47128295898438,323.4112548828125,806.1385498046875,704.7545166015625,61,266,904,762,1024,768
228812161,0.7747003436088562,74.55980682373047,377.9739990234375,693.7735595703125,572.03759765625,0,348,737,602,737,983
231920267,0.8769689798355103,170.64418029785156,90.65255737304688,627.34912109375,900.03857421875,102,0,696,1022,768,1024
236732657,0.8330869078636169,211.88058471679688,158.83673095703125,877.5384521484375,386.2761535644531,112,124,978,421,1024,683
242402537,0.9090226888656616,85.12060546875,309.2760009765625,984.2567138671875,756.665283203125,0,242,1024,824,1024,1024
245169123,0.8944492936134338,15.026153564453125,52.59423065185547,987.097900390625,743.820556640625,0,0,1024,768,1024,768
246057729,0.8942368626594543,48.12945556640625,262.9300537109375,991.0780639648438,829.5765380859375,0,177,1024,915,1024,1024
246057801,0.8746166229248047,43.39892578125,287.17913818359375,1014.0084228515625,849.5427856445312,0,202,1024,934,1024,1024
246057939,0.8971441388130188,111.60943603515625,367.1516418457031,918.4060668945312,707.852294921875,0,316,1024,759,1024,1024
246060184,0.9047431349754333,67.92672729492188,277.71087646484375,955.072021484375,870.8086547851562,0,188,1024,960,1024,1024
246845105,0.8828173279762268,9.52716064453125,88.1480941772461,1013.3458862304688,669.1563720703125,0,0,1024,757,1024,768
247843028,0.8859791159629822,80.8916015625,263.46124267578125,955.2039794921875,765.5471801757812,0,188,1024,841,1024,1024
248116906,0.8909313678741455,89.97955322265625,298.9435119628906,935.8544311523438,792.3126220703125,0,224,1024,867,1024,1024
248172968,0.9102472066879272,55.374542236328125,182.87269592285156,920.2840576171875,592.6703491210938,0,121,1024,655,1024,768
248290290,0.9084047079086304,125.73358154296875,338.80029296875,895.7717895507812,721.2247314453125,10,281,1012,779,1024,1024
249265906,0.9184035658836365,89.720458984375,235.42620849609375,938.3363037109375,675.454833984375,0,169,1024,742,1024,768
249267001,0.9056312441825867,37.028350830078125,191.01129150390625,910.6529541015625,621.83740234375,0,126,1024,687,1024,768
249267072,0.8845667839050293,42.55377197265625,77.279296875,969.3035888671875,631.5504150390625,0,0,1024,715,1024,768
249267130,0.8696390390396118,17.49200439453125,169.73350524902344,965.1190185546875,655.3366088867188,0,96,1024,729,1024,768
249267534,0.9130140542984009,59.113555908203125,189.30775451660156,942.2620849609375,608.6632080078125,0,126,1024,672,1024,768
249267558,0.9006755352020264,43.312042236328125,184.1776885986328,961.987060546875,617.2859497070312,0,119,1024,683,1024,768
249267683,0.8904632329940796,44.008514404296875,128.21624755859375,984.7152099609375,668.6744995117188,0,47,1024,750,1024,767
249268043,0.9012025594711304,0.67462158203125,-1.97625732421875,888.6729736328125,1021.7813720703125,0,0,1022,1024,1024,1024
249268178,0.9086138010025024,52.597137451171875,132.35833740234375,950.2294921875,686.3326416015625,0,49,1024,768,1024,768
250016639,0.912885308265686,77.97705078125,200.95545959472656,958.3345947265625,563.558349609375,0,146,1024,618,1024,768
250016669,0.9029903411865234,40.97979736328125,106.98774719238281,911.3447265625,636.4942016601562,0,27,1024,716,1024,768
250016905,0.8837612867355347,0.9084091186523438,96.03204345703125,515.6954345703125,682.8406372070312,0,8,593,771,768,1024
250017139,0.892377495765686,0.837615966796875,-1.006072998046875,773.5484619140625,1022.5306396484375,0,0,890,1024,1024,1024
250017275,0.8982627391815186,-1.1469955444335938,262.4980773925781,650.9058837890625,956.5106201171875,0,158,749,1024,768,1024
250017420,0.8952174186706543,11.52960205078125,90.37520599365234,979.7599487304688,675.4290161132812,0,2,1024,764,1024,768
250021325,0.8933791518211365,35.7520751953125,277.6533508300781,1002.8909912109375,844.0572509765625,0,192,1024,930,1024,1024
250021358,0.8909443616867065,91.52774047851562,286.69512939453125,957.364013671875,733.7052612304688,0,219,1024,801,1024,1024
250021384,0.8497276902198792,90.6358642578125,304.84381103515625,917.1812133789062,747.0419311523438,0,238,1024,814,1024,1024
250198809,0.8989757299423218,0.38043212890625,29.89385986328125,807.5146484375,932.3162841796875,0,0,929,1024,1024,1024
250198974,0.9031018614768982,23.088531494140625,139.34738159179688,960.626220703125,646.0899658203125,0,63,1024,723,1024,768
250498153,0.9096284508705139,66.34918212890625,79.9577865600586,979.0408325195312,730.6885375976562,0,0,1024,829,1024,1007
251953649,0.9010071158409119,20.269546508789062,343.29327392578125,707.6350708007812,701.5479125976562,0,289,768,756,768,1024
254577068,0.9064835906028748,110.75006103515625,331.7906494140625,930.1896362304688,770.712890625,0,265,1024,837,1024,1024
254655270,0.8888073563575745,95.457763671875,313.03863525390625,931.581298828125,761.8361206054688,0,245,1024,830,1024,1024
254655290,0.9023009538650513,59.07330322265625,298.1650085449219,969.3663940429688,798.18310546875,0,223,1024,874,1024,1024
255731607,0.7031337022781372,371.0127258300781,126.6535873413086,665.6033935546875,617.2600708007812,326,53,710,683,1024,683
256320207,0.896178662776947,114.53704833984375,206.16693115234375,937.8956909179688,471.56317138671875,0,166,1024,512,1024,716
256838338,0.9189285039901733,83.78671264648438,230.5089569091797,969.7718505859375,653.6732788085938,0,167,1024,718,1024,768
257887454,0.7527689933776855,311.353515625,394.1299743652344,699.0277099609375,581.1947021484375,253,366,758,610,768,1024
258032296,0.8341366648674011,180.52542114257812,447.2821960449219,471.2630615234375,598.7919921875,136,424,515,622,768,1024
258251729,0.7254303693771362,31.427154541015625,149.97695922851562,807.415283203125,512.6884765625,0,95,924,568,1024,768
258524099,0.8837797045707703,210.6639404296875,23.783416748046875,766.858642578125,994.12939453125,127,0,851,1024,1024,1024
259101512,0.8340171575546265,0.25186213850975037,46.660430908203125,463.1947021484375,880.217529296875,0,0,473,1006,473,1024
259381929,0.725295901298523,381.24322509765625,237.6790008544922,783.3904418945312,377.6770935058594,320,216,844,399,1024,771
260250077,0.6219426989555359,220.56253051757812,237.03805541992188,572.7354125976562,874.1453857421875,167,141,626,970,768,1024
260737805,0.6226946711540222,190.43045043945312,517.8157958984375,414.73406982421875,879.8338623046875,156,463,449,935,768,1024
261780008,0.7497683167457581,237.03427124023438,0.7223959565162659,973.316162109375,566.4181518554688,126,0,1024,578,1024,578
262590864,0.7573248147964478,182.67947387695312,92.50286865234375,733.1240234375,434.857177734375,100,41,816,487,1024,768
262892912,0.8564160466194153,212.74252319335938,405.2531433105469,776.2791748046875,600.2313232421875,128,376,861,630,1024,768
263432196,0.7969145178794861,358.7432556152344,293.053466796875,663.9525146484375,570.8385009765625,312,251,710,613,1024,771
263432200,0.5017740726470947,372.91839599609375,365.03021240234375,720.1924438476562,478.00299072265625,320,348,773,495,1024,771
263823798,0.8615501523017883,129.27960205078125,94.05170440673828,926.0643920898438,583.0725708007812,9,20,1024,601,1024,601
263920596,0.9153794050216675,45.757850646972656,103.323974609375,515.0462036132812,857.6708374023438,0,0,586,971,768,1024
264807930,0.9032884836196899,168.35150146484375,255.79946899414062,787.1509399414062,443.24151611328125,75,227,880,472,1024,768
265214429,0.8798008561134338,181.50436401367188,164.5708465576172,850.1324462890625,539.9601440429688,81,108,951,597,1024,768
265215830,0.8869888186454773,135.33758544921875,170.64633178710938,887.6051635742188,647.16162109375,22,99,1001,719,1024,768
265467482,0.6619445085525513,129.79916381835938,415.6329040527344,618.3924560546875,624.76611328125,56,384,692,657,768,1024
265636764,0.512844979763031,319.3575134277344,251.4105224609375,696.4661254882812,659.6898803710938,262,190,754,721,894,1024
265728591,0.8815182447433472,127.81478881835938,315.67822265625,913.6387939453125,774.0731201171875,9,246,1024,843,1024,1024
266618243,0.7606331706047058,470.9557800292969,276.88812255859375,701.3292846679688,398.70806884765625,436,258,736,417,1024,683
266664430,0.8787254095077515,124.56182861328125,328.30120849609375,901.5986938476562,776.9700317382812,8,261,1019,845,1024,1024
266846537,0.8477620482444763,136.64410400390625,228.08847045898438,829.3930053710938,533.883056640625,32,182,934,580,1024,683
267222432,0.5750333070755005,214.8868408203125,244.91514587402344,660.8831787109375,604.1746826171875,147,191,728,659,768,1024
273372868,0.7349108457565308,450.5836181640625,331.89794921875,671.6513671875,414.8387756347656,417,319,705,428,1024,683
273629629,0.8627167344093323,330.737060546875,94.6292724609375,607.2472534179688,632.0718383789062,289,14,649,713,1024,768
274194338,0.7268970012664795,218.7080078125,494.6806640625,574.778076171875,626.254150390625,165,474,629,646,719,1024
277634077,0.6210595369338989,421.3011779785156,638.98095703125,492.0280456542969,707.102294921875,410,628,503,718,1024,768
281172362,0.8878910541534424,245.36953735351562,90.55986785888672,940.4617919921875,541.0888671875,141,22,1024,609,1024,678
286017645,0.9028696417808533,95.32073974609375,118.74947357177734,808.5296630859375,587.437255859375,0,48,916,658,1024,734
286172106,0.9133293032646179,50.409942626953125,283.35784912109375,777.1636962890625,636.8486328125,0,230,887,683,1024,683
286189047,0.3767373859882355,223.08865356445312,633.369873046875,599.272705078125,899.4058837890625,166,593,656,940,1024,1024
286363538,0.9153846502304077,35.539825439453125,166.1226043701172,899.6112060546875,534.199462890625,0,110,1024,590,1024,683
287350365,0.8782131671905518,3.4651107788085938,21.5406494140625,618.1314697265625,1020.2587890625,0,0,711,1024,768,1024
289305004,0.7201697826385498,44.32050323486328,248.65264892578125,153.81565856933594,323.9543151855469,27,237,171,336,304,480
289716996,0.8627858757972717,71.03254699707031,71.46005249023438,329.353271484375,433.16510009765625,32,17,369,480,387,480
291044982,0.8782997131347656,258.3561706542969,154.03257751464844,786.728515625,586.4224853515625,179,89,866,652,1024,768
291045000,0.9015914797782898,62.97894287109375,202.13987731933594,994.5342407226562,571.6417846679688,0,146,1024,628,1024,768
291263293,0.755017101764679,222.03311157226562,191.84352111816406,851.36669921875,520.3789672851562,127,142,946,570,1024,683
292356215,0.3822578191757202,218.15225219726562,125.8104019165039,818.3414306640625,520.8385009765625,128,66,909,581,1024,683
294875665,0.9078828692436218,27.854461669921875,155.6580047607422,1006.46337890625,555.0682373046875,0,95,1024,615,1024,768
296136934,0.8639115691184998,32.8179931640625,78.5462646484375,617.284423828125,719.2860717773438,0,0,705,751,1024,751
299515000,0.8862111568450928,455.28729248046875,351.4463806152344,873.7481079101562,561.7335205078125,392,319,937,594,1024,769
299772779,0.9103063941001892,80.88690185546875,208.72625732421875,738.83203125,533.9999389648438,0,159,838,583,1024,683
306351867,0.4536367356777191,103.69192504882812,13.948142051696777,207.18356323242188,224.4620819091797,88,0,223,234,312,234
308761244,0.3353757858276367,76.02621459960938,178.3239288330078,893.44287109375,500.387451171875,0,130,1017,549,1024,683
312496565,0.518339991569519,117.09063720703125,151.16375732421875,832.4481811523438,470.87945556640625,9,103,940,519,1024,567
317175504,0.9018746018409729,248.86044311523438,282.00537109375,799.0989990234375,567.3068237304688,166,239,882,611,1024,768
317235331,0.884756863117218,281.88641357421875,213.06983947753906,690.7926025390625,330.32037353515625,220,195,753,348,1024,577
322109058,0.8885091543197632,6.909965515136719,546.1685180664062,643.84033203125,804.2542114257812,0,507,740,843,768,1024
324912047,0.89650958776474,103.306884765625,287.76080322265625,944.6346435546875,776.4725952148438,0,214,1024,850,1024,1024
324912479,0.8875164985656738,107.91885375976562,300.7530212402344,920.08056640625,792.7392578125,0,226,1024,867,1024,1024
325110196,0.900107741355896,61.607818603515625,294.36480712890625,954.3714599609375,727.4321899414062,0,229,1024,793,1024,1024
327476456,0.3873444199562073,453.8650207519531,237.4786834716797,754.3055419921875,349.009521484375,408,220,800,366,1024,768
327728111,0.8104649186134338,161.61846923828125,385.82806396484375,398.5513000488281,581.4472045898438,126,356,435,611,768,1024
329219455,0.8698659539222717,0.57745361328125,122.30374908447266,807.1039428710938,544.29443359375,0,59,929,608,1024,683
332667640,0.6647005081176758,32.965599060058594,564.2640991210938,540.834716796875,688.3572387695312,0,545,618,707,768,1024
332870680,0.541467547416687,398.7531433105469,185.43675231933594,774.983642578125,350.4082336425781,342,160,832,376,1024,683
333298796,0.8812669515609741,324.12298583984375,269.20458984375,876.7073364257812,496.3741455078125,241,235,960,531,1024,681
333459159,0.777717649936676,292.7373962402344,119.13822174072266,911.934814453125,515.8176879882812,199,59,1005,576,1024,683
333676256,0.878237247467041,165.08016967773438,64.07774353027344,962.8995361328125,481.81884765625,45,1,1024,545,1024,683
334499061,0.7551047205924988,411.695068359375,318.7658996582031,534.4093017578125,507.3280334472656,393,290,553,536,838,1024
334641207,0.8636379837989807,140.33853149414062,341.64190673828125,426.5945739746094,775.5497436523438,97,276,470,841,769,1024
335842094,0.7707837224006653,473.95880126953125,456.1246337890625,743.1648559570312,686.0303955078125,433,421,768,721,768,1024
336187826,0.9130104780197144,93.3358154296875,108.9107666015625,702.95263671875,570.8948364257812,1,39,795,641,1024,768
337946891,0.9138382077217102,121.94442749023438,209.39796447753906,909.32177734375,567.8372802734375,3,155,1024,622,1024,813
338337058,0.7906347513198853,428.1004638671875,263.5137634277344,546.002197265625,391.3592224121094,410,244,564,411,1024,683
339164466,0.9187938570976257,38.12091064453125,402.004150390625,560.3833618164062,645.4720458984375,0,365,576,682,576,1024
339663586,0.8677244186401367,286.6141357421875,281.5727844238281,683.961669921875,458.6340026855469,227,255,744,486,1024,698
340115906,0.8572291731834412,200.4004669189453,4.555303573608398,602.2150268554688,681.29345703125,140,0,663,683,1024,683
341277433,0.5565141439437866,170.32627868652344,208.22227478027344,655.7191772460938,443.40716552734375,97,172,729,479,1024,683
341590753,0.9095962643623352,243.63357543945312,77.95758819580078,914.0025634765625,597.73974609375,143,0,1015,676,1024,768
341663333,0.4912818372249603,285.3029479980469,284.260986328125,642.9337158203125,759.7830810546875,231,212,697,832,768,1024
343383996,0.5057434439659119,-0.16266632080078125,673.7349243164062,290.2544250488281,995.7559204101562,0,625,334,1024,768,1024
343409729,0.7854321599006653,183.2248077392578,542.4532470703125,582.9287109375,754.3409423828125,123,510,643,787,768,1024
343923420,0.46021708846092224,555.1104736328125,650.2059936523438,633.6234130859375,681.4722290039062,543,645,646,683,1024,683
345577612,0.8486390113830566,122.51717376708984,273.0332946777344,667.83642578125,835.4427490234375,40,188,750,920,839,1024
349431901,0.8957163691520691,268.8656005859375,177.20840454101562,642.200439453125,905.66064453125,212,67,699,1015,768,1024
349627535,0.8896923065185547,35.284423828125,321.77691650390625,627.5604858398438,670.8370971679688,0,269,717,724,768,1024
349880448,0.883873462677002,142.85400390625,251.41427612304688,1003.72509765625,743.2578125,13,177,1024,768,1024,768
350260941,0.8960476517677307,260.1297607421875,204.37713623046875,862.2732543945312,906.8366088867188,169,99,900,1013,900,1024
350606774,0.9159358739852905,205.54685974121094,7.05145263671875,679.2357177734375,942.540283203125,134,0,751,1024,790,1024
351032890,0.9115920662879944,36.81982421875,175.1665802001953,994.2952880859375,510.4257507324219,0,124,1024,561,1024,683
351683009,0.7717531323432922,449.33746337890625,150.0379180908203,633.6598510742188,518.6356811523438,421,94,662,574,768,1024
351850446,0.9064964056015015,106.85751342773438,311.52374267578125,949.4520263671875,781.4866333007812,0,241,1024,852,1024,1024
355185253,0.8874655961990356,258.97442626953125,508.92230224609375,493.16351318359375,583.6172485351562,223,497,529,595,768,1024
355185528,0.7545804977416992,375.278564453125,457.99560546875,498.97552490234375,505.73992919921875,356,450,518,513,768,1024
364538263,0.7499967813491821,0.223114013671875,0.3011520206928253,1023.3074951171875,682.9193725585938,0,0,1024,683,1024,683
364655960,0.8599333167076111,281.58514404296875,202.84335327148438,674.427001953125,809.69775390625,222,111,734,901,768,1024
365274381,0.8886280655860901,89.76362609863281,104.59070587158203,835.4501953125,531.2321166992188,0,40,948,596,974,596
366165456,0.7457520961761475,243.3365936279297,429.73828125,573.9390258789062,562.4762573242188,193,409,624,583,768,1024
367918299,0.4788508117198944,256.8783874511719,111.35691833496094,559.3931884765625,247.4718017578125,211,90,605,268,1024,768
369102354,0.8779031038284302,115.21845245361328,295.16473388671875,597.56884765625,632.2197875976562,42,244,670,683,768,1024
372111311,0.8693678975105286,58.6092529296875,51.4211540222168,681.3314819335938,343.6891174316406,0,7,775,388,848,636
372111460,0.9062302112579346,122.88111114501953,104.95117950439453,743.8348999023438,458.2198791503906,29,51,837,512,848,636
372316064,0.3694159686565399,130.32720947265625,188.02667236328125,855.5113525390625,541.56201171875,21,134,965,595,1024,684
373509581,0.5452182292938232,135.23281860351562,364.73907470703125,343.5411071777344,496.11322021484375,103,345,375,516,576,1024
381985630,0.9195919632911682,142.39346313476562,119.9853286743164,817.7901611328125,508.771240234375,41,61,920,568,1024,576
392528355,0.8232645392417908,137.0612335205078,399.630615234375,514.7151489257812,567.253173828125,80,374,572,593,768,1024
894041,0.4813444912433624,302.85174560546875,4.8315110206604,510.93157958984375,208.71409606933594,271,0,512,240,512,342
11758012,0.33845990896224976,0.289093017578125,44.425071716308594,1023.7301025390625,764.4871215820312,0,0,1024,768,1024,768
18711424,0.38380324840545654,-0.063629150390625,-1.2453460693359375,1023.713134765625,766.7355346679688,0,0,1024,768,1024,768
18711425,0.4124486744403839,0.873138427734375,0.7615127563476562,1022.4725341796875,768.6278686523438,0,0,1024,768,1024,768
18718995,0.49459150433540344,163.04200744628906,456.3393859863281,501.86871337890625,564.5654296875,112,440,553,581,972,637
19122824,0.6097099781036377,442.24151611328125,159.85537719726562,755.2526245117188,331.09124755859375,395,134,803,357,1024,768
26230028,0.5741337537765503,347.9833679199219,1.7112541198730469,531.6104736328125,123.24848937988281,320,0,560,142,768,1024
34227493,0.8890985250473022,2.642669677734375,57.59679412841797,434.9079895019531,296.5115661621094,0,21,500,310,552,310
37886428,0.877614438533783,67.71269989013672,375.281005859375,764.7874755859375,859.957275390625,0,302,768,933,768,1024
38141738,0.37522315979003906,0.09835052490234375,51.60960388183594,123.66368103027344,163.89114379882812,0,34,143,181,1024,683
53693691,0.9012948274612427,304.8494873046875,305.9646301269531,561.226806640625,1002.7572021484375,266,201,600,1024,768,1024
54707970,0.6812593340873718,287.32000732421875,97.75360107421875,683.4046630859375,485.67938232421875,227,39,743,544,1024,683
56005790,0.7969689965248108,229.86483764648438,162.3685760498047,397.6106262207031,255.07664489746094,204,148,423,269,640,480
68526697,0.8939880132675171,60.856689453125,47.80356216430664,973.9404296875,496.03485107421875,0,0,1024,564,1024,580
69243858,0.913098931312561,37.868927001953125,61.926849365234375,557.0549926757812,285.34478759765625,0,28,589,319,589,442
69779631,0.6072754859924316,0.4193267822265625,483.8907470703125,298.81939697265625,685.714599609375,0,453,344,689,1024,689
78974557,0.9082255363464355,168.8046875,107.53253173828125,404.7660827636719,950.3651733398438,133,0,441,1024,768,1024
81169440,0.9092961549758911,6.89654541015625,104.93749237060547,846.1846313476562,456.6842956542969,0,52,973,510,1024,576
86040002,0.7653843760490417,128.91989135742188,61.725372314453125,602.4566040039062,836.21533203125,57,0,674,953,768,1024
98947250,0.4173680245876312,89.55657958984375,403.09307861328125,667.338134765625,678.9557495117188,2,361,755,721,1024,768
103126129,0.6939437985420227,-1.8036956787109375,284.619384765625,416.6558837890625,412.6119384765625,0,265,480,432,1024,576
103126152,0.9303248524665833,207.96563720703125,150.00531005859375,924.4555053710938,421.1851501464844,100,109,1024,462,1024,578
103802099,0.8978824019432068,43.2891845703125,221.54425048828125,952.1240844726562,658.1708984375,0,156,1024,724,1024,768
104205607,0.619748055934906,250.01898193359375,253.6859893798828,470.60186767578125,338.4884948730469,216,240,504,352,1024,768
104750294,0.9009425044059753,48.891815185546875,139.6654510498047,1008.4285888671875,586.077880859375,0,72,1024,654,1024,744
107931474,0.7538628578186035,34.903839111328125,83.3707275390625,980.956787109375,383.2509460449219,0,38,1024,429,1024,793
108724980,0.5530193448066711,218.93548583984375,-1.7938463687896729,750.0518798828125,482.6182861328125,139,0,754,503,754,503
109143764,0.9153342247009277,300.0227966308594,203.3675079345703,857.685302734375,458.9428405761719,216,165,942,498,1024,578
115381399,0.48982545733451843,826.7743530273438,598.5875854492188,1022.1560668945312,696.7674560546875,797,583,1024,712,1024,768
119980046,0.8385372161865234,211.24365234375,409.90972900390625,567.0559692382812,1025.364990234375,157,317,576,1024,576,1024
123500625,0.577066957950592,46.52764892578125,170.89422607421875,820.6265869140625,477.053955078125,0,124,937,523,1024,617
131292049,0.8363310694694519,431.017333984375,438.36907958984375,622.82177734375,525.1953125,402,425,652,539,1024,768
131845401,0.6048232316970825,87.25637817382812,96.93506622314453,944.376953125,444.6681213378906,0,44,1024,497,1024,683
132398873,0.9161176681518555,359.99822998046875,222.9305419921875,728.8490600585938,601.3408203125,304,166,785,659,1024,683
132495545,0.7338320016860962,113.5234375,445.7705078125,374.17852783203125,558.4796752929688,74,428,414,576,1024,768
132551178,0.8987239003181458,176.0408935546875,268.40435791015625,969.1561279296875,516.4188842773438,57,231,1024,554,1024,683
132953717,0.44188621640205383,587.5556640625,75.09967803955078,1018.469482421875,318.4070739746094,522,38,1024,355,1024,683
133047473,0.45652586221694946,134.05422973632812,82.45252990722656,849.0828857421875,670.8263549804688,26,0,957,683,1024,683
136116402,0.9112542271614075,165.5738983154297,98.72772216796875,592.9401245117188,952.9960327148438,101,0,658,1024,768,1024
136116767,0.9054752588272095,205.83840942382812,23.082672119140625,587.287109375,977.1611328125,148,0,645,1024,768,1024
136134837,0.9156418442726135,141.99423217773438,218.012451171875,755.8065185546875,472.5809020996094,49,179,848,511,1024,766
137812751,0.8179493546485901,318.5714111328125,244.70880126953125,873.4053955078125,429.55523681640625,235,216,957,458,1024,768
138622805,0.6968454718589783,513.4591064453125,494.1773376464844,863.52001953125,621.1420288085938,460,475,917,641,1024,663
140517782,0.670275866985321,311.4322204589844,230.75709533691406,858.128173828125,389.21893310546875,229,206,941,413,1024,683
144401045,0.7766519784927368,413.01123046875,302.239501953125,885.1824951171875,463.8069763183594,342,278,957,489,1024,758
144411478,0.7691447734832764,91.92767333984375,265.33624267578125,913.6806640625,628.4733276367188,0,210,1024,683,1024,790
146122327,0.48097994923591614,1.1436233520507812,546.9549560546875,112.4188003540039,647.6404418945312,0,531,130,663,1024,683
146465947,0.7200750112533569,0.679473876953125,106.69143676757812,1020.136962890625,520.690673828125,0,44,1024,583,1024,768
147062836,0.6458222270011902,0.6530914306640625,345.1999816894531,128.1168670654297,492.5853271484375,0,323,148,515,1024,768
147062846,0.5016430020332336,243.48367309570312,54.6547737121582,455.1274719238281,112.11257934570312,211,46,487,121,1024,768
148513797,0.6440415978431702,415.5365295410156,157.10791015625,617.0513916015625,473.6571350097656,385,109,648,522,1024,686
148523598,0.8848173022270203,12.621185302734375,190.20867919921875,788.0654296875,545.7926635742188,0,136,905,600,1024,768
148523760,0.8341866135597229,100.66482543945312,232.458251953125,832.2625732421875,583.1419677734375,0,179,943,636,1024,768
149380705,0.8881545066833496,233.39012145996094,369.31719970703125,705.0430908203125,516.990478515625,162,347,768,540,768,1024
149416300,0.8063263297080994,272.35015869140625,508.81561279296875,532.042236328125,651.8591918945312,233,487,571,674,768,1024
149557044,0.9086576104164124,34.6363525390625,249.44091796875,995.3319091796875,563.58837890625,0,202,1024,611,1024,768
149557107,0.9168723225593567,97.22024536132812,311.806396484375,958.5374755859375,573.8665161132812,0,272,1024,614,1024,768
149680952,0.38610538840293884,-0.078582763671875,1.001220703125,1023.7857666015625,768.9935302734375,0,0,1024,768,1024,768
150133005,0.6571115851402283,457.98211669921875,275.8493347167969,751.6803588867188,373.0607604980469,413,261,796,388,1024,575
152320336,0.9132323265075684,158.5211181640625,129.6848602294922,861.146484375,498.0682067871094,53,74,967,554,1024,576
152320523,0.9049070477485657,39.90423583984375,22.00638771057129,1004.5036010742188,505.27166748046875,0,0,1024,576,1024,576
154436559,0.5836923122406006,3.51129150390625,156.494873046875,366.1172180175781,316.23126220703125,0,132,421,341,1024,768
156232515,0.9120069742202759,42.826141357421875,71.40412902832031,990.022705078125,589.5219116210938,0,0,1024,668,1024,680
159812805,0.5272628664970398,180.18606567382812,469.155029296875,661.3184814453125,743.6058349609375,108,427,734,768,1024,768
159812825,0.4003671705722809,-0.109466552734375,-1.6131839752197266,1022.5570068359375,988.2156982421875,0,0,1024,992,1024,992
159812839,0.7462102770805359,38.216552734375,4.864271640777588,582.3450927734375,230.43370056152344,0,0,664,242,1024,242
159814963,0.4539845287799835,28.091751098632812,193.15505981445312,298.877197265625,717.368408203125,0,114,340,797,1024,1003
161397632,0.4798661470413208,0.77362060546875,0.19983530044555664,958.8655395507812,706.3611450195312,0,0,960,720,960,720
161412056,0.3771606385707855,3.379486083984375,2.3896121978759766,1019.6282958984375,578.0905151367188,0,0,1024,576,1024,576
162675573,0.6584646701812744,73.36843872070312,277.8377380371094,613.813232421875,384.7363586425781,0,261,695,401,1024,680
162850211,0.354600191116333,622.2234497070312,897.7091674804688,763.8585815429688,960.6067504882812,600,888,768,971,768,1024
164968137,0.9151091575622559,40.891021728515625,218.9784698486328,983.6307373046875,538.915283203125,0,170,1024,587,1024,758
166387984,0.8781065344810486,1.8653897047042847,461.93597412109375,734.4879760742188,759.3027954101562,0,417,771,804,771,1024
167811271,0.3970594108104706,180.7388916015625,305.96148681640625,882.763916015625,624.3318481445312,75,258,989,673,1024,768
168953915,0.9081495404243469,219.2431182861328,124.0777587890625,459.705322265625,828.4388427734375,183,18,496,935,768,1024
169296136,0.47379088401794434,5.764366149902344,8.313812255859375,652.8737182617188,947.359619140625,0,0,750,1024,768,1024
170368315,0.39840051531791687,-0.3355712890625,2.2877655029296875,1023.3433837890625,770.2183227539062,0,0,1024,768,1024,768
173760548,0.8417845964431763,80.09927368164062,177.3967742919922,979.784912109375,529.7205200195312,0,124,1024,583,1024,768
176086427,0.35855039954185486,471.7955322265625,507.93170166015625,663.2706298828125,611.5140991210938,443,492,692,628,1024,768
176369641,0.7451055645942688,216.91439819335938,446.6316833496094,867.40380859375,709.91748046875,119,407,965,750,1024,768
179613985,0.47461211681365967,277.25,437.62396240234375,379.06005859375,618.0086059570312,261,410,395,646,768,1024
181851795,0.5284245610237122,131.97158813476562,11.037683486938477,381.6542663574219,185.06814575195312,94,0,420,212,1024,768
181856764,0.5628746151924133,249.73658752441406,111.98385620117188,567.74462890625,943.6380615234375,202,0,616,1024,768,1024
182603013,0.5102246999740601,168.34246826171875,186.76919555664062,929.7741088867188,853.7470703125,54,86,930,954,930,1024
183052532,0.44199877977371216,802.5930786132812,172.3242950439453,1018.0446166992188,248.14247131347656,770,160,1024,260,1024,683
184360540,0.7886428833007812,44.59844970703125,147.73138427734375,1014.2514038085938,572.24951171875,0,84,1024,636,1024,768
184750399,0.607901394367218,5.35260009765625,34.32122039794922,1003.2882690429688,431.70697021484375,0,0,1024,492,1024,576
184751468,0.6760576367378235,140.27078247070312,137.0917510986328,609.2941284179688,291.4421691894531,69,113,680,315,712,447
185094627,0.46335989236831665,199.22320556640625,37.37042999267578,872.3215942382812,743.539794921875,98,0,974,768,1024,768
187138226,0.3794969618320465,185.37295532226562,141.5203399658203,936.3260498046875,422.2822570800781,72,99,1024,465,1024,683
188459076,0.4448400139808655,99.01559448242188,491.813232421875,206.57254028320312,531.7313842773438,82,485,223,538,768,1024
191537221,0.441728413105011,247.1497344970703,71.82298278808594,546.3510131835938,206.2441864013672,202,51,592,227,1024,683
194048669,0.530027449131012,766.4346313476562,83.46294403076172,840.6138305664062,128.58164978027344,755,76,852,136,1024,683
195000757,0.8705188632011414,313.7442626953125,328.4964294433594,626.4462890625,392.98309326171875,266,318,674,403,1024,683
195669633,0.33977025747299194,616.4517211914062,35.58536911010742,830.9057006835938,140.038818359375,584,19,864,156,1024,684
196722363,0.4935966432094574,561.9140014648438,303.67034912109375,1021.1887817382812,706.5441284179688,493,243,1024,767,1024,768
197238576,0.5246037244796753,343.6294250488281,522.5245361328125,497.8491516113281,557.139892578125,320,517,521,563,1024,683
197971747,0.8537221550941467,283.18115234375,192.92779541015625,565.0868530273438,982.0637817382812,240,74,608,1024,768,1024
198119301,0.9259757399559021,144.24398803710938,279.91461181640625,908.47900390625,495.2032470703125,29,247,1024,528,1024,768
200055784,0.6544972062110901,209.2415313720703,0.6586074829101562,481.15765380859375,329.4299011230469,168,0,522,379,1024,768
200361678,0.9079448580741882,41.084442138671875,36.8624382019043,991.1597900390625,502.9455871582031,0,0,1024,573,1024,589
200995358,0.7746900916099548,180.05284118652344,721.0551147460938,565.5072631835938,915.3844604492188,122,691,624,945,769,1024
201351207,0.8462029695510864,222.2490997314453,343.9186096191406,564.1583251953125,1026.386474609375,170,241,616,1024,769,1024
201757088,0.8965842127799988,357.5428161621094,318.5643005371094,539.3424072265625,818.5113525390625,330,243,567,894,768,1024
201757139,0.9042617082595825,328.94915771484375,160.6722412109375,610.8092041015625,947.4581298828125,286,42,654,1024,768,1024
209019869,0.9014675617218018,5.820068359375,172.5062713623047,742.43017578125,492.7546691894531,0,124,853,541,1024,768
222914885,0.9172461628913879,124.04437255859375,251.24530029296875,533.7691040039062,401.271240234375,62,228,596,424,1024,768
222915475,0.8397383093833923,211.8824005126953,232.89324951171875,543.4590454101562,366.701416015625,162,212,594,387,1024,768
224367080,0.7596247792243958,310.944091796875,173.7112274169922,650.3135986328125,590.6865844726562,260,111,702,654,768,1024
226105808,0.5903869271278381,547.5115966796875,538.573486328125,619.3269653320312,602.8516845703125,536,528,631,613,771,1024
227742755,0.8107644319534302,3.23876953125,262.634033203125,1016.3656005859375,465.5711364746094,0,232,1024,497,1024,683
230063492,0.6113932728767395,49.32810974121094,2.0584259033203125,174.6511688232422,245.2969207763672,30,0,194,282,768,1024
230451267,0.8186432719230652,127.90762329101562,200.81362915039062,895.134521484375,525.7755126953125,12,152,1011,575,1024,683
230470108,0.8944606781005859,11.174599647521973,409.87921142578125,722.3724365234375,598.896240234375,0,381,771,628,771,1024
231146990,0.5916762948036194,104.37643432617188,69.14435577392578,940.5531005859375,360.1749267578125,0,25,1024,404,1024,768
231784071,0.6701049208641052,81.30007934570312,10.465221405029297,957.019287109375,474.36676025390625,0,0,1024,480,1024,480
231942649,0.4353691637516022,481.872314453125,358.88629150390625,654.8870239257812,489.48126220703125,455,339,681,510,720,540
232035228,0.5080979466438293,470.56927490234375,369.2404479980469,644.4082641601562,553.555419921875,444,341,671,582,1024,768
233023322,0.46488675475120544,419.9172058105469,253.01333618164062,519.582763671875,327.3489685058594,404,241,535,339,1024,768
238733636,0.4648415148258209,8.366661071777344,4.425167083740234,115.36815643310547,233.0013885498047,0,0,132,268,1024,768
241228746,0.8393968343734741,119.42352294921875,277.04693603515625,689.1521606445312,581.8294067382812,33,231,775,628,1024,768
243211896,0.5752609968185425,0.7100677490234375,520.1157836914062,96.7803955078125,593.1437377929688,0,509,112,605,1024,768
243211897,0.7598324418067932,270.17169189453125,168.94668579101562,664.3609619140625,457.8822021484375,211,125,724,502,1024,768
243211901,0.6322459578514099,78.55296325683594,522.4287109375,435.43121337890625,651.4805297851562,25,503,489,671,1024,768
243211902,0.6929592490196228,367.9930419921875,270.9370422363281,657.7352294921875,363.7715148925781,324,257,702,378,1024,768
243211904,0.6519138813018799,746.2442626953125,460.29058837890625,917.3944091796875,623.4551391601562,720,435,944,648,1024,768
243211907,0.8151243925094604,259.2883605957031,335.9739990234375,684.565673828125,508.7339172363281,195,310,749,535,1024,768
243211908,0.6807689666748047,207.61363220214844,319.27337646484375,532.4188232421875,425.0252380371094,158,303,582,441,1024,768
243211910,0.8169917464256287,182.0625762939453,390.1849365234375,553.3557739257812,588.620361328125,126,360,610,619,1024,768
243211912,0.7914124727249146,350.99041748046875,167.90518188476562,821.4154663085938,536.8141479492188,280,112,892,593,1024,768
243218255,0.6735444664955139,258.1224365234375,327.3824768066406,544.0498046875,447.40850830078125,215,309,587,466,1024,768
243218268,0.4702271521091461,655.4168701171875,57.45981216430664,778.151123046875,107.61405944824219,637,49,797,116,1024,768
243218279,0.7004446983337402,290.2099609375,383.1517333984375,588.4746704101562,479.072509765625,245,368,634,494,1024,768
243218281,0.7033374309539795,146.0650634765625,178.3798370361328,506.95330810546875,318.4014587402344,91,157,562,340,1024,768
243218284,0.8780086636543274,286.3035888671875,254.2346649169922,865.8109130859375,462.10406494140625,199,223,953,494,1024,768
243222272,0.7975180745124817,407.43316650390625,297.2311096191406,595.010009765625,361.5723571777344,379,287,624,372,1024,768
243222282,0.7296668887138367,376.9099426269531,424.60089111328125,529.5032958984375,485.7333984375,354,415,553,495,1024,768
243735245,0.8511688113212585,146.05435180664062,274.0718078613281,972.7379150390625,569.6900634765625,22,229,1024,615,1024,768
245608254,0.8981139659881592,25.144561767578125,241.31686401367188,760.2520751953125,442.9135437011719,0,211,871,474,1024,683
245608256,0.679570198059082,-0.1762542724609375,-0.16292130947113037,288.86395263671875,176.03326416015625,0,0,333,203,1024,683
245608264,0.5545225739479065,368.02740478515625,315.060302734375,802.2246704101562,409.18328857421875,302,300,868,424,1024,683
246590281,0.885840117931366,259.3179931640625,189.86663818359375,728.7301635742188,373.81195068359375,188,162,800,402,1024,576
247248689,0.5272011160850525,100.84494018554688,433.31317138671875,629.4697265625,714.9617919921875,21,391,709,758,1024,768
247415203,0.7238453030586243,242.19564819335938,353.39337158203125,446.4862060546875,842.2379760742188,211,280,478,916,768,1024
248881212,0.4232001006603241,0.9598312377929688,0.8052431344985962,134.69281005859375,186.18408203125,0,0,155,214,1024,852
248982416,0.8972851037979126,57.96551513671875,226.67141723632812,721.8013916015625,503.4684753417969,0,185,768,545,768,1024
249602983,0.7583437561988831,105.23087310791016,229.0406494140625,344.0898132324219,807.380126953125,69,142,380,895,768,1024
249615646,0.5895852446556091,77.57898712158203,534.7259521484375,514.4873046875,968.5841064453125,12,469,581,1024,771,1024
249615686,0.4660312831401825,191.0521697998047,213.3958740234375,569.1036987304688,994.623779296875,134,96,626,1024,771,1024
249615716,0.8711874485015869,230.258544921875,62.07232666015625,583.880615234375,890.0034790039062,177,0,637,1015,771,1024
249615719,0.8723964095115662,183.77127075195312,150.99630737304688,493.5538635253906,950.8160400390625,137,31,541,1024,771,1024
250174378,0.7781391143798828,92.51651000976562,1.0278854370117188,777.8409423828125,653.5048828125,0,0,881,752,1024,768
250267286,0.888697624206543,47.05000305175781,341.7820739746094,627.314697265625,607.6883544921875,0,301,715,648,768,1024
250660153,0.711738109588623,16.928844451904297,491.7101745605469,339.2507629394531,687.340576171875,0,462,388,717,461,1024
250660292,0.694266140460968,201.18846130371094,644.1163330078125,579.6782836914062,752.549560546875,144,627,637,769,768,1024
250660808,0.6073755025863647,385.402099609375,427.2627868652344,837.3814697265625,537.7537231445312,317,410,906,555,1024,887
252238254,0.762740433216095,163.96954345703125,165.60757446289062,880.9525756835938,592.2099609375,56,101,989,657,1024,813
253034437,0.3807969093322754,-0.0072021484375,0.9261474609375,1023.9498291015625,1024.9119873046875,0,0,1024,1024,1024,1024
253858002,0.5665419101715088,137.2340087890625,389.5670166015625,319.7535705566406,547.0753173828125,109,365,348,571,768,1024
255177424,0.42758631706237793,-0.04042625427246094,-0.5079889297485352,959.841064453125,719.431396484375,0,0,960,720,960,720
255966228,0.33679190278053284,1.05462646484375,-1.2868916988372803,1024.71337890625,961.6747436523438,0,0,1024,963,1024,963
256865163,0.3861541748046875,0.0227508544921875,-0.966400146484375,768.0097045898438,1023.0233154296875,0,0,768,1024,768,1024
257314792,0.5099425315856934,1.0620861053466797,583.4150390625,137.21124267578125,691.4437255859375,0,567,158,708,768,1024
257314910,0.7237387299537659,35.239990234375,112.53443145751953,427.9844055175781,442.2525329589844,0,63,443,467,443,467
259055597,0.3704076111316681,-0.0423583984375,-0.789642333984375,1023.9473876953125,767.20263671875,0,0,1024,768,1024,768
259798800,0.6127287149429321,336.4908447265625,265.67803955078125,700.4959716796875,396.502197265625,281,246,756,417,1024,684
259939239,0.8413625359535217,216.05743408203125,193.5622100830078,756.219970703125,564.3798217773438,135,137,838,621,1024,768
260057541,0.4952487647533417,437.0489501953125,203.8359375,758.2987060546875,422.3458251953125,388,171,768,456,768,1024
260270341,0.4564562141895294,510.42742919921875,545.794189453125,789.4922485351562,681.163818359375,468,525,832,683,1024,683
262258263,0.5051407814025879,8.2311429977417,79.99820709228516,378.00933837890625,426.15399169921875,0,28,379,438,379,438
262385302,0.6845850348472595,109.99197387695312,203.75538635253906,766.3424072265625,668.2101440429688,11,134,865,697,1024,697
263495962,0.9070562720298767,121.6448974609375,205.0009765625,869.7110595703125,588.6478271484375,9,147,982,647,1024,768
263764455,0.7390080094337463,139.1116180419922,271.99554443359375,648.7566528320312,615.2462158203125,62,220,726,667,1024,682
263854434,0.48698878288269043,1.2145271301269531,802.7981567382812,98.21607971191406,910.3303833007812,0,786,113,927,768,1024
265005511,0.40013810992240906,5.39801025390625,2.3332386016845703,1016.8875732421875,577.2891235351562,0,0,1024,576,1024,576
265530830,0.4729168117046356,239.3041534423828,404.923583984375,327.3177490234375,445.6341552734375,226,398,341,452,768,1024
266657220,0.5791358351707458,104.97567749023438,130.53753662109375,833.9962158203125,383.2110900878906,0,92,944,422,1024,649
266862895,0.6037193536758423,311.7809753417969,135.54832458496094,773.66455078125,359.59295654296875,242,101,843,394,1024,628
267003514,0.437809020280838,410.5197448730469,310.3236083984375,588.5352172851562,404.4822692871094,383,296,616,419,1024,683
268050782,0.8472141027450562,90.30245971679688,258.01177978515625,1017.798828125,664.3120727539062,0,197,1024,726,1024,906
268680444,0.5505775809288025,-2.040919303894043,700.9112548828125,404.13079833984375,929.94970703125,0,666,466,965,473,1024
269926097,0.4313797950744629,2.942596435546875,21.685089111328125,1020.177978515625,769.487060546875,0,0,1024,768,1024,768
270180348,0.522484540939331,250.04934692382812,140.1005401611328,622.53173828125,393.68609619140625,194,102,679,432,988,741
270947398,0.6966164112091064,16.4219970703125,438.0286865234375,713.4400024414062,712.850830078125,0,396,768,755,768,1024
272106576,0.5714741349220276,-0.5194320678710938,477.59967041015625,157.40475463867188,635.9859008789062,0,453,182,660,1024,683
273637438,0.5808132290840149,260.57293701171875,386.3746643066406,573.2503662109375,563.68212890625,213,359,621,591,768,1024
279463205,0.5814382433891296,610.6837768554688,4.678317546844482,738.8709106445312,152.28099060058594,591,0,759,175,1024,473
284208352,0.8961080312728882,99.14578247070312,167.35934448242188,856.61474609375,455.5722351074219,0,124,971,499,1024,683
284289951,0.6085197329521179,48.777984619140625,38.2529182434082,1004.048583984375,572.62939453125,0,0,1024,617,1024,617
285512847,0.47201472520828247,489.74957275390625,390.7087097167969,571.5991821289062,462.8171081542969,477,379,584,474,1024,768
286115002,0.39004960656166077,75.34870147705078,308.76629638671875,490.3079833984375,781.5779418945312,13,237,553,853,576,1024
286393485,0.6843364238739014,107.06146240234375,187.7828369140625,417.38970947265625,338.7467041015625,60,165,464,362,1024,768
287877824,0.7371337413787842,113.34176635742188,154.90675354003906,840.65771484375,685.2808227539062,4,75,950,683,1024,683
296063317,0.9080484509468079,41.641571044921875,24.740549087524414,914.8111572265625,611.870361328125,0,0,1024,683,1024,683
296289566,0.6975491642951965,79.47987365722656,695.276611328125,526.3157348632812,816.595947265625,12,677,594,835,1024,990
299441095,0.8106116056442261,45.09175109863281,218.92965698242188,371.64715576171875,1013.3037109375,0,99,403,1024,403,1024
301180608,0.8366240859031677,275.7485046386719,127.484619140625,681.8193969726562,1022.767822265625,214,0,743,1024,768,1024
301789087,0.8989970684051514,340.08404541015625,359.02447509765625,668.243896484375,938.4578247070312,290,272,718,1024,768,1024
302033017,0.7407547831535339,289.03338623046875,551.5355224609375,764.3271484375,675.4930419921875,217,532,768,695,768,1024
302540572,0.4199080765247345,889.7996215820312,0.6070340275764465,991.0022583007812,76.23564910888672,874,0,1007,88,1024,683
305704821,0.9001844525337219,152.08538818359375,108.98545837402344,707.9451904296875,377.1640625,68,68,792,418,1024,576
307801783,0.9215887784957886,-3.04364013671875,183.32705688476562,1006.3406982421875,708.51318359375,0,104,1024,768,1024,768
309437003,0.7624049782752991,338.8797302246094,202.90638732910156,697.8873291015625,595.2838134765625,285,144,752,655,1011,709
311862058,0.6826316714286804,253.70809936523438,17.216094970703125,483.2904968261719,861.2467041015625,219,0,518,988,771,1024
311922975,0.44622233510017395,254.23757934570312,485.9288024902344,426.182861328125,624.092041015625,228,465,452,645,576,1024
313464783,0.8814470171928406,23.133052825927734,331.00482177734375,488.0669860839844,542.4962768554688,0,299,558,575,576,1024
314286078,0.3542066216468811,302.684814453125,767.2621459960938,481.1650695800781,956.5327758789062,275,738,508,985,655,1024
314506902,0.5389109253883362,776.4593505859375,89.22830200195312,922.7799072265625,461.8774108886719,754,33,945,518,1024,621
316984621,0.7981667518615723,97.40689086914062,117.2079849243164,953.2581787109375,625.5966186523438,0,40,1024,684,1024,684
317894757,0.9258571863174438,180.3126983642578,173.03466796875,659.642333984375,447.36163330078125,108,131,732,489,1024,683
319098685,0.8916093707084656,242.91229248046875,87.6851806640625,561.1792602539062,985.2489013671875,195,0,609,1024,768,1024
319446360,0.5440980195999146,97.13742065429688,110.79873657226562,385.355224609375,263.2450866699219,53,87,429,287,465,1024
319978143,0.9204990267753601,66.25302124023438,97.95632934570312,827.92919921875,527.2698364257812,0,33,943,592,1024,682
320558826,0.3397258222103119,1.250274658203125,1.698410987854004,1021.9658203125,762.1276245117188,0,0,1024,762,1024,762
321447210,0.8708500862121582,180.50833129882812,206.3286895751953,728.270263671875,562.2566528320312,98,152,811,616,1024,683
321595592,0.9215664267539978,25.161407470703125,140.84686279296875,924.636962890625,488.37640380859375,0,88,1024,541,1024,768
322553438,0.5215590000152588,589.287109375,294.1229248046875,861.0382080078125,577.7857055664062,548,251,902,621,1024,705
323392792,0.8864278197288513,1.9659805297851562,510.59588623046875,706.66845703125,840.4884643554688,0,461,768,890,768,1024
323754526,0.889194905757904,78.59121704101562,171.74819946289062,1023.33837890625,572.7508544921875,0,111,1024,633,1024,684
323935125,0.89714115858078,94.9705810546875,182.0506134033203,959.58837890625,498.09344482421875,0,134,1024,546,1024,683
324309785,0.5101132392883301,2.5009765625,560.73779296875,948.5079956054688,766.86279296875,0,529,1024,768,1024,768
324472549,0.45125123858451843,161.68511962890625,1.4002532958984375,936.7107543945312,361.9707946777344,45,0,1024,417,1024,768
324661927,0.6676647663116455,21.901227951049805,132.91012573242188,536.5814208984375,446.5308532714844,0,85,576,494,576,1024
328750299,0.8975359797477722,179.14254760742188,160.22052001953125,949.662841796875,586.4857788085938,63,96,1024,651,1024,696
329051215,0.3909592628479004,-0.270416259765625,-0.7925262451171875,1023.7193603515625,767.1980590820312,0,0,1024,768,1024,768
329331087,0.9260643124580383,107.63442993164062,234.14010620117188,898.8294677734375,500.2887268066406,0,194,1018,541,1024,768
329671272,0.5924995541572571,130.47125244140625,248.13092041015625,864.3926391601562,575.677490234375,20,198,975,625,1024,768
329917619,0.8993103504180908,98.3438720703125,298.486083984375,812.5810546875,481.37188720703125,0,271,920,509,1024,683
330455877,0.7574220299720764,117.49725341796875,421.24920654296875,721.5205078125,634.4025268554688,26,389,813,667,1024,768
332223175,0.4325859546661377,-0.0118408203125,2.29193115234375,1023.7479858398438,770.2842407226562,0,0,1024,768,1024,768
333959371,0.5370175242424011,539.193359375,161.01544189453125,575.656982421875,230.89495849609375,533,150,576,242,576,1024
334504123,0.5859851837158203,108.53976440429688,178.52142333984375,418.8782043457031,241.89181518554688,61,169,466,252,771,1024
334698358,0.6154870390892029,159.86521911621094,21.494335174560547,272.27423095703125,76.1780776977539,143,13,290,85,1024,747
336072310,0.8722218871116638,357.28582763671875,210.33059692382812,908.8120727539062,364.6708679199219,274,187,992,388,1024,683
336134068,0.3575701415538788,-1.194244384765625,4.137786865234375,1022.5533447265625,840.5458984375,0,0,1024,847,1024,847
336166123,0.8811361193656921,16.95208740234375,281.1092834472656,847.078857421875,501.2703552246094,0,248,972,535,1024,768
336216151,0.8810365200042725,227.9263916015625,127.24673461914062,605.4415283203125,947.0943603515625,171,4,663,1024,768,1024
336778954,0.8386463522911072,49.774688720703125,264.93017578125,894.523193359375,479.81622314453125,0,232,1022,513,1024,768
337326674,0.3625393509864807,45.07624053955078,272.74688720703125,74.38548278808594,307.7286376953125,40,267,79,313,1024,768
337926520,0.8589034676551819,202.6683807373047,145.29385375976562,425.93975830078125,843.34765625,169,40,460,949,769,1024
338736145,0.8766525983810425,293.06170654296875,266.33770751953125,802.7727661132812,386.1436462402344,216,248,880,405,1024,683
338805593,0.651883602142334,33.36956787109375,14.555671691894531,501.02154541015625,555.4664306640625,0,0,572,637,1024,768
340405604,0.4422892928123474,0.7645926475524902,722.7008666992188,45.758888244628906,766.2860717773438,0,716,53,773,576,1024
340421703,0.6732968688011169,45.8883056640625,64.05943298339844,853.756103515625,514.0291137695312,0,0,975,582,1024,849
340679313,0.8962893486022949,170.06082153320312,158.20826721191406,957.59765625,585.5975341796875,51,94,1024,650,1024,682
341526474,0.47968608140945435,836.32470703125,894.4646606445312,904.6683349609375,988.3688354492188,826,880,915,993,1024,993
341827942,0.41942545771598816,4.195901870727539,12.24085807800293,60.36671447753906,63.97172546386719,0,4,69,72,768,1024
342688677,0.8505275845527649,362.27423095703125,42.185646057128906,712.2221069335938,755.241943359375,309,0,765,768,1024,768
342880966,0.9180453419685364,68.0068359375,272.906005859375,906.0632934570312,453.8952331542969,0,245,1024,482,1024,683
343634658,0.7948787808418274,3.61572265625,143.40147399902344,770.3568725585938,510.923095703125,0,88,886,567,1024,768
345152633,0.4268135130405426,-0.278411865234375,2.413694381713867,1023.7113037109375,685.4068603515625,0,0,1024,683,1024,683
345680355,0.9121493697166443,88.89865112304688,558.20166015625,389.9276428222656,674.5909423828125,43,540,436,693,576,1024
346334996,0.8701318502426147,265.55230712890625,20.758209228515625,634.1544189453125,965.1507568359375,210,0,690,1024,768,1024
351192257,0.6904707551002502,148.38323974609375,40.363433837890625,599.1785278320312,1007.2113037109375,80,0,667,1024,706,1024
351972632,0.888517439365387,148.87319946289062,2.50592041015625,653.3609619140625,1020.354736328125,73,0,730,1024,768,1024
353273850,0.7456996440887451,310.1633605957031,180.887451171875,797.537109375,401.7431640625,237,147,871,435,1024,768
354102824,0.45622771978378296,122.66461944580078,649.6802368164062,610.226806640625,835.8848266601562,49,621,684,864,768,1024
356194925,0.4035673141479492,373.25213623046875,336.5953369140625,766.517578125,760.7720947265625,314,272,768,825,768,1024
357302405,0.5191478729248047,291.5570068359375,114.16747283935547,866.2994384765625,439.20416259765625,205,65,953,488,1024,805
357809808,0.727419912815094,10.984710693359375,123.98399353027344,896.0096435546875,445.0311584472656,0,75,1024,494,1024,768
358963099,0.47331249713897705,20.716827392578125,160.4148406982422,946.3310546875,558.9632568359375,0,100,1024,619,1024,685
360436985,0.9072259068489075,44.12701416015625,238.1473846435547,951.7672729492188,540.5205078125,0,192,1024,586,1024,768
361926830,0.8390997052192688,331.29718017578125,98.57501220703125,575.8211059570312,667.003173828125,294,13,613,753,1024,768
362266475,0.6265581250190735,133.0467987060547,237.45281982421875,509.1120300292969,1021.1698608398438,76,119,566,1024,576,1024
363581190,0.6093806028366089,253.11441040039062,436.8087158203125,431.6092529296875,633.725830078125,226,407,459,664,768,1024
364203815,0.834504246711731,72.1817398071289,48.36834716796875,411.0087585449219,1004.7042846679688,21,0,462,1024,576,1024
364960322,0.8648611307144165,252.57498168945312,217.0703125,750.3863525390625,373.7562255859375,177,193,826,398,1024,768
365410972,0.6086203455924988,94.33474731445312,139.51234436035156,421.4131164550781,278.7515563964844,45,118,471,300,1024,683
367934332,0.5745288729667664,451.9579772949219,40.13603973388672,518.15185546875,79.30451965332031,442,34,529,86,1024,840
371416882,0.6540615558624268,463.081298828125,850.8075561523438,765.7896118164062,999.6283569335938,417,828,768,1022,768,1024
373865791,0.735302209854126,188.632080078125,216.2062225341797,533.555908203125,363.8857421875,136,194,586,387,1024,768
378274746,0.403959721326828,-0.117034912109375,0.0847320556640625,1023.8421630859375,768.0770874023438,0,0,1024,768,1024,768
379713111,0.5449506640434265,166.63934326171875,664.9234008789062,429.60382080078125,796.9951782226562,127,645,470,817,576,1024
381977373,0.7399794459342957,172.9154815673828,307.552978515625,536.8640747070312,458.38958740234375,118,284,592,482,1024,576
385570636,0.8378684520721436,203.23574829101562,172.94549560546875,733.4886474609375,487.5752868652344,123,125,814,535,1024,683
386217826,0.5084124207496643,18.075408935546875,-0.33519744873046875,968.359375,767.294921875,0,0,1024,768,1024,768
386239443,0.43261003494262695,2.31500244140625,0.5930099487304688,684.4304809570312,271.9794006347656,0,0,787,313,1024,768
386522698,0.5897731781005859,122.75640869140625,207.6179962158203,302.7054138183594,291.5600891113281,95,195,330,305,576,1024
386607595,0.8649185299873352,18.622289657592773,72.24867248535156,446.00177001953125,240.6829071044922,0,46,489,266,489,324
386778788,0.9054186940193176,155.19833374023438,373.6717224121094,523.0423583984375,617.5551147460938,100,337,579,655,768,1024
387899323,0.3406159579753876,217.6086883544922,926.472412109375,279.8287658691406,988.82861328125,208,917,290,999,576,1024
388199096,0.8506397604942322,21.516845703125,143.18194580078125,817.8602905273438,447.36474609375,0,97,938,493,1024,768
389019012,0.7479698657989502,114.56404113769531,284.546875,548.4567260742188,528.5194702148438,49,247,614,566,1024,768
391090893,0.7588728070259094,209.17898559570312,145.8953857421875,543.2495727539062,663.7252197265625,159,68,594,742,768,1024
391160195,0.528279721736908,615.54296875,22.608455657958984,843.919677734375,374.4251708984375,581,0,879,428,1024,768
392115846,0.5060708522796631,115.89190673828125,315.7816467285156,950.6672973632812,616.6470947265625,0,270,1024,662,1024,768
392469735,0.8888225555419922,46.497161865234375,566.1890869140625,539.2301025390625,790.6431884765625,0,532,576,825,576,1024
393087598,0.6859455108642578,350.3469543457031,568.9998779296875,594.7848510742188,730.2275390625,313,544,632,755,751,1024
394925777,0.7288772463798523,234.1626434326172,265.664306640625,633.2655029296875,414.5392150878906,174,243,694,437,1024,576
395085264,0.5653362274169922,577.88330078125,285.5540466308594,725.8861083984375,547.790283203125,555,246,749,588,768,1024
395186766,0.45312005281448364,346.1775817871094,431.5323181152344,754.0994873046875,535.2041015625,284,415,816,551,1024,630
395574511,0.9150028824806213,21.45087432861328,387.40277099609375,632.9745483398438,634.7076416015625,0,350,725,672,768,1024
396553503,0.8239008784294128,118.58370208740234,412.12542724609375,624.3472900390625,628.1609497070312,42,379,701,661,768,1024
396598147,0.7157317399978638,169.1471710205078,348.501220703125,457.91448974609375,624.8284912109375,125,307,502,667,1024,768
396598306,0.8822578191757202,212.05210876464844,109.87094116210938,469.2957763671875,910.05859375,173,0,508,1024,768,1024
396815585,0.9192390441894531,233.79452514648438,322.7815246582031,1023.2735595703125,590.6455078125,115,282,1024,631,1024,768
399022184,0.6168028712272644,544.263916015625,16.281465530395508,760.286865234375,220.6930694580078,511,0,793,252,1024,683
403782631,0.3929275870323181,-0.9041404724121094,91.711181640625,575.084716796875,767.3876953125,0,0,576,869,576,1024
404979287,0.8860841989517212,408.453125,283.1899719238281,561.5765380859375,460.9834289550781,385,256,585,488,1024,743
405988959,0.9166617393493652,259.8498840332031,271.0872802734375,848.6470947265625,508.6286315917969,171,235,937,545,1024,768
2981169,0.5707529187202454,20.79718017578125,557.218505859375,220.19873046875,755.2459716796875,0,527,251,768,1024,768
6237305,0.6422182321548462,120.63468933105469,318.2386474609375,311.517578125,1025.735595703125,92,212,341,1024,576,1024
7583898,0.361402302980423,401.58428955078125,388.6005859375,648.7164916992188,469.99993896484375,364,376,686,483,1024,768
7874655,0.7961222529411316,148.3280029296875,77.0499038696289,967.793701171875,463.25689697265625,25,19,1024,522,1024,604
12632711,0.8204433917999268,80.40890502929688,30.41887664794922,961.3568115234375,467.0684509277344,0,0,1024,533,1024,768
16093070,0.8769125938415527,15.9144287109375,50.53002166748047,1003.3287353515625,217.78382873535156,0,25,1024,243,1024,261
16284758,0.5429867506027222,144.8570556640625,144.4935760498047,818.2828369140625,435.6900939941406,43,100,920,480,1024,576
17788836,0.8728657364845276,112.7147216796875,150.15634155273438,942.5494384765625,385.38812255859375,0,114,1024,421,1024,567
18711490,0.7404552102088928,135.10055541992188,12.859585762023926,635.89453125,166.24786376953125,59,0,660,190,660,205
21690730,0.4649656414985657,382.1257019042969,51.92671585083008,582.5108032226562,153.43472290039062,352,36,613,169,1024,576
24975939,0.6193269491195679,216.164794921875,380.89715576171875,982.353515625,537.5084838867188,101,357,1024,562,1024,747
24975949,0.6940994262695312,593.9038696289062,89.39641571044922,865.1771850585938,358.75506591796875,553,48,906,400,1024,561
32332060,0.8692026734352112,78.551025390625,221.1207733154297,857.4771728515625,570.6126098632812,0,168,975,624,1024,768
32337138,0.9187058806419373,26.12445068359375,137.11932373046875,816.123779296875,345.9801330566406,0,105,935,378,1024,576
33839454,0.7626007795333862,49.691497802734375,315.03076171875,980.146484375,449.9989929199219,0,294,1024,471,1024,768
34227656,0.8484522104263306,179.28521728515625,66.83836364746094,696.2418823242188,576.9320068359375,101,0,774,576,1024,576
35041502,0.730935275554657,56.720008850097656,49.241851806640625,574.4910888671875,1019.1279296875,0,0,576,1024,576,1024
35041569,0.5030655264854431,199.6126708984375,1.335226058959961,429.1116943359375,198.4536590576172,165,0,464,229,552,310
35082696,0.8776682019233704,3.324906349182129,396.4818115234375,446.13385009765625,707.6615600585938,0,349,513,755,528,960
35082723,0.8581095933914185,255.88851928710938,232.77830505371094,824.637451171875,393.6510314941406,170,208,910,418,960,540
35774225,0.5167925357818604,285.5856628417969,94.104736328125,690.1810913085938,536.810546875,224,27,751,540,960,540
38021210,0.7818148136138916,180.1644287109375,334.3477478027344,798.5231323242188,428.2694091796875,87,320,892,443,1024,768
38141730,0.6781524419784546,334.5212707519531,2.4918575286865234,581.1824951171875,654.0137939453125,297,0,619,683,1024,683
38704276,0.7240453362464905,294.977783203125,390.4323425292969,441.80682373046875,565.1094360351562,272,364,464,592,768,1024
41283648,0.9194591045379639,53.591461181640625,163.27960205078125,938.3929443359375,379.04583740234375,0,130,1024,412,1024,768
43382508,0.5314289331436157,56.979400634765625,121.99974060058594,950.8408203125,317.0304260253906,0,92,1024,347,1024,409
47822574,0.27950024604797363,164.34658813476562,71.45657348632812,701.9825439453125,926.3297119140625,83,0,768,1024,768,1024
54129287,0.7096303105354309,230.99301147460938,235.63941955566406,791.4140625,478.724365234375,146,199,876,516,1024,683
71299228,0.4204557240009308,239.39419555664062,490.7928161621094,307.136962890625,623.7208251953125,229,470,318,644,768,1024
78428690,0.4524313807487488,76.48828125,531.7347412109375,492.41473388671875,590.8221435546875,14,522,555,600,768,1024
78794766,0.7217400074005127,69.2021484375,269.06787109375,727.3505859375,434.87115478515625,0,244,827,460,1024,768
81312254,0.8210872411727905,-2.967041015625,340.9155578613281,712.02392578125,423.3062438964844,0,328,820,436,1024,768
81417919,0.4401116967201233,439.1039123535156,396.0912780761719,508.4970703125,447.3329162597656,428,388,519,456,683,1024
81417927,0.6241668462753296,86.84112548828125,93.57942199707031,730.990234375,469.6603698730469,0,37,828,527,1024,683
83903044,0.8020047545433044,113.7510986328125,260.4560546875,1008.2216796875,477.19427490234375,0,227,1024,510,1024,768
92234266,0.6852332949638367,286.44171142578125,313.968505859375,601.7235107421875,472.63189697265625,239,290,650,497,1024,768
93688879,0.6759558320045471,427.8958740234375,253.63525390625,578.4310913085938,377.2499694824219,405,235,602,396,1024,768
96352876,0.7059475183486938,-1.624664306640625,373.161376953125,540.3095703125,700.4339599609375,0,324,622,750,1024,1024
99077399,0.8076805472373962,360.38726806640625,51.442909240722656,681.3388061523438,689.17529296875,312,0,730,768,1024,768
99316635,0.4160880148410797,332.5665588378906,400.61163330078125,490.0408630371094,625.2827758789062,308,366,514,659,1024,768
100133409,0.831800639629364,168.37994384765625,314.8346862792969,592.6963500976562,625.7501220703125,104,268,657,673,1024,768
101530294,0.7386662364006042,168.27066040039062,398.44061279296875,892.907470703125,492.0403747558594,59,384,1002,507,1024,768
103468404,0.594050943851471,125.22787475585938,291.9137268066406,987.83251953125,432.304443359375,0,270,1024,454,1024,768
104312542,0.760739803314209,252.55435180664062,172.9944610595703,936.71435546875,446.2021179199219,149,132,1024,488,1024,681
107027617,0.66108238697052,336.7213439941406,659.633544921875,910.96533203125,1016.6849365234375,250,606,998,1024,1024,1024
108101489,0.90102618932724,7.8404541015625,266.34820556640625,1013.1935424804688,468.3992614746094,0,236,1024,499,1024,768
108649436,0.7267641425132751,137.10394287109375,169.75086975097656,988.9653930664062,279.5711364746094,9,153,1024,297,1024,576
109286607,0.7245475053787231,239.77984619140625,410.5234375,1011.4022827148438,524.6073608398438,124,393,1024,542,1024,768
127450088,0.8841602206230164,358.3453674316406,253.35716247558594,521.2157592773438,715.11376953125,333,184,546,785,768,1024
127611513,0.3384278416633606,153.16873168945312,389.4017639160156,252.1614532470703,498.1275329589844,138,373,268,515,576,1024
128249625,0.7757633328437805,122.765625,159.31222534179688,805.1145629882812,283.77313232421875,20,140,908,303,1024,768
129941787,0.4846445620059967,398.161865234375,449.301025390625,560.8776245117188,501.9276123046875,373,441,586,510,1024,640
129980511,0.84347003698349,276.45458984375,14.470040321350098,796.1015625,512.44873046875,198,0,875,588,1024,684
129980587,0.6493088006973267,395.2509765625,347.1579895019531,733.151611328125,384.88787841796875,344,341,784,391,1024,684
129980643,0.5453202128410339,295.0400085449219,292.91851806640625,967.824462890625,379.9993591308594,194,279,1024,394,1024,684
132120360,0.4870918393135071,101.80674743652344,160.88479614257812,149.59716796875,179.90707397460938,94,158,157,183,1024,768
132247093,0.7024180889129639,45.7777099609375,378.67218017578125,1011.4107666015625,560.5379028320312,0,351,1024,588,1024,1024
132528417,0.3724539279937744,472.7535400390625,461.1587219238281,715.56591796875,619.65625,436,437,752,644,1024,768
132766109,0.9225267767906189,81.00927734375,54.79281234741211,861.8460693359375,602.228515625,0,0,979,683,1024,683
133743342,0.9043461084365845,298.5623474121094,302.86004638671875,582.75537109375,825.9295043945312,255,224,626,905,768,1024
135494603,0.4922286570072174,576.6683349609375,343.968017578125,839.6038818359375,628.52783203125,537,301,880,672,1024,682
135512815,0.8855581283569336,36.431671142578125,284.37725830078125,944.9931640625,394.454345703125,0,267,1024,411,1024,768
138466821,0.8974646925926208,211.72705078125,88.17144012451172,817.1490478515625,512.923095703125,120,24,908,577,1024,759
139065561,0.3296484053134918,243.21908569335938,186.64291381835938,694.4022216796875,501.5648193359375,175,139,763,549,1024,682
140835667,0.7864387631416321,496.4647216796875,427.2415771484375,757.644287109375,561.3355102539062,457,407,797,582,1024,768
142297456,0.7631081342697144,6.25213623046875,304.3160705566406,650.7721557617188,472.888916015625,0,279,748,499,1024,683
144026594,0.7993592619895935,31.6846923828125,64.76056671142578,994.0399169921875,387.0067138671875,0,16,1024,436,1024,492
145511527,0.8386076092720032,17.035125732421875,249.75059509277344,828.453369140625,514.991943359375,0,209,951,555,1024,768
146376433,0.5530701279640198,285.7205810546875,224.2607421875,413.2926025390625,704.7154541015625,266,152,433,777,768,1024
146673255,0.7757447361946106,228.05935668945312,455.9020690917969,447.8960266113281,516.1099853515625,195,446,481,526,768,1024
147063035,0.647047758102417,126.52285766601562,69.256591796875,840.3228759765625,160.79293823242188,19,55,948,175,1024,768
147063036,0.580725371837616,49.74261474609375,493.90533447265625,579.7392578125,699.3731079101562,0,463,660,731,1024,768
149488073,0.7985472083091736,310.28057861328125,381.32208251953125,445.14837646484375,778.8256225585938,290,321,466,839,768,1024
149791910,0.9041998982429504,352.2263488769531,71.5601806640625,548.78857421875,992.1973876953125,322,0,579,1024,768,1024
151474422,0.9196294546127319,124.15582275390625,434.84014892578125,868.5426025390625,651.4915771484375,12,402,981,684,1024,768
152247300,0.43123573064804077,2.666412353515625,202.90478515625,921.2449951171875,411.6373291015625,0,171,1024,443,1024,683
153014407,0.8914764523506165,5.79986572265625,287.9493713378906,1014.1295776367188,449.2748107910156,0,263,1024,474,1024,768
153543869,0.4798363149166107,313.5163269042969,20.111602783203125,487.8690490722656,966.4022216796875,287,0,515,1024,768,1024
154254523,0.9072710275650024,73.26123046875,423.4969482421875,937.83984375,659.5465087890625,0,388,1024,695,1024,1024
159812823,0.4465053081512451,118.34576416015625,3.3342998027801514,1011.9005737304688,359.2488098144531,0,0,1024,413,1024,423
160693763,0.7039943337440491,21.333587646484375,36.59786605834961,1006.807373046875,532.623291015625,0,0,1024,571,1024,571
163483213,0.5400177240371704,-2.34765625,194.64981079101562,522.7404174804688,619.195068359375,0,130,602,683,1024,683
166128729,0.5958274602890015,421.17437744140625,171.01138305664062,723.3610229492188,497.4614562988281,375,122,769,547,1024,672
167727870,0.6560280323028564,253.96286010742188,274.93206787109375,408.2653503417969,397.8184814453125,230,256,432,417,1024,768
169188057,0.8904328942298889,336.81597900390625,159.4280548095703,920.7112426757812,654.0493774414062,249,85,1009,683,1024,683
169611418,0.42285895347595215,172.18807983398438,67.14926147460938,765.213623046875,549.69677734375,83,0,855,623,1024,768
171400132,0.8786066770553589,39.172096252441406,317.734375,736.24951171875,848.85595703125,0,238,768,929,768,1024
172114342,0.582572340965271,202.68536376953125,229.7501220703125,1013.7890014648438,602.9929809570312,81,173,1024,659,1024,747
173154022,0.5799123048782349,257.2272033691406,489.26458740234375,460.1341552734375,637.2543334960938,226,467,491,660,768,1024
174852909,0.36978739500045776,254.3184051513672,352.41082763671875,342.45880126953125,398.51971435546875,241,345,356,406,1024,768
177682116,0.833460807800293,210.29681396484375,481.7095642089844,485.278564453125,529.6869506835938,169,474,527,537,768,1024
178325723,0.42809832096099854,168.17739868164062,534.7266845703125,507.5554504394531,589.0545654296875,117,526,559,598,1024,768
178340261,0.6826989054679871,129.40924072265625,162.27328491210938,985.8894653320312,475.9800109863281,0,115,1024,524,1024,768
179522122,0.56119704246521,49.64232635498047,1.1396970748901367,272.905029296875,94.53854370117188,16,0,307,109,1024,768
183949491,0.926006555557251,35.02069091796875,275.7113037109375,1004.4496459960938,481.55914306640625,0,244,1024,513,1024,768
184232787,0.5242471694946289,219.9373016357422,176.14830017089844,573.8547973632812,269.58099365234375,166,162,627,284,1024,768
184834191,0.38364169001579285,149.12408447265625,316.40142822265625,504.63427734375,574.8063354492188,95,277,558,614,768,1024
187755970,0.7197126746177673,371.671142578125,273.8084716796875,527.6616821289062,594.5717163085938,348,225,552,643,1024,768
187881922,0.6078760027885437,189.7549591064453,539.501708984375,666.1410522460938,630.214599609375,118,525,738,644,1024,768
188005353,0.7929142713546753,9.08431339263916,486.15643310546875,309.85272216796875,770.1430053710938,0,443,355,813,474,1024
191647741,0.8066091537475586,299.9513854980469,207.24435424804688,494.2918395996094,811.2137451171875,270,116,524,902,768,1024
197792292,0.8490678668022156,170.85067749023438,212.0451202392578,796.2034912109375,455.9317321777344,77,175,891,493,1024,683
198792188,0.711236298084259,117.76416015625,104.02792358398438,338.1008605957031,706.9439697265625,84,13,372,798,576,1024
198896212,0.9207407832145691,-4.4024658203125,290.15704345703125,988.885986328125,511.28936767578125,0,256,1024,545,1024,683
198896213,0.8316741585731506,22.4078369140625,191.2604522705078,1018.1632080078125,515.7578735351562,0,142,1024,565,1024,683
200084526,0.6939377784729004,146.28744506835938,159.96482849121094,600.5037841796875,354.96697998046875,78,130,669,385,1024,683
201266458,0.6478165984153748,347.5380859375,236.6542205810547,400.10296630859375,262.1229248046875,339,232,408,266,1024,498
201903979,0.8720266819000244,213.407958984375,278.12286376953125,757.3787841796875,394.949951171875,131,260,839,413,1024,683
201903981,0.886455774307251,55.867279052734375,296.6135559082031,935.3936767578125,397.2061767578125,0,281,1024,413,1024,683
205057935,0.6921722888946533,412.8270568847656,68.71114349365234,657.264892578125,561.2866821289062,376,0,694,636,1024,683
207736741,0.8836787939071655,312.63763427734375,376.0601806640625,456.3759765625,776.582275390625,291,315,478,837,768,1024
213626969,0.7095391750335693,245.0887451171875,389.8768310546875,502.406982421875,465.665283203125,206,378,542,478,768,1024
213865573,0.4068374037742615,68.25799560546875,199.9274139404297,668.3164672851562,543.6445922851562,0,148,759,596,1024,738
218074573,0.7772645950317383,144.92660522460938,366.5936279296875,517.985107421875,424.31103515625,88,357,574,433,768,1024
218309641,0.49082449078559875,467.80596923828125,481.1297912597656,526.9949951171875,501.4949645996094,458,478,536,505,768,1024
218333549,0.5333836078643799,529.660888671875,331.76043701171875,983.5592041015625,379.962646484375,461,324,1024,388,1024,683
221226403,0.7122986912727356,22.758819580078125,514.9412841796875,737.5845947265625,732.38818359375,0,482,845,766,1024,768
222597459,0.7968695163726807,322.2325439453125,343.8478088378906,800.0240478515625,470.16705322265625,250,324,872,490,1024,768
227245879,0.5277009010314941,182.174072265625,254.2572784423828,991.75341796875,556.115234375,60,208,1024,602,1024,768
227691732,0.8770986199378967,77.12149047851562,26.007389068603516,954.7679443359375,434.2757873535156,0,0,1024,436,1024,436
229259359,0.66293865442276,25.435028076171875,298.8824462890625,890.8299560546875,528.461669921875,0,264,1021,563,1024,768
230701896,0.8245881795883179,124.6767578125,275.9806823730469,879.128662109375,425.4093017578125,11,253,993,448,1024,768
237799331,0.382719486951828,181.027587890625,274.39788818359375,832.3441162109375,564.3984375,83,230,931,608,1024,768
238526841,0.2683224081993103,53.049869537353516,280.920654296875,107.33102416992188,359.42742919921875,44,269,116,372,1024,768
239326204,0.758718729019165,262.2822265625,149.46615600585938,474.010498046875,1004.5137939453125,230,21,506,1024,768,1024
242039685,0.8747962117195129,11.93768310546875,98.27375030517578,974.6961059570312,395.6817321777344,0,53,1024,441,1024,576
243250739,0.2264886349439621,-2.027984619140625,237.66275024414062,928.6995849609375,542.603271484375,0,191,1024,589,1024,768
243581894,0.7583352327346802,18.515884399414062,329.6018981933594,968.1483154296875,643.38427734375,0,282,1000,691,1000,750
245748147,0.8944013118743896,296.578125,117.41717529296875,487.9510803222656,1012.6054077148438,267,0,517,1024,768,1024
247587201,0.8974046111106873,210.0802001953125,274.10345458984375,953.2823486328125,453.55242919921875,98,247,1024,481,1024,768
247893510,0.300448477268219,228.2333221435547,296.3078308105469,449.4209289550781,393.0495300292969,195,281,483,408,768,1024
248024845,0.6446437239646912,291.269287109375,267.8201904296875,1022.9222412109375,527.4659423828125,181,228,1024,567,1024,683
248099636,0.7336122989654541,162.17343139648438,58.371829986572266,720.6285400390625,553.1123046875,78,0,805,628,1024,683
248210503,0.28986862301826477,-0.4608677923679352,0.32273268699645996,360.5355224609375,292.31982421875,0,0,361,292,361,292
249875502,0.8785288333892822,-1.9576492309570312,233.98306274414062,660.90869140625,949.4921875,0,126,761,1024,768,1024
251364700,0.2897646427154541,0.286468505859375,-0.5504837036132812,1023.487548828125,505.1565856933594,0,0,1024,582,1024,768
252298336,0.6630867123603821,142.96299743652344,125.34760284423828,546.110107421875,337.19598388671875,82,93,607,369,1024,682
252394463,0.8874993324279785,330.3595275878906,94.45635986328125,690.3985595703125,481.1754150390625,276,36,745,540,1024,576
255082721,0.6422634720802307,225.7696990966797,19.23822021484375,538.9967651367188,781.9081420898438,178,0,586,897,850,1024
255848541,0.6212706565856934,607.7955932617188,515.1900634765625,741.6748657226562,558.7479248046875,587,508,762,566,768,1024
256157686,0.8969396948814392,255.16287231445312,116.49984741210938,811.2230224609375,512.3721923828125,171,57,895,572,1024,768
256157834,0.8061426281929016,52.912506103515625,192.19537353515625,897.8968505859375,554.0770874023438,0,137,1024,609,1024,768
256250049,0.6250563859939575,242.68563842773438,108.20065307617188,587.957763671875,472.5887145996094,190,53,640,528,1024,768
256613843,0.8884183764457703,27.231170654296875,34.487213134765625,1009.20751953125,244.74691772460938,0,2,1024,277,1024,280
256853470,0.7995815873146057,263.8946838378906,491.964111328125,508.3177185058594,569.142333984375,227,480,545,581,768,1024
257089022,0.5035445690155029,30.406097412109375,151.74143981933594,204.05368041992188,232.59727478027344,4,139,231,245,1024,683
259015572,0.4084544777870178,599.763671875,293.5079345703125,707.458251953125,628.6304321289062,583,243,724,679,768,1024
261628523,0.8437442779541016,451.26885986328125,343.58843994140625,847.3756713867188,559.8358154296875,391,311,907,593,1024,768
263333093,0.6010035276412964,204.7609405517578,128.197998046875,725.4222412109375,915.955078125,126,10,768,1024,768,1024
264099941,0.8322631120681763,439.03021240234375,114.61811828613281,628.1976928710938,533.10107421875,410,51,657,596,1024,768
264505697,0.7652831077575684,159.03533935546875,273.2120361328125,1019.0669555664062,431.07659912109375,30,249,1024,455,1024,683
265378967,0.7814199924468994,191.3479461669922,447.808349609375,488.9720458984375,790.368408203125,146,396,534,842,1024,1024
267645743,0.5115673542022705,266.3583984375,9.119114875793457,640.97412109375,501.6573486328125,210,0,698,576,1024,683
268271428,0.6684006452560425,130.21156311035156,243.72625732421875,350.14019775390625,853.1030883789062,97,152,384,945,576,1024
269087681,0.5938354730606079,212.90164184570312,138.05462646484375,424.8466796875,883.4223022460938,181,26,457,996,576,1024
274559232,0.9181910157203674,164.75918579101562,362.4476318359375,471.0999755859375,772.6939697265625,118,300,518,835,576,1024
278004695,0.3932076096534729,246.64727783203125,344.43719482421875,488.7427978515625,400.51776123046875,210,336,526,409,1024,768
278297321,0.410205215215683,7.941398620605469,131.37466430664062,439.57012939453125,652.5203857421875,0,53,505,731,768,1024
283868796,0.4863816201686859,298.913330078125,377.15093994140625,329.3676452636719,470.342041015625,294,363,334,485,576,1024
283868824,0.6525380611419678,-0.6861956119537354,20.73778533935547,95.3875503540039,68.11014556884766,0,13,110,76,779,985
288141622,0.8277842402458191,2.8279495239257812,391.94439697265625,536.81689453125,923.9813842773438,0,312,617,1004,768,1024
289790285,0.9285311102867126,133.42025756835938,247.59927368164062,929.2821044921875,535.4642333984375,14,204,1024,579,1024,768
289800841,0.681653618812561,229.5394287109375,267.699462890625,719.0353393554688,330.7038879394531,156,258,793,341,1024,577
290654374,0.5839161276817322,287.52252197265625,346.11907958984375,660.8861694335938,430.4804992675781,231,333,717,444,1024,768
295639723,0.6765578389167786,122.68789672851562,237.73777770996094,983.9207763671875,659.5020141601562,0,174,1024,723,1024,768
300147753,0.8920760750770569,232.3619384765625,238.06716918945312,591.0345458984375,1002.66650390625,178,123,645,1024,768,1024
300371749,0.768150269985199,504.24468994140625,175.92587280273438,790.8923950195312,518.5911254882812,461,124,834,570,1024,768
303630838,0.2974432110786438,479.5140380859375,291.0980224609375,513.7378540039062,353.4809875488281,474,281,519,363,1024,728
303646597,0.3667973279953003,121.99738311767578,531.9755859375,533.5394287109375,640.849609375,60,515,596,658,768,1024
303650020,0.5263417959213257,301.15826416015625,175.6847381591797,648.26806640625,534.7533569335938,249,121,701,589,1024,736
307281789,0.5810408592224121,163.58236694335938,301.9369812011719,977.520751953125,525.4780883789062,41,268,1024,560,1024,768
308134960,0.6423972249031067,205.07850646972656,297.41522216796875,306.5318298339844,834.8711547851562,189,216,322,916,771,1024
308399648,0.8968709707260132,187.82237243652344,155.78121948242188,513.49169921875,954.1878662109375,138,36,563,960,670,960
309420983,0.2714788615703583,241.96484375,222.54335021972656,342.4268798828125,446.32489013671875,226,188,358,480,657,744
309850691,0.8446319103240967,179.51947021484375,73.96731567382812,527.3054809570312,991.0606689453125,127,0,580,1024,768,1024
310721512,0.505362331867218,165.91741943359375,314.7603454589844,234.5833282470703,352.7899475097656,155,309,245,359,768,1024
311911558,0.8933014273643494,341.89080810546875,227.25657653808594,561.5545043945312,370.7204895019531,308,205,595,393,1024,683
312080442,0.8971205949783325,122.0146484375,182.07733154296875,939.12109375,383.1834411621094,0,151,1024,414,1024,768
312821724,0.6476859450340271,118.2146987915039,409.8941650390625,518.2332763671875,603.9179077148438,58,380,579,634,768,1024
313479514,0.5255234837532043,206.18650817871094,202.80795288085938,347.6246337890625,310.1485290527344,184,186,369,327,768,1024
313836898,0.8538550734519958,203.18063354492188,351.205078125,784.4515380859375,450.4089660644531,115,336,872,466,1024,768
314575403,0.8866993188858032,96.42263793945312,113.50146484375,390.54254150390625,934.53271484375,52,0,435,1024,768,1024
315738227,0.497700572013855,550.6642456054688,953.1810302734375,687.5606689453125,1023.003662109375,530,942,709,1024,768,1024
316661552,0.4280788004398346,-0.282562255859375,124.70219421386719,1023.627685546875,767.5817260742188,0,28,1024,768,1024,768
316984534,0.6183748841285706,-7.334625244140625,244.9825897216797,862.0633544921875,393.2755432128906,0,222,993,416,1024,684
317166721,0.7833386063575745,396.4518127441406,176.16485595703125,645.06103515625,681.7295532226562,359,100,683,683,1024,683
317219360,0.5664514899253845,143.6375732421875,334.1107177734375,956.299560546875,650.1217041015625,21,286,1024,698,1024,768
317220253,0.9000000357627869,117.06973266601562,190.73568725585938,836.8580322265625,533.3831176757812,9,139,945,585,1024,683
317487995,0.4288285970687866,92.90493774414062,107.55206298828125,897.5958251953125,1013.9562377929688,0,0,1019,1024,1024,1024
317759688,0.19972212612628937,363.8324890136719,422.60577392578125,395.3526916503906,437.865234375,359,420,401,441,1024,768
317817779,0.4752607047557831,20.69830322265625,604.3416748046875,186.15985107421875,643.1835327148438,0,598,211,650,1024,683
317946992,0.8859149217605591,41.00897216796875,486.7486267089844,1007.2246704101562,644.8753051757812,0,463,1024,669,1024,768
318835210,0.8294042348861694,96.56845092773438,367.150390625,802.6029052734375,497.78790283203125,0,347,909,518,1024,768
319899409,0.40458396077156067,20.65528106689453,12.103515625,403.9433898925781,821.177734375,0,0,462,943,768,1024
322403620,0.47350889444351196,232.52731323242188,132.2714080810547,1017.9949951171875,430.3247985839844,114,87,1024,476,1024,576
324161965,0.6603355407714844,143.8167724609375,150.70297241210938,1023.630126953125,521.6585693359375,11,95,1024,578,1024,769
325002760,0.9019430875778198,254.4609832763672,142.95419311523438,485.0058288574219,986.369384765625,219,16,520,1024,768,1024
326455725,0.54079270362854,106.19357299804688,231.02757263183594,277.5827331542969,912.2373657226562,80,128,304,922,391,922
326605682,0.4803299903869629,233.04388427734375,243.21237182617188,498.07769775390625,716.5277099609375,193,172,538,788,845,1024
326909012,0.9178536534309387,109.08849334716797,137.92025756835938,664.6975708007812,938.88134765625,25,17,749,1024,768,1024
327612187,0.6736666560173035,3.4170563220977783,280.919921875,477.5048828125,642.4396362304688,0,226,478,697,478,1024
327625048,0.8674737215042114,62.8311882019043,418.9508056640625,405.1769714355469,545.7586059570312,11,399,457,565,576,1024
327625092,0.8643839955329895,267.2341003417969,415.9017333984375,631.2991333007812,692.1387939453125,212,374,686,734,768,1024
327713778,0.45567500591278076,5.0757293701171875,326.4211120605469,501.78424072265625,588.2705078125,0,287,577,628,768,1024
330289654,0.39438438415527344,111.28152465820312,129.29881286621094,148.24212646484375,212.1609649658203,105,116,154,225,768,1024
331299699,0.41759052872657776,288.58135986328125,2.1312077045440674,675.919189453125,565.7860107421875,230,0,735,651,1024,683
331528194,0.848874568939209,1.388397216796875,519.5423583984375,859.23486328125,919.89404296875,0,459,988,980,1024,1024
331528202,0.8553797006607056,3.1798095703125,319.55316162109375,927.8768920898438,702.171875,0,262,1024,760,1024,1024
331529055,0.8493566513061523,95.55812072753906,436.30206298828125,688.0978393554688,869.7012329101562,6,371,768,935,768,1024
331938138,0.423965722322464,315.44268798828125,149.4251251220703,749.7526245117188,526.4009399414062,250,92,815,577,1024,577
332951214,0.37542596459388733,164.94454956054688,359.4615478515625,452.7305603027344,461.27398681640625,121,344,496,477,768,1024
333401687,0.5956929922103882,333.3358154296875,208.64410400390625,552.1591186523438,984.8245239257812,300,92,585,1024,768,1024
335338282,0.3261798620223999,613.1395874023438,343.73541259765625,659.7550659179688,364.12445068359375,606,340,667,368,1024,577
335551460,0.8108140230178833,260.0220031738281,475.54486083984375,323.43182373046875,654.0249633789062,250,448,333,681,576,1024
335671532,0.8685490489006042,55.247283935546875,365.63775634765625,990.5123291015625,841.6085815429688,0,294,1024,914,1024,1024
336237107,0.8545835018157959,123.44357299804688,150.38607788085938,601.160400390625,1024.9737548828125,51,19,673,1024,768,1024
336338379,0.810434103012085,73.02593231201172,396.2823181152344,523.2192993164062,659.3765869140625,5,356,576,699,576,1024
336649202,0.8696550130844116,3.314300537109375,417.9833984375,963.1500244140625,603.8767700195312,0,390,1024,632,1024,1024
337020683,0.24709481000900269,217.88894653320312,1.5058746337890625,768.6893920898438,375.26690673828125,135,0,768,432,768,1024
337231824,0.3698272407054901,443.6820068359375,419.30181884765625,545.9153442382812,554.1976928710938,428,399,562,575,1024,683
337642785,0.8863610029220581,187.3037109375,100.06500244140625,692.4234008789062,950.6638793945312,111,0,768,1024,768,1024
337779815,0.7274303436279297,154.31439208984375,401.6139221191406,492.0009765625,514.3359985351562,103,384,543,532,1024,771
337779902,0.24967287480831146,458.3052062988281,364.086669921875,762.288818359375,407.35174560546875,412,357,808,414,1024,771
338155678,0.8835247159004211,310.5398864746094,129.41250610351562,746.6700439453125,890.714111328125,245,15,813,1005,1024,1024
338312915,0.8100405335426331,275.504150390625,332.83868408203125,455.1168212890625,1019.4271850585938,248,229,483,1024,768,1024
339245852,0.8733447194099426,61.524742126464844,413.5915832519531,757.4337158203125,659.493408203125,0,376,768,697,768,1024
339723828,0.9004046320915222,174.07748413085938,308.034912109375,537.2781982421875,741.0186767578125,119,243,592,806,768,1024
340162429,0.38860657811164856,7.097403049468994,96.19075012207031,334.060791015625,269.6385498046875,0,70,384,296,706,504
340580033,0.8778610229492188,108.20789337158203,284.3338928222656,522.2408447265625,839.4456787109375,46,201,585,923,768,1024
340611278,0.5674280524253845,468.1021728515625,256.9742736816406,579.72412109375,620.5941162109375,451,202,597,676,1024,768
341904646,0.738841712474823,61.343284606933594,93.19113159179688,755.9639892578125,612.6751708984375,0,15,768,691,768,1024
342938779,0.6289288997650146,63.79822540283203,365.45587158203125,495.4560241699219,634.2064819335938,0,325,561,675,768,1024
343447652,0.48298004269599915,31.896331787109375,132.82334899902344,47.94618225097656,166.40640258789062,29,127,51,172,1024,683
344345125,0.8083601593971252,370.7542724609375,390.3924255371094,596.2760009765625,435.77386474609375,336,383,631,443,1024,813
347725347,0.8799005746841431,57.3259391784668,140.45315551757812,562.5994873046875,794.6954345703125,0,42,576,893,576,1024
347748486,0.478626549243927,269.839111328125,118.17758178710938,1018.234130859375,456.3926696777344,157,67,1024,508,1024,768
349250213,0.7835996150970459,454.7483215332031,305.95391845703125,715.0859375,383.56268310546875,415,294,755,396,1024,683
349250217,0.775696337223053,445.4015197753906,312.3998718261719,653.2266845703125,351.4351501464844,414,306,685,358,1024,683
349642797,0.6304107904434204,2.995361328125,7.3968658447265625,973.9576416015625,573.98388671875,0,0,1024,659,1024,768
349953758,0.7952496409416199,388.5164489746094,147.5704345703125,607.896728515625,933.844970703125,355,29,641,1024,1024,1024
349995859,0.8877197504043579,73.60226440429688,49.09829330444336,1011.5767822265625,368.0303955078125,0,1,1024,386,1024,386
352180357,0.9114155173301697,291.6145935058594,21.088592529296875,559.064453125,994.927001953125,251,0,600,1024,768,1024
355321553,0.8935602903366089,91.08538055419922,479.0373229980469,643.0443115234375,653.0675048828125,8,452,726,680,768,1024
355524943,0.7086628675460815,258.4171142578125,317.4619140625,713.6488037109375,430.9687194824219,190,300,782,448,1024,691
357495007,0.8780785202980042,131.71983337402344,160.6371307373047,365.95770263671875,540.7843627929688,96,103,402,598,576,1024
360436967,0.9070667624473572,31.541595458984375,295.8352966308594,981.061279296875,575.46435546875,0,253,1024,618,1024,768
360579613,0.8851965665817261,302.9454345703125,116.72042846679688,544.3763427734375,972.1480712890625,266,0,581,1024,768,1024
361414763,0.7905450463294983,1.485137939453125,174.59011840820312,979.30859375,407.9572448730469,0,139,1024,443,1024,526
363598173,0.5669978260993958,-0.0550537109375,245.43408203125,625.8495483398438,814.1257934570312,0,160,720,849,1024,849
364259646,0.8938097953796387,243.70596313476562,450.1427001953125,423.41656494140625,620.3846435546875,216,424,451,646,768,1024
367180649,0.4506804049015045,655.7864379882812,300.9148254394531,856.8154907226562,415.055419921875,625,283,887,433,1024,768
367708567,0.8618459701538086,223.82522583007812,355.1332092285156,367.79559326171875,626.9931640625,202,314,390,668,768,1024
368617680,0.9264882206916809,26.79656982421875,141.78009033203125,1030.016357421875,596.890380859375,0,73,1024,666,1024,768
373756512,0.4709044396877289,6.408197402954102,369.5071716308594,713.31640625,595.60888671875,0,335,771,630,771,1024
373772626,0.44846227765083313,2.5245249271392822,347.9356384277344,744.4136352539062,728.3558349609375,0,290,771,786,771,1024
373934489,0.7114924192428589,312.25634765625,339.8042297363281,682.9995727539062,433.3398742675781,256,325,739,448,1024,768
375147255,0.8947636485099792,310.55853271484375,131.66152954101562,527.0865478515625,789.32958984375,278,33,560,888,768,1024
378420390,0.7963464260101318,3.0515384674072266,24.391082763671875,507.78582763671875,1014.3402099609375,0,0,576,1024,576,1024
379647753,0.45941200852394104,176.1767578125,613.8878784179688,228.4266815185547,679.3640747070312,168,604,237,690,768,1024
382190816,0.8945395350456238,13.649139404296875,216.06634521484375,1017.1912841796875,512.0364379882812,0,171,1024,557,1024,654
385212866,0.6127774715423584,118.67790222167969,402.35919189453125,572.9585571289062,506.25091552734375,50,386,576,522,576,1024
386777390,0.8287646174430847,196.0594482421875,38.02496337890625,711.9468994140625,424.2407531738281,118,0,790,483,1024,543
387158634,0.7739436030387878,144.51979064941406,350.38916015625,524.2315673828125,761.543212890625,87,288,582,824,768,1024
387568750,0.866264283657074,79.49981689453125,95.2551040649414,937.0191040039062,438.3216552734375,0,43,1024,490,1024,683
387568751,0.784027099609375,120.399169921875,227.3465576171875,1022.6480712890625,498.5279846191406,0,186,1024,540,1024,683
387786521,0.7212909460067749,113.55142211914062,497.8066101074219,459.1903991699219,579.6709594726562,61,485,512,592,1024,769
388111206,0.8866970539093018,77.82283020019531,222.73150634765625,354.8271484375,703.838134765625,36,150,397,777,461,1024
388117422,0.6238161325454712,281.6249084472656,591.2652587890625,308.7041931152344,684.1075439453125,277,577,313,699,461,1024
389889786,0.6956663727760315,86.42555236816406,416.4500732421875,663.61376953125,534.9776611328125,0,398,751,553,768,1024
389890554,0.7321345210075378,155.84429931640625,486.157958984375,569.4354248046875,655.903076171875,93,460,632,682,768,1024
392893518,0.41811051964759827,139.4183807373047,435.5245361328125,488.49749755859375,503.582763671875,87,425,541,514,577,1024
398345569,0.6324589848518372,283.11956787109375,235.2701416015625,789.0585327148438,346.9236755371094,207,218,865,364,1024,568
401128639,0.6189051866531372,258.9930725097656,30.203216552734375,499.57220458984375,946.2457275390625,222,0,536,1024,768,1024
402457608,0.6955558061599731,202.10470581054688,247.6923065185547,519.2210083007812,476.75592041015625,154,213,567,512,768,1024
402663636,0.8630736470222473,232.9984588623047,488.2254943847656,674.7788696289062,564.8722534179688,166,476,742,577,768,1024
402925513,0.5450059771537781,82.61931610107422,438.924560546875,612.08642578125,511.78900146484375,3,427,692,523,768,1024
402928246,0.30479326844215393,278.2502136230469,291.68182373046875,491.4048156738281,699.4977416992188,246,230,524,761,768,1024
404064295,0.7395336031913757,104.9881362915039,269.85736083984375,371.89508056640625,406.7198486328125,64,249,412,428,471,1024
406033029,0.8710158467292786,145.8228302001953,376.00103759765625,490.10321044921875,663.1521606445312,94,332,542,707,768,1024
6977876,0.8977122902870178,348.6549987792969,291.8409729003906,890.5906982421875,416.4615783691406,267,273,972,436,1024,683
9177449,0.43123432993888855,0.8086442947387695,2.104031801223755,798.7012939453125,530.47998046875,0,0,800,532,800,532
14216501,0.896486222743988,156.57855224609375,178.37588500976562,916.9895629882812,772.4773559570312,42,89,1024,862,1024,905
17024402,0.45835500955581665,361.15057373046875,265.6919860839844,788.5027465820312,529.8780517578125,297,226,853,570,1024,768
17375556,0.9161084294319153,180.75164794921875,186.18740844726562,834.642822265625,329.6604309082031,82,164,933,352,1024,576
18730625,0.9127635955810547,269.6182556152344,242.46597290039062,656.8154296875,404.0562438964844,211,218,715,429,1024,683
19415105,0.8205540776252747,122.67190551757812,162.41651916503906,810.93603515625,550.5761108398438,19,104,915,609,1024,741
20066382,0.5839482545852661,2.30322265625,90.61254119873047,1023.1824951171875,646.1433715820312,0,7,1024,683,1024,683
29711024,0.5563331246376038,96.35745239257812,129.8152618408203,679.7613525390625,331.8509521484375,8,99,768,363,1024,576
29968928,0.8579199910163879,360.6922607421875,303.7841491699219,783.8306884765625,487.82537841796875,297,276,848,516,1024,768
31462283,0.8734467625617981,17.652088165283203,15.799114227294922,522.4188842773438,436.8342590332031,0,0,599,446,646,446
33307082,0.8742393255233765,23.075096130371094,363.85260009765625,807.1189575195312,765.6941528320312,0,303,826,826,826,1024
34226982,0.8568646311759949,97.49269104003906,125.43212127685547,345.8572082519531,272.8466491699219,60,103,384,295,552,310
35916464,0.6235342621803284,77.99739074707031,353.7986755371094,524.671630859375,579.5394897460938,10,319,592,614,1024,993
37094958,0.4509527087211609,288.79071044921875,492.9416809082031,477.59375,535.8471069335938,260,486,506,543,768,1024
43382484,0.7206355929374695,123.56643676757812,149.003173828125,654.4082641601562,941.38916015625,43,30,735,1024,854,1024
62275529,0.2868330478668213,113.20120239257812,126.89690399169922,940.6702880859375,561.421630859375,0,61,1024,570,1024,570
63638471,0.8964426517486572,120.00534057617188,186.53054809570312,956.238037109375,394.5459289550781,0,155,1024,426,1024,577
65584197,0.8946086764335632,180.06251525878906,173.91952514648438,357.54803466796875,922.3272705078125,153,61,385,1024,576,1024
67951204,0.7916752099990845,212.8361358642578,357.94964599609375,629.7420654296875,641.2230834960938,150,315,693,684,1024,905
71350607,0.69455885887146,296.3070373535156,456.8373107910156,432.4776611328125,730.4010009765625,275,415,453,772,768,1024
76041468,0.45281538367271423,262.6954345703125,280.36785888671875,478.24652099609375,754.1380004882812,230,209,511,826,768,1024
76494811,0.8957114219665527,271.1680908203125,69.569580078125,619.9949951171875,905.7883911132812,218,0,673,1024,768,1024
76507811,0.7937071323394775,1.590087890625,190.04132080078125,508.7882995605469,754.9678344726562,0,105,585,840,768,1024
85319848,0.7815921902656555,207.51979064941406,26.13055419921875,671.0419311523438,889.536865234375,137,0,741,1020,768,1024
88807511,0.9102769494056702,189.10452270507812,208.96197509765625,765.3760986328125,480.9656982421875,102,168,852,522,1024,768
96659913,0.35227134823799133,99.46826171875,179.1828155517578,488.7966003417969,662.62646484375,41,106,548,736,576,1024
97660277,0.5109452605247498,374.6383972167969,338.2081604003906,439.4704895019531,501.9986572265625,364,313,450,527,1024,768
97663602,0.4089123606681824,524.781005859375,311.9129333496094,924.1416015625,510.6477355957031,464,282,985,541,1024,768
99338510,0.860060453414917,110.657958984375,199.34201049804688,680.7122802734375,572.1815795898438,25,143,767,629,1024,683
99851323,0.648086428642273,313.98358154296875,582.7295532226562,473.6531066894531,621.0194702148438,290,576,498,627,768,1024
101746139,0.7156491279602051,481.1509704589844,229.79849243164062,692.339111328125,699.738037109375,449,159,725,768,1024,768
102714830,0.8759425282478333,47.80621337890625,211.54989624023438,791.177001953125,460.68035888671875,0,174,903,499,1024,578
103563384,0.8208412528038025,365.05157470703125,21.661828994750977,612.318603515625,489.1986083984375,327,0,650,560,1024,576
103688661,0.8326123952865601,89.42571258544922,353.05084228515625,706.5866088867188,522.2760009765625,0,327,768,548,768,768
103689386,0.3946097493171692,433.6675109863281,222.84280395507812,587.3577880859375,844.2208251953125,410,129,611,938,1024,1024
104640074,0.8705565333366394,95.27407836914062,27.19122886657715,917.585693359375,619.6259155273438,0,0,1024,683,1024,683
104641136,0.8671092391014099,450.0718994140625,1.148061990737915,685.40283203125,498.2442321777344,414,0,721,573,1024,683
104914350,0.8309777975082397,313.7193908691406,162.98876953125,674.0103759765625,629.307861328125,259,93,729,700,1024,768
105716365,0.9035512804985046,92.52105712890625,71.8391342163086,778.8549194335938,492.900390625,0,8,882,557,1024,683
109899080,0.46763062477111816,325.6469421386719,0.456268310546875,663.9522705078125,896.87158203125,274,0,715,1024,768,1024
110163676,0.9101927876472473,89.25466918945312,226.06190490722656,839.81494140625,498.5407409667969,0,185,953,540,1024,683
110378784,0.7444247007369995,239.74249267578125,355.93341064453125,883.9290161132812,506.5350036621094,143,333,981,530,1024,768
115069020,0.8019078373908997,142.82855224609375,190.15151977539062,766.74267578125,750.9324951171875,49,106,768,836,768,1024
117987067,0.5819345712661743,13.662445068359375,78.47785186767578,1013.2586669921875,620.5370483398438,0,0,1024,683,1024,683
119677378,0.8567113280296326,508.75970458984375,338.47589111328125,893.2478637695312,467.5370178222656,451,319,951,487,1024,684
122279823,0.8431047201156616,339.1654052734375,280.7640686035156,567.5227661132812,735.1885986328125,304,212,602,804,943,1024
123805196,0.8624489307403564,195.830322265625,226.6754608154297,739.6005859375,321.5087890625,114,212,822,336,1024,576
125170255,0.9039868116378784,139.70050048828125,97.79119873046875,771.6517944335938,536.6089477539062,44,31,867,603,1024,683
127473090,0.48332110047340393,194.98301696777344,597.2147216796875,589.4209594726562,940.4642333984375,135,545,649,992,768,1024
129751028,0.24232015013694763,113.98887634277344,85.89141845703125,765.7299194335938,837.4686279296875,16,0,768,951,768,1024
131173603,0.9118910431861877,88.6373291015625,247.5186309814453,879.2598266601562,427.7015075683594,0,220,998,455,1024,768
131414418,0.5277860760688782,402.0953674316406,83.50885009765625,617.899169921875,222.30885314941406,369,62,651,244,1024,768
132244315,0.8180755376815796,1.421966552734375,186.5061492919922,967.0933837890625,603.435546875,0,123,1024,666,1024,768
133030194,0.5399156808853149,125.91275024414062,246.5977020263672,306.866455078125,613.2551879882812,98,191,335,669,460,1024
133739311,0.8509814143180847,432.96917724609375,-3.4427490234375,645.0408325195312,927.4705810546875,401,0,677,1024,768,1024
135759592,0.4142704904079437,308.06939697265625,461.3392333984375,432.0969543457031,635.94580078125,289,435,451,663,768,1024
136388794,0.8174338936805725,293.5888671875,285.8077697753906,863.2762451171875,596.1985473632812,208,239,949,643,1024,768
136883555,0.8373584151268005,398.9149169921875,147.56088256835938,630.0291748046875,414.14630126953125,364,107,665,455,1024,630
138105753,0.7108457684516907,195.01278686523438,356.25567626953125,585.4322509765625,626.607666015625,136,315,644,668,768,1024
138129815,0.794854998588562,156.07403564453125,298.3198547363281,890.9036254882812,485.9676818847656,45,270,1002,515,1024,768
139744107,0.925221860408783,127.43392944335938,312.46453857421875,989.286376953125,513.6553955078125,0,282,1024,544,1024,768
139962140,0.4219249188899994,81.12723541259766,62.62152099609375,842.19873046875,820.4041748046875,0,0,957,935,1010,1024
140156474,0.4110684096813202,0.8297038078308105,201.02857971191406,43.28895568847656,276.6124267578125,0,189,50,288,768,1024
143927364,0.8614780306816101,464.0310363769531,28.497934341430664,609.1627197265625,543.4234619140625,442,0,631,621,1024,684
144407321,0.9138107299804688,48.15008544921875,292.213623046875,1007.0784301757812,498.5168151855469,0,261,1024,530,1024,768
144426433,0.8542528748512268,14.306640625,218.1173858642578,829.5595092773438,446.7091369628906,0,183,952,481,1024,768
145028625,0.8958529233932495,87.45236206054688,362.02490234375,978.6724853515625,626.9362182617188,0,322,1024,667,1024,768
146486400,0.8345783948898315,435.22296142578125,174.54986572265625,662.6135864257812,574.5654296875,401,114,697,635,1024,683
147100969,0.7484769821166992,479.03863525390625,247.82537841796875,615.3484497070312,327.559326171875,458,235,636,340,1024,576
150204059,0.484203577041626,672.2198486328125,491.19232177734375,803.971923828125,551.8717041015625,652,482,824,561,1024,768
150997565,0.5250993967056274,306.5962829589844,74.0634765625,508.8862609863281,1025.875,276,0,540,1024,768,1024
151010034,0.48658791184425354,102.138427734375,276.966552734375,1026.9874267578125,442.31390380859375,0,252,1024,468,1024,768
151473998,0.6728812456130981,138.1427001953125,237.12786865234375,384.9914245605469,816.5462036132812,101,150,423,904,768,1024
151474660,0.8803116679191589,334.8632507324219,51.80615234375,495.3793029785156,842.7425537109375,310,0,520,962,768,1024
153738163,0.5123075842857361,99.92697143554688,0.08225440979003906,237.82647705078125,77.5218505859375,79,0,259,90,1024,768
156201344,0.676855206489563,-1.535888671875,455.5479736328125,490.3074645996094,739.3271484375,0,412,565,782,768,1024
157478555,0.5001996159553528,28.879974365234375,124.44717407226562,900.9837646484375,855.862060546875,0,14,1024,966,1024,1024
161388796,0.6683570742607117,189.9689483642578,483.376220703125,525.7846069335938,823.63671875,139,432,577,875,769,1024
163051110,0.8327930569648743,28.564453125,313.05560302734375,983.0977172851562,598.0833740234375,0,270,1024,641,1024,768
163985712,0.42094969749450684,159.60067749023438,160.02813720703125,584.3544921875,614.4823608398438,95,91,649,683,768,1024
163985845,0.8798800110816956,199.3506317138672,47.2091064453125,359.1979064941406,781.9332275390625,175,0,384,893,768,1024
165889396,0.8743358254432678,238.12271118164062,157.424072265625,639.799072265625,861.7445678710938,177,51,701,968,768,1024
165890156,0.8293435573577881,298.3684387207031,184.47573852539062,422.9310607910156,710.2235107421875,279,105,442,790,768,1024
166733347,0.5737626552581787,6.396148681640625,182.9744110107422,685.990234375,477.068115234375,0,138,788,522,1024,576
169331508,0.8809447884559631,79.14535522460938,263.10980224609375,847.213134765625,604.3804931640625,0,211,963,656,1024,768
170831271,0.8993355631828308,88.20842742919922,87.39254760742188,434.1818542480469,887.9217529296875,36,0,487,1009,562,1024
171530693,0.8756678104400635,65.64839172363281,-2.428070068359375,300.57977294921875,911.5399169921875,30,0,336,1024,576,1024
173174030,0.43281739950180054,-0.70196533203125,210.2666778564453,956.8485107421875,415.2986755371094,0,179,1024,447,1024,683
173762134,0.430759459733963,257.0626525878906,371.5979309082031,532.9685668945312,599.4193115234375,215,337,575,634,768,1024
177464664,0.8619858026504517,50.902984619140625,250.03225708007812,858.2818603515625,536.7110595703125,0,207,980,580,1024,683
177973611,0.8814669251441956,117.77721405029297,276.294921875,297.27764892578125,963.62451171875,90,173,325,1024,768,1024
177984262,0.8426423072814941,111.1812515258789,333.2519836425781,374.2045593261719,803.2255859375,71,262,414,874,768,1024
180573877,0.8460565805435181,263.09246826171875,164.05630493164062,1023.1749877929688,399.83599853515625,149,128,1024,436,1024,768
180919712,0.872330367565155,34.58709716796875,189.81614685058594,680.288818359375,681.9764404296875,0,115,778,683,1024,683
181689319,0.7185555100440979,247.44253540039062,340.4509582519531,1000.353271484375,534.29638671875,134,311,1024,564,1024,768
185530719,0.817753255367279,123.5845947265625,242.35049438476562,852.3546752929688,446.8959655761719,14,211,962,478,1024,683
188647163,0.867970883846283,185.78530883789062,204.15081787109375,879.6632080078125,635.3204345703125,81,139,984,700,1024,768
188669611,0.6479375958442688,105.76397705078125,106.95387268066406,900.398193359375,692.5577392578125,0,19,1020,768,1024,768
188973666,0.4044654965400696,400.76654052734375,53.45530700683594,942.2199096679688,599.6499633789062,319,0,1024,682,1024,768
189446293,0.7235597968101501,274.8265380859375,499.8458251953125,418.2362365722656,637.843505859375,253,479,440,659,768,1024
191923983,0.7083958387374878,396.59564208984375,432.6426696777344,942.8069458007812,521.5997314453125,314,419,1024,535,1024,693
192787210,0.5884450078010559,327.5968322753906,198.45571899414062,857.6494140625,495.33270263671875,248,153,938,540,1024,768
193575061,0.3170498013496399,183.54220581054688,524.9262084960938,253.19320678710938,556.3716430664062,173,520,264,562,678,1024
194280187,0.48440903425216675,405.3968811035156,238.81048583984375,572.6051025390625,372.2554626464844,380,218,598,393,800,600
195381564,0.8719018697738647,305.2880554199219,28.13580322265625,521.243408203125,846.7996215820312,272,0,554,970,768,1024
195823337,0.7680755853652954,132.81011962890625,314.9150085449219,980.3146362304688,422.0739440917969,5,298,1024,439,1024,682
195922133,0.8945814371109009,202.21286010742188,40.518653869628906,831.777587890625,510.26922607421875,107,0,927,581,1024,668
196276320,0.8599372506141663,156.04248046875,327.7036437988281,661.8994750976562,505.2796325683594,80,301,738,532,1024,768
197716920,0.877357006072998,149.57545471191406,396.25946044921875,434.6662902832031,656.9545288085938,106,357,478,697,750,1024
198371607,0.8404214382171631,107.970947265625,214.80755615234375,894.119873046875,446.2752685546875,0,180,1013,481,1024,687
198382357,0.6281705498695374,175.24575805664062,421.72930908203125,442.74700927734375,546.1026611328125,135,403,483,565,768,1024
200487383,0.6400461792945862,560.40966796875,139.77999877929688,731.79345703125,309.5186767578125,534,114,758,335,1024,768
200611297,0.8411762118339539,344.3814697265625,203.9544219970703,647.1067504882812,377.4604797363281,298,177,693,404,1024,576
202638488,0.670738697052002,363.25396728515625,118.91309356689453,577.1661376953125,441.9947509765625,331,70,610,491,1024,683
203550070,0.4276469647884369,132.34909057617188,222.30026245117188,853.0361328125,560.8473510742188,24,171,962,612,1024,683
205353749,0.857134222984314,189.86627197265625,222.28489685058594,600.7099609375,310.1793212890625,128,209,663,324,1024,683
205638397,0.8194549679756165,251.118896484375,186.2540740966797,874.83154296875,317.46502685546875,157,166,969,338,1024,617
205645954,0.6754387617111206,281.20928955078125,679.3280029296875,379.6766357421875,719.75634765625,266,673,395,726,768,1024
209036892,0.7668927907943726,137.653564453125,248.6554412841797,871.6683959960938,656.1166381835938,27,187,982,718,1024,768
214254430,0.7241126298904419,250.84335327148438,217.61875915527344,752.04345703125,346.93951416015625,175,198,828,367,1024,683
216052395,0.8332360982894897,238.73239135742188,165.13711547851562,457.79168701171875,896.8028564453125,205,55,491,1007,768,1024
218093946,0.8208439350128174,250.1009521484375,257.1466979980469,767.410888671875,525.3682861328125,172,216,846,566,1024,768
218104379,0.7991178631782532,323.3542785644531,236.72438049316406,682.4647216796875,551.8649291992188,269,189,737,600,1024,683
218858826,0.6130114793777466,716.2969970703125,234.38760375976562,807.1270751953125,312.509033203125,702,222,821,325,1024,683
219299205,0.564405083656311,3.853780746459961,287.4698486328125,303.99212646484375,485.1988525390625,0,257,350,515,461,1024
219563515,0.8630660176277161,-0.57843017578125,48.745201110839844,958.0467529296875,404.9022521972656,0,0,1024,459,1024,490
223999694,0.7637413144111633,163.56723022460938,371.7998046875,457.11248779296875,479.3857421875,119,355,502,496,768,1024
227272212,0.8037338256835938,220.08859252929688,193.11956787109375,379.0037536621094,830.2639770507812,196,97,403,926,768,1024
227675678,0.8565006256103516,268.4126892089844,74.53273010253906,891.0877685546875,491.5095520019531,175,11,985,555,1024,576
229177885,0.8834049701690674,221.3440704345703,86.64682006835938,411.2811279296875,1002.23583984375,192,0,440,1024,768,1024
229487391,0.7254506349563599,3.990478515625,130.94171142578125,773.4813232421875,546.3642578125,0,68,889,609,1024,683
229718547,0.8013445734977722,288.50152587890625,271.663330078125,1024.427001953125,450.860107421875,178,244,1024,478,1024,683
231519420,0.6952018737792969,302.2207946777344,380.58447265625,464.9424133300781,561.4673461914062,277,353,490,589,771,1024
232234268,0.9160414338111877,292.00537109375,375.162841796875,691.4274291992188,566.1651611328125,232,346,752,595,1024,768
233075966,0.830741822719574,6.808746337890625,181.48233032226562,1004.4168701171875,409.3240966796875,0,147,1024,444,1024,576
235101057,0.785692572593689,135.38095092773438,235.33840942382812,808.6220703125,511.8983459472656,34,193,910,554,1024,683
238614846,0.8643606305122375,417.260009765625,169.78292846679688,559.5311279296875,538.1854858398438,395,114,581,594,1024,683
239825285,0.8242167830467224,225.64236450195312,297.989501953125,986.0745849609375,505.27716064453125,111,266,1024,537,1024,768
243233049,0.265440434217453,181.04417419433594,21.896377563476562,224.4946746826172,53.20624542236328,174,17,232,58,768,1024
243334147,0.8711158633232117,3.7653791904449463,332.05218505859375,698.5053100585938,694.9727172851562,0,277,769,750,769,1024
244249296,0.5000776052474976,386.4786376953125,143.21112060546875,613.8229370117188,712.6268920898438,352,57,648,799,1024,1024
248749564,0.8669483661651611,379.361328125,90.07230377197266,616.5045166015625,610.59716796875,343,11,653,689,1024,768
248887752,0.8668476939201355,242.2701873779297,355.6964416503906,644.6716918945312,546.2506103515625,181,327,706,575,1024,1006
248999186,0.8519041538238525,160.72222900390625,302.246826171875,875.9630737304688,482.83453369140625,53,275,984,510,1024,768
249135960,0.6675257682800293,392.5343322753906,245.249755859375,709.56640625,321.00762939453125,344,233,758,333,1024,768
249138927,0.21339623630046844,60.763641357421875,425.3030090332031,89.95149230957031,463.46136474609375,56,419,95,470,1024,768
249505829,0.5995031595230103,340.81884765625,335.8672180175781,513.610595703125,655.277587890625,314,287,540,704,768,1024
251221035,0.7748055458068848,345.4630126953125,306.2376708984375,676.44482421875,367.8612060546875,295,296,727,378,1024,768
251290542,0.8740042448043823,253.96209716796875,166.9830322265625,1024.83251953125,438.23992919921875,138,126,1024,479,1024,683
252476857,0.8801377415657043,188.87379455566406,461.9433288574219,750.1200561523438,713.4531860351562,104,424,768,752,768,1024
253302874,0.9178703427314758,102.44244384765625,271.84893798828125,858.5736083984375,493.5777282714844,0,238,972,527,1024,768
254614753,0.8802310228347778,153.10836791992188,323.71502685546875,1022.2127685546875,673.0916137695312,22,271,1024,726,1024,768
255166015,0.8662013411521912,286.18341064453125,200.60580444335938,708.8500366210938,397.3548278808594,222,171,773,427,1024,683
255950464,0.8913766145706177,13.098197937011719,353.35992431640625,763.2939453125,724.0592651367188,0,297,768,780,768,1024
256370551,0.6807225942611694,397.8487243652344,332.2069091796875,798.86328125,417.74896240234375,337,319,860,431,1024,768
256771685,0.8787922263145447,173.35504150390625,324.49267578125,974.4828491210938,545.6060791015625,53,291,1024,579,1024,769
257443950,0.6945878863334656,346.2945556640625,165.04559326171875,588.3192749023438,552.4444580078125,309,106,625,611,1024,768
257689302,0.8014640212059021,92.62074279785156,249.7307891845703,331.4947509765625,549.9830932617188,56,204,368,596,576,1024
258345233,0.8640006184577942,99.35562133789062,246.84579467773438,955.73388671875,424.8498840332031,0,220,1024,452,1024,609
258564687,0.532642662525177,165.65591430664062,74.78231811523438,908.7635498046875,394.1961669921875,54,26,1021,443,1024,773
258810992,0.873691201210022,304.5404052734375,244.69573974609375,592.4839477539062,400.6202087402344,261,221,636,425,1024,683
259403922,0.8672968745231628,78.08193969726562,285.09271240234375,781.1766357421875,500.5135192871094,0,252,887,533,1024,683
260369912,0.4441947042942047,236.32676696777344,166.961669921875,510.247314453125,955.9483642578125,195,48,552,1024,876,1024
261698001,0.6523549556732178,362.22479248046875,309.9923400878906,610.16748046875,412.50628662109375,325,294,648,428,1024,768
262582812,0.90691077709198,47.078521728515625,274.359130859375,963.0596923828125,493.185302734375,0,241,1024,527,1024,683
262676527,0.8125813603401184,433.75616455078125,2.240575075149536,573.1021728515625,408.00103759765625,412,0,595,469,1024,683
262961943,0.6099664568901062,219.001708984375,326.7332763671875,852.4906005859375,403.5627746582031,123,315,948,416,1024,683
263616216,0.91277015209198,40.10833740234375,170.35638427734375,997.3078002929688,488.45269775390625,0,122,1024,537,1024,576
263716733,0.9070888757705688,140.55941772460938,300.08740234375,931.2359619140625,457.03466796875,21,276,1024,481,1024,768
264321926,0.3496970236301422,133.38092041015625,166.8376007080078,754.5735473632812,763.86669921875,40,77,848,768,1024,768
266567346,0.560688316822052,178.79945373535156,256.0628662109375,354.7899169921875,811.765380859375,152,172,382,896,622,1024
266745403,0.3739253878593445,233.72528076171875,37.27899169921875,657.7962036132812,497.1116638183594,170,0,722,567,1024,768
267170947,0.8269001841545105,112.06375122070312,94.81967163085938,619.9495849609375,877.675048828125,35,0,697,996,768,1024
267484862,0.8174508810043335,220.5058135986328,193.70657348632812,477.915771484375,880.08935546875,181,90,517,984,769,1024
268196215,0.44123733043670654,282.18804931640625,884.4534912109375,611.236328125,1020.3585205078125,232,864,661,1024,991,1024
269743894,0.8044556975364685,39.031890869140625,172.413330078125,828.3294677734375,473.6571960449219,0,127,947,519,1024,683
271677657,0.6067953109741211,267.6795349121094,351.92034912109375,682.065673828125,671.2037963867188,205,304,745,720,768,1024
272133340,0.864551842212677,175.87612915039062,334.5380859375,788.4703369140625,564.3870849609375,83,300,881,599,1024,768
274657672,0.5352835655212402,93.73921203613281,103.81300354003906,584.5520629882812,740.4762573242188,20,8,632,801,632,801
274747744,0.8934012651443481,172.00955200195312,128.99407958984375,943.96435546875,367.57635498046875,56,93,1024,404,1024,682
275551748,0.5346347689628601,268.82550048828125,314.6388244628906,1022.2333374023438,585.9312744140625,155,273,1024,627,1024,768
277305771,0.574904203414917,248.83877563476562,-0.6136474609375,767.2011108398438,852.6595458984375,171,0,768,981,768,1024
279928182,0.7744383811950684,584.1000366210938,318.1044006347656,814.9970092773438,456.2109375,549,297,850,477,1024,683
281422782,0.7563462853431702,389.6053161621094,259.11187744140625,554.638671875,404.9812316894531,364,237,580,427,1024,768
281664244,0.5004246234893799,316.8507080078125,273.7566833496094,756.4322509765625,489.1328430175781,250,241,823,522,1024,768
281786138,0.37526488304138184,488.2002868652344,180.08807373046875,532.09765625,379.74871826171875,481,150,539,410,768,1024
281896188,0.6598595976829529,318.17132568359375,220.8794403076172,615.2584838867188,393.8540344238281,273,194,660,420,1024,683
282270403,0.6651917695999146,90.71884155273438,184.74627685546875,890.0943603515625,584.4742431640625,0,124,1011,645,1024,768
285575807,0.8733035326004028,141.9726104736328,311.6155700683594,478.64508056640625,947.6954345703125,91,216,530,1024,768,1024
286291820,0.8290255665779114,-0.76519775390625,258.59808349609375,629.2179565429688,457.72454833984375,0,228,724,488,1024,768
288829150,0.7162774205207825,387.23370361328125,69.11089324951172,640.7477416992188,725.6986083984375,349,0,679,768,1024,768
288930435,0.8163000345230103,442.1399841308594,47.095821380615234,552.9981079101562,625.1239624023438,425,0,570,683,1024,683
289757440,0.7966606020927429,415.1885986328125,240.88050842285156,553.6660766601562,339.78955078125,394,226,575,355,1024,768
292869855,0.4259064793586731,52.4278564453125,310.6571044921875,905.01953125,484.4877014160156,0,284,1024,511,1024,798
293486592,0.8599780797958374,262.75299072265625,453.23858642578125,525.2496337890625,601.1926879882812,223,431,565,624,768,1024
295575214,0.3515767455101013,273.9259033203125,311.9409484863281,584.8504638671875,374.9515380859375,227,302,632,385,1024,768
296757633,0.6825953125953674,144.951171875,-0.4448826313018799,750.4798583984375,792.140380859375,54,0,842,856,1024,856
297072808,0.8907874822616577,55.94146728515625,178.4881134033203,667.2145385742188,299.3415222167969,0,160,759,318,1024,576
297179493,0.9013030529022217,333.615966796875,354.4317321777344,562.0216064453125,417.62481689453125,299,344,597,428,1024,768
297244874,0.5756801962852478,307.79437255859375,314.06500244140625,612.2714233398438,468.6138916015625,262,290,658,492,1024,756
297452779,0.8863092064857483,112.940185546875,51.52595138549805,837.1889038085938,297.6783142089844,4,14,946,335,1024,368
297474368,0.4644727408885956,318.070556640625,359.21929931640625,469.8458251953125,592.486083984375,295,324,493,628,768,1024
297505831,0.7900179624557495,303.1604309082031,548.9278564453125,408.9129638671875,907.9765625,287,495,425,962,768,1024
297777444,0.8608445525169373,333.53192138671875,120.56521606445312,532.2298583984375,968.38427734375,303,0,563,1024,768,1024
298861848,0.860626757144928,199.74656677246094,45.332061767578125,572.5638427734375,926.68701171875,143,0,629,1024,904,1024
299723736,0.410432904958725,20.16730308532715,54.92618179321289,461.34381103515625,142.4791259765625,0,41,528,156,622,300
300601621,0.8255168199539185,407.173583984375,-0.4073638916015625,723.865966796875,609.0322875976562,359,0,772,701,1024,768
305162255,0.9195693731307983,206.84097290039062,233.5343780517578,868.079345703125,344.15374755859375,107,216,968,361,1024,575
310132401,0.3310472071170807,337.6502990722656,265.4245910644531,1017.25732421875,536.7777709960938,235,224,1024,578,1024,683
311190860,0.5935038328170776,287.8699645996094,262.3790283203125,466.324462890625,641.5269775390625,261,205,494,699,768,1024
311351611,0.8926784992218018,257.2766418457031,91.88821411132812,435.43695068359375,1022.6605224609375,230,0,463,1024,768,1024
311922569,0.6990223526954651,172.40667724609375,420.3603210449219,396.24566650390625,777.9271240234375,138,366,430,832,576,1024
311922953,0.4146879017353058,180.08465576171875,424.845947265625,389.5933532714844,702.748046875,148,383,422,745,576,1024
312443667,0.41961875557899475,246.42979431152344,49.66557693481445,709.4203491210938,589.427490234375,176,0,779,671,1024,730
312821907,0.8920590877532959,77.3518295288086,250.26043701171875,762.4317626953125,763.3947143554688,0,173,768,841,768,1024
313478298,0.8072284460067749,366.4378662109375,199.6229705810547,845.6337890625,305.6456298828125,294,183,918,322,1024,455
313479214,0.48222774267196655,318.6064758300781,243.2045135498047,380.9156494140625,286.215576171875,309,236,391,293,576,1024
313824150,0.6347402930259705,226.8096160888672,410.30450439453125,368.2632751464844,508.05865478515625,205,395,390,523,576,1024
315007033,0.47036752104759216,6.271665573120117,440.3361511230469,488.0525207519531,526.3326416015625,0,427,561,540,576,1024
315025955,0.6924275755882263,92.829345703125,232.77993774414062,771.8887939453125,511.0655212402344,0,191,874,553,1024,724
316518693,0.726899266242981,396.6535949707031,-1.479022741317749,755.88427734375,503.4651794433594,342,0,810,577,1024,577
321025200,0.9175640344619751,39.32672119140625,334.3134765625,1016.4948120117188,561.3062744140625,0,300,1024,596,1024,768
321844932,0.6822976469993591,205.71524047851562,34.65330505371094,961.6632080078125,725.3109130859375,92,0,1024,768,1024,768
322964139,0.8750258684158325,338.0887451171875,297.44580078125,788.21875,431.4656677246094,270,277,856,452,1024,577
323755140,0.48375725746154785,64.50381469726562,75.74098205566406,942.399658203125,280.06048583984375,0,45,1024,311,1024,333
324467098,0.8569813370704651,2.4758269786834717,323.5510559082031,373.0458679199219,729.584716796875,0,262,429,791,478,1024
324656043,0.8478031754493713,125.28173828125,206.05746459960938,818.9323120117188,696.984619140625,21,132,923,771,1024,1024
324672443,0.864938497543335,184.4656982421875,89.78865051269531,782.1895751953125,478.7234191894531,94,31,872,538,1024,683
324679053,0.9079004526138306,90.69879150390625,341.67828369140625,889.8732299804688,463.6966552734375,0,323,1010,482,1024,768
324706129,0.8231304287910461,319.17279052734375,241.50009155273438,767.7354125976562,397.7562255859375,251,218,836,422,1024,680
324838631,0.8618714809417725,312.5032043457031,477.5821228027344,509.149658203125,596.2272338867188,283,459,539,615,768,1024
325011203,0.8417657613754272,173.86538696289062,353.06024169921875,1025.6541748046875,573.4197387695312,46,320,1024,607,1024,768
326417192,0.7046410441398621,468.6092224121094,163.7718505859375,606.8893432617188,465.4577941894531,447,118,628,511,1024,683
327360486,0.7852442264556885,174.05593872070312,278.0062561035156,782.7708740234375,392.1688537597656,82,260,875,410,1024,683
327494210,0.881973147392273,258.56951904296875,79.02001953125,515.0455322265625,822.150634765625,220,0,554,934,768,1024
328625580,0.5333567261695862,116.90054321289062,157.41326904296875,450.5289611816406,358.8348693847656,66,127,501,390,800,600
328891844,0.9040535688400269,180.85110473632812,204.70504760742188,469.017822265625,835.6343994140625,137,110,513,931,769,1024
330122393,0.877905011177063,292.41339111328125,255.83535766601562,681.44580078125,742.13134765625,234,182,740,816,916,1024
330568457,0.8972318172454834,308.4383544921875,292.0474548339844,545.267333984375,782.19189453125,272,218,581,856,768,1024
331046009,0.8094066381454468,256.0397644042969,501.6866455078125,634.0390014648438,648.470947265625,199,479,691,671,767,1024
331513760,0.8593398928642273,241.03909301757812,194.08990478515625,420.0180969238281,594.8721923828125,214,133,447,655,1024,768
331919358,0.670397937297821,270.60406494140625,81.59915161132812,945.4199829101562,509.8593444824219,169,17,1024,575,1024,683
332121383,0.8021460175514221,299.6000671386719,462.2293395996094,528.6787109375,611.218994140625,265,439,564,634,768,1024
332554520,0.8562836647033691,198.73194885253906,99.30406951904297,635.0869750976562,743.003662109375,133,2,701,768,1024,768
332853504,0.23303258419036865,260.16259765625,448.49493408203125,388.195556640625,588.6913452148438,240,427,408,610,768,1024
333308114,0.911095142364502,72.94924926757812,147.75851440429688,812.2166748046875,601.4443359375,0,79,924,670,1024,768
333314812,0.6879939436912537,314.99114990234375,411.486083984375,494.79888916015625,596.8063354492188,288,383,522,625,768,1024
334369276,0.8589463829994202,123.94485473632812,197.97357177734375,766.6094970703125,542.3175048828125,27,146,864,594,1024,683
336188894,0.24848060309886932,806.2861328125,934.5859985351562,1020.0211181640625,1023.4708862304688,774,921,1024,1024,1024,1024
336555616,0.8748077750205994,169.48275756835938,298.4747314453125,982.0048828125,489.8033752441406,47,269,1024,519,1024,768
336792935,0.7342978119850159,332.0815124511719,208.29989624023438,1016.614013671875,415.26068115234375,229,177,1024,447,1024,683
337531052,0.38237330317497253,-5.122752666473389,35.01690673828125,835.9796142578125,745.98779296875,0,0,859,853,859,1024
338185524,0.891543447971344,372.7640686035156,295.1996765136719,541.5802001953125,1016.01611328125,347,187,567,1024,768,1024
338427889,0.8580063581466675,434.0662841796875,2.6437463760375977,591.5596923828125,621.276611328125,410,0,616,683,1024,683
339227731,0.8043223023414612,221.72401428222656,558.1759643554688,398.15716552734375,786.8273315429688,195,523,425,822,768,1024
339561483,0.874214768409729,308.6802062988281,272.2478332519531,930.254150390625,617.70166015625,215,220,1024,670,1024,683
342224813,0.9003133177757263,271.3849182128906,129.4384765625,481.84625244140625,871.2379760742188,239,18,514,983,768,1024
344178913,0.8950670957565308,236.53431701660156,397.345458984375,748.1138916015625,545.9513549804688,159,375,768,569,768,1024
345655825,0.504655659198761,410.0858154296875,5.469893455505371,1028.63623046875,542.9838256835938,317,0,1024,624,1024,683
345656798,0.8129180073738098,406.3242492675781,179.89181518554688,479.7124938964844,304.7737731933594,395,161,491,324,1024,461
346178371,0.5787625908851624,247.17568969726562,238.42832946777344,552.0799560546875,507.61309814453125,201,198,598,548,771,1024
346561529,0.7920408248901367,363.8656311035156,488.4158935546875,603.72998046875,587.3291015625,327,473,640,603,768,1024
351955794,0.6913451552391052,538.5789184570312,363.0516662597656,563.165283203125,475.5461730957031,534,346,567,493,768,1024
353644157,0.1955963522195816,54.369598388671875,357.9314880371094,273.4486083984375,765.11474609375,21,296,307,768,1024,768
354926420,0.8635300397872925,72.59557342529297,114.63406372070312,593.9390869140625,606.885986328125,0,40,673,681,768,1024
356061350,0.8213589787483215,27.91949462890625,239.1192626953125,862.2503662109375,467.507568359375,0,204,988,502,1024,683
356444309,0.9006473422050476,46.027313232421875,262.5772705078125,1006.0760498046875,430.1779479980469,0,237,1024,456,1024,771
360867124,0.6994964480400085,376.9893493652344,352.46746826171875,769.3687133789062,726.1414184570312,318,296,769,783,769,1024
362951494,0.4992259740829468,2.228393316268921,447.70074462890625,75.16532135009766,484.18621826171875,0,442,87,490,461,1024
368012951,0.6554780006408691,315.9747314453125,557.477783203125,414.9420166015625,615.7252197265625,301,548,430,625,768,1024
368192660,0.7889515161514282,233.5928192138672,120.94477844238281,742.9932861328125,484.2999267578125,157,66,820,539,1024,768
370918942,0.6024816632270813,-0.4866943359375,202.4237823486328,888.9890747070312,436.5014953613281,0,167,1023,472,1024,683
373511391,0.869868278503418,53.83479309082031,479.0,590.7318115234375,655.062744140625,0,452,672,682,768,1024
377440910,0.47931304574012756,166.2633819580078,244.796630859375,580.4066162109375,984.5247802734375,104,133,643,1024,768,1024
379942050,0.9221482276916504,113.90228271484375,179.74078369140625,798.3167114257812,609.2034912109375,11,115,901,674,1024,768
380129750,0.5361412763595581,447.23638916015625,14.965387344360352,596.8759155273438,530.9263305664062,424,0,620,576,1024,576
382477898,0.8046936392784119,471.4574890136719,156.8378448486328,639.2828979492188,588.8683471679688,446,92,665,654,1024,768
384484380,0.3765539824962616,290.02203369140625,19.293914794921875,717.2062377929688,487.0040283203125,225,0,782,558,1024,768
385203113,0.7859965562820435,247.1995086669922,221.98159790039062,578.2877197265625,434.0763244628906,197,190,628,466,1024,768
387071422,0.48678532242774963,225.67190551757812,353.0257873535156,993.34814453125,538.590087890625,110,325,1024,567,1024,768
387476649,0.7353771328926086,424.032958984375,293.847900390625,700.2457275390625,356.7699890136719,382,284,742,367,1024,768
388404319,0.6254503726959229,521.47314453125,452.56439208984375,742.434326171875,577.6052856445312,488,433,776,597,1024,692
389616558,0.8712422847747803,221.72488403320312,217.53372192382812,758.4161376953125,361.0498352050781,141,196,839,383,1024,576
389912027,0.913284957408905,125.42138671875,321.77734375,957.2987060546875,505.11822509765625,0,294,1024,533,1024,768
392230632,0.603911280632019,167.643798828125,448.81951904296875,1020.9803466796875,765.800048828125,39,401,1024,768,1024,768
392388845,0.873781681060791,15.44488525390625,117.81493377685547,921.2774047851562,485.4351501464844,0,62,1024,541,1024,631
396093652,0.6264566779136658,398.9866943359375,208.5665283203125,976.1943359375,314.2462463378906,312,192,1024,331,1024,683
396335039,0.7666141390800476,-4.139862060546875,12.605761528015137,696.2008056640625,405.6069641113281,0,0,802,465,1024,683
396337359,0.7061887979507446,140.49301147460938,287.9369812011719,962.818115234375,511.6370849609375,17,254,1024,546,1024,683
396738824,0.867792546749115,103.2789306640625,265.8636474609375,801.6875610351562,470.1751403808594,0,235,907,501,1024,681
396738837,0.7000351548194885,229.41787719726562,304.1988220214844,1004.5006103515625,399.6378479003906,113,289,1024,414,1024,681
397460916,0.5995721220970154,184.49903869628906,480.59759521484375,364.9247131347656,524.787841796875,157,473,392,532,576,1024
398393357,0.8958999514579773,164.52276611328125,191.5870361328125,933.3161010742188,548.7255249023438,49,138,1024,603,1024,683
401465684,0.892271101474762,2.9122314453125,30.535531997680664,965.5482788085938,304.69183349609375,0,0,1024,334,1024,334
401718013,0.7151520252227783,275.9925537109375,282.1274108886719,981.2152099609375,388.3116760253906,170,266,1024,405,1024,683
403160399,0.6136218905448914,-2.514862060546875,187.3873748779297,560.257080078125,688.1148681640625,0,112,645,764,768,1024
403212987,0.8392181992530823,-0.73175048828125,182.4183807373047,704.6005249023438,496.36944580078125,0,135,811,544,1024,683
404390801,0.8312294483184814,207.65829467773438,196.57647705078125,1015.379638671875,490.00323486328125,86,152,1024,535,1024,769
405688441,0.7988643646240234,77.84579467773438,500.999755859375,379.2176208496094,580.470947265625,32,489,425,593,473,1024
8861425,0.9359896779060364,99.44842529296875,212.89047241210938,904.7581176757812,555.4389038085938,0,161,1024,607,1024,768
9989082,0.9217935800552368,44.5828857421875,186.81295776367188,969.761474609375,559.9501953125,0,130,1024,616,1024,768
12049990,0.9154555201530457,265.50634765625,138.05490112304688,517.228271484375,959.382080078125,227,14,555,1024,768,1024
12670575,0.8907400965690613,101.64959716796875,98.42637634277344,242.75994873046875,550.36279296875,80,30,264,619,480,640
12832037,0.6015203595161438,140.69921875,299.2371520996094,581.5916748046875,814.9971923828125,74,221,648,893,768,1024
16133345,0.8823528289794922,206.29347229003906,88.40457153320312,522.9327392578125,928.253173828125,158,0,571,1024,697,1024
33586467,0.6649186611175537,94.81094360351562,6.577744960784912,564.6158447265625,398.3473815917969,24,0,636,458,1024,613
68715700,0.8350803256034851,25.28912925720215,85.12361907958984,949.776611328125,423.7186584472656,0,34,987,475,987,572
69302829,0.8528395295143127,191.6519317626953,0.0691838264465332,463.9731750488281,750.9182739257812,150,0,505,752,752,752
71288819,0.8956040143966675,65.82254028320312,191.35403442382812,976.891357421875,464.69854736328125,0,150,1024,506,1024,768
74478404,0.41565632820129395,89.20117950439453,516.1355590820312,289.4273986816406,945.7249145507812,59,451,320,1011,742,1024
118770831,0.9175575971603394,62.51544189453125,107.81768035888672,1014.0811157226562,399.1985168457031,0,64,1024,443,1024,461
124679906,0.4297248125076294,60.296173095703125,106.47887420654297,1007.602294921875,701.0747680664062,0,17,1024,768,1024,768
124914623,0.89512038230896,233.12437438964844,100.73047637939453,477.42449951171875,650.6679077148438,196,18,515,734,690,920
127740822,0.529896080493927,308.42742919921875,266.6607666015625,433.1624450683594,322.3682861328125,289,258,452,331,768,1024
132953944,0.42243993282318115,0.980987548828125,1.2715352773666382,1021.7337646484375,684.1753540039062,0,0,1024,683,1024,683
136390334,0.7270914316177368,49.544586181640625,108.46847534179688,955.123779296875,406.78436279296875,0,63,1024,452,1024,768
143330406,0.5596418976783752,23.647808074951172,184.02801513671875,483.94976806640625,968.6472778320312,0,66,553,1024,800,1024
143994767,0.3665400743484497,437.065673828125,569.910400390625,738.2595825195312,755.2884521484375,391,542,768,784,768,1024
148523438,0.7637268900871277,245.5183868408203,143.25967407226562,620.2734985351562,890.2923583984375,189,31,677,1003,768,1024
149005477,0.4488714337348938,-0.15513184666633606,200.7737579345703,315.2627258300781,398.38812255859375,0,171,363,429,967,1024
153022891,0.8120867013931274,90.689453125,238.00039672851562,1019.4140625,587.704833984375,0,185,1024,641,1024,768
156229573,0.4682323932647705,138.98696899414062,103.0876235961914,359.5584411621094,667.1949462890625,105,18,393,752,1024,768
157291398,0.7654125094413757,204.47366333007812,379.809814453125,610.935546875,506.1871337890625,143,360,672,526,768,1024
159404495,0.6719078421592712,37.24639892578125,372.0665283203125,992.7819213867188,722.5120239257812,0,319,1024,768,1024,768
159812822,0.4968161880970001,137.477294921875,495.4085388183594,644.5765991210938,627.1282958984375,61,475,721,647,1024,675
163051244,0.8731434941291809,2.10675048828125,210.43006896972656,935.9974975585938,495.1990661621094,0,167,1024,538,1024,673
172134217,0.7177460789680481,80.71666717529297,23.383758544921875,440.34228515625,980.0499267578125,26,0,495,1024,768,1024
178503710,0.8173765540122986,30.026641845703125,276.6464538574219,962.41259765625,540.3301391601562,0,237,1024,580,1024,768
181168435,0.37008151412010193,-0.08637547492980957,1.7136998176574707,384.9097595214844,325.71044921875,0,0,385,324,385,324
181894259,0.453908771276474,358.392578125,58.87432861328125,663.0067138671875,1023.7145385742188,312,0,709,1024,768,1024
187741938,0.8632068634033203,25.535064697265625,103.660400390625,997.8603515625,377.81072998046875,0,62,1024,419,1024,576
187962853,0.5598514676094055,252.7664794921875,402.244873046875,926.89892578125,718.5029907226562,151,354,1024,766,1024,768
189570752,0.9207905530929565,9.630096435546875,160.55569458007812,966.8768310546875,547.846923828125,0,102,1024,606,1024,683
195478461,0.7174324989318848,20.396209716796875,167.29847717285156,898.64306640625,537.1854248046875,0,111,1024,553,1024,553
195478463,0.4228454828262329,275.6478271484375,99.51220703125,646.8214721679688,779.6010131835938,219,0,703,882,851,1024
195758400,0.8366219997406006,98.70974731445312,342.9358825683594,980.5714111328125,609.4605102539062,0,302,1024,650,1024,768
198659579,0.8768689632415771,215.06048583984375,139.36441040039062,489.87506103515625,906.3507080078125,173,24,532,1022,768,1024
206002010,0.44939056038856506,212.32858276367188,95.61555480957031,766.6568603515625,456.89312744140625,129,41,850,512,1024,768
206809432,0.8824442028999329,25.396728515625,160.2086181640625,919.0098266601562,446.8646240234375,0,117,1024,490,1024,768
217291794,0.8903619050979614,290.5198669433594,137.76327514648438,529.138916015625,860.315185546875,254,29,565,969,771,1024
222323861,0.9023895859718323,207.51919555664062,98.38973999023438,490.41412353515625,1019.1044921875,165,0,533,1024,768,1024
222830552,0.8715646266937256,31.182098388671875,233.93048095703125,1009.9803466796875,602.8079833984375,0,178,1024,659,1024,736
240238000,0.8805500864982605,213.05397033691406,93.04998779296875,563.1473999023438,966.8252563476562,160,0,616,1024,768,1024
243275103,0.893433153629303,49.795143127441406,362.41162109375,714.0953979492188,548.265869140625,0,334,768,577,768,1024
247170436,0.9017908573150635,-3.707733154296875,40.57761001586914,959.569091796875,327.858154296875,0,0,1024,354,1024,354
248214382,0.3833448588848114,13.402557373046875,3.5085067749023438,1006.0985107421875,770.3082275390625,0,0,1024,768,1024,768
248881416,0.7333746552467346,30.27725601196289,39.005615234375,407.62677001953125,992.509765625,0,0,465,1024,768,1024
251953750,0.42452916502952576,-0.261932373046875,-0.84259033203125,767.7274169921875,1022.6376342773438,0,0,768,1024,768,1024
257059412,0.9224532246589661,77.86276245117188,248.2438201904297,937.8890380859375,552.5972290039062,0,202,1024,599,1024,768
260607304,0.5710353851318359,39.008056640625,628.0150756835938,470.28021240234375,873.9041137695312,0,591,535,911,768,1024
262232445,0.7112277150154114,135.6549072265625,215.55789184570312,951.6483154296875,512.97265625,13,170,1024,558,1024,768
262920238,0.4830172061920166,78.71389770507812,3.1699905395507812,980.0140380859375,758.8027954101562,0,0,1024,768,1024,768
268954919,0.8849055171012878,171.64944458007812,169.87246704101562,765.5941162109375,721.98046875,82,87,768,805,768,1024
271286291,0.8919461369514465,216.4277801513672,111.56777954101562,474.7196960449219,883.1190185546875,177,0,514,999,768,1024
273647735,0.5139742493629456,165.6657257080078,265.471435546875,696.0079345703125,612.1351928710938,86,213,768,665,768,1024
277606271,0.5803812742233276,37.907867431640625,187.1754913330078,959.591064453125,456.3655700683594,0,146,1024,497,1024,768
277826959,0.8963816165924072,85.5943603515625,127.62910461425781,876.3499145507812,489.0970153808594,0,73,995,544,1024,702
283645515,0.8567354083061218,178.346435546875,66.44947814941406,800.1964111328125,593.62646484375,85,0,894,673,1024,768
283682033,0.8724589347839355,209.9608612060547,124.27261352539062,496.19390869140625,956.621826171875,167,0,540,1024,768,1024
286753966,0.921838104724884,41.792266845703125,229.24908447265625,993.1376953125,559.8097534179688,0,179,1024,610,1024,683
286972647,0.6051157116889954,181.49412536621094,27.77960205078125,483.9537048339844,878.5364379882812,136,0,530,1007,768,1024
293730144,0.8925471305847168,226.46707153320312,139.62042236328125,516.1929931640625,922.7960815429688,183,22,560,1024,768,1024
295106031,0.3707786202430725,-0.04278564453125,-0.4780597686767578,1023.9379272460938,575.513427734375,0,0,1024,576,1024,576
299075450,0.9196078181266785,261.57989501953125,130.9024658203125,508.13397216796875,939.091064453125,224,9,546,1024,768,1024
300016764,0.7075755000114441,3.0460519790649414,58.402008056640625,307.0510559082031,1013.5029296875,0,0,309,1024,309,1024
303618106,0.49985039234161377,172.96629333496094,189.60562133789062,547.7125854492188,984.6492919921875,116,70,604,1024,768,1024
303618109,0.8828936815261841,98.3411865234375,46.039703369140625,762.0104370117188,1016.1026611328125,0,0,768,1024,768,1024
306888871,0.7698311805725098,301.6356201171875,195.620849609375,547.4649658203125,821.9866943359375,264,101,585,916,672,1024
315679639,0.8896247744560242,249.88014221191406,96.85989379882812,523.6370849609375,834.65966796875,208,0,565,946,768,1024
316661567,0.39740774035453796,137.114990234375,321.66473388671875,975.7406005859375,593.0906372070312,11,280,1024,634,1024,768
316661580,0.6997650265693665,24.312164306640625,241.11376953125,931.9693603515625,520.4691162109375,0,199,1024,563,1024,768
318418759,0.8430380821228027,105.74435424804688,292.01568603515625,485.465576171875,812.1408081054688,48,213,543,891,576,1024
320533196,0.853630542755127,101.16053009033203,465.069580078125,661.1087036132812,747.567138671875,17,422,746,790,768,1024
321566015,0.8747038245201111,248.31275939941406,367.76751708984375,429.685302734375,661.2716674804688,221,323,457,706,768,1024
321720297,0.4926277995109558,155.343505859375,108.46383666992188,546.8344116210938,1021.2322998046875,96,0,606,1024,768,1024
321809428,0.8866510391235352,8.834747314453125,64.67989349365234,993.701416015625,376.83868408203125,0,17,1024,424,1024,576
322221170,0.9019010663032532,165.32882690429688,0.9020004272460938,1023.4390869140625,689.8851928710938,36,0,1024,768,1024,768
323435347,0.8855021595954895,30.501708984375,314.920654296875,632.4560546875,616.9549560546875,0,269,723,663,768,1024
325559372,0.8300648331642151,289.8943786621094,83.88250732421875,581.6067504882812,994.5975952148438,246,0,626,1024,786,1024
329538257,0.8993050456047058,142.2825164794922,81.00030517578125,534.1082763671875,1022.4791870117188,83,0,593,1024,768,1024
329545627,0.87274569272995,185.571044921875,29.160919189453125,471.85479736328125,820.100341796875,142,0,515,939,768,1024
329546368,0.8861409425735474,135.62420654296875,298.29095458984375,809.7042236328125,580.5220947265625,34,255,911,623,1024,768
330965375,0.421882301568985,105.64016723632812,62.69904327392578,947.6925048828125,607.7521362304688,0,0,1024,690,1024,768
333656000,0.8945477604866028,3.76934814453125,219.56216430664062,1018.7678833007812,571.49072265625,0,166,1024,625,1024,768
337046687,0.4736573398113251,-2.177215576171875,307.68963623046875,888.6453857421875,640.421142578125,0,257,1023,691,1024,768
337553003,0.4658792018890381,44.0263671875,97.54916381835938,772.5672607421875,649.544677734375,0,14,882,733,1024,768
338320895,0.815214991569519,172.37110900878906,305.5181579589844,587.3169555664062,390.0356140136719,110,292,650,403,1024,576
338451710,0.6304845213890076,278.90289306640625,394.33599853515625,444.062255859375,861.0415649414062,254,324,469,932,768,1024
338984976,0.8853275775909424,307.56182861328125,139.65577697753906,835.9010620117188,704.1920776367188,228,54,916,768,1024,768
339051504,0.5004048347473145,160.25802612304688,178.19607543945312,872.97509765625,516.5728149414062,53,127,980,568,1024,576
339103152,0.9146148562431335,127.25491333007812,182.8715362548828,912.84326171875,550.0248413085938,9,127,1024,606,1024,768
340090378,0.8116956949234009,253.4246826171875,108.59945678710938,470.3646240234375,863.603271484375,220,0,503,977,576,1024
340576006,0.6952221989631653,503.34930419921875,448.114501953125,750.3982543945312,654.2553100585938,466,417,788,683,1024,683
340783369,0.5049588084220886,25.152191162109375,135.80059814453125,1003.8648681640625,674.9915771484375,0,54,1024,756,1024,770
340783388,0.5023176074028015,0.4214935302734375,681.7636108398438,318.14190673828125,763.8213500976562,0,669,366,767,1024,767
340879221,0.44760823249816895,427.3219299316406,460.3844299316406,707.076171875,684.2033081054688,385,426,750,718,768,1024
342796733,0.8640960454940796,284.1476745605469,115.9644775390625,570.2154541015625,966.993896484375,241,0,614,1024,768,1024
342814211,0.8586606383323669,8.32135009765625,16.945640563964844,1015.2550048828125,518.8829345703125,0,0,1024,595,1024,724
347380569,0.9119566082954407,197.857177734375,52.486175537109375,531.0162353515625,962.367431640625,147,0,581,1024,768,1024
364145887,0.753860354423523,163.16265869140625,409.79791259765625,510.2828063964844,763.1527709960938,111,356,563,817,768,1024
368206286,0.9107339382171631,36.001373291015625,206.6725616455078,1004.282958984375,521.72705078125,0,159,1024,569,1024,741
370048665,0.824569046497345,176.5709686279297,50.2509765625,527.71044921875,950.517333984375,123,0,581,1024,768,1024
370168409,0.9015583992004395,156.348388671875,12.44024658203125,528.6917724609375,963.2382202148438,100,0,585,1024,768,1024
372165820,0.7195939421653748,234.10006713867188,33.02099609375,507.2593994140625,953.4159545898438,193,0,549,1024,768,1024
372178488,0.8949044346809387,227.15011596679688,71.62225341796875,491.22833251953125,965.6328735351562,187,0,531,1024,768,1024
374159073,0.9056153297424316,119.98663330078125,282.3709716796875,874.2694091796875,424.1330261230469,6,261,988,446,1024,683
379579928,0.8753345012664795,93.73519134521484,74.271728515625,405.5787048339844,979.08349609375,46,0,453,1024,515,1024
387080694,0.4184683859348297,216.34844970703125,247.82943725585938,762.9852905273438,961.006591796875,134,140,768,1024,768,1024
396019275,0.7301473617553711,72.63494110107422,315.239013671875,463.5910949707031,607.9024658203125,13,271,523,652,768,1024
397698921,0.44635793566703796,239.71182250976562,-6.589599609375,568.3204345703125,982.0941772460938,190,0,618,1024,768,1024
401440314,0.7504264116287231,70.83184814453125,236.6495819091797,927.100341796875,518.9325561523438,0,194,1024,562,1024,768
8860570,0.9251521229743958,42.281158447265625,162.9888153076172,966.4097900390625,509.2862548828125,0,111,1024,562,1024,768
9849274,0.9102742671966553,117.6983642578125,198.12982177734375,972.0341796875,515.8551635742188,0,150,1024,564,1024,768
12049822,0.8382505774497986,67.0649642944336,371.6763000488281,618.3788452148438,610.9840087890625,0,335,702,647,768,1024
12165836,0.5427199602127075,0.23275375366210938,53.81246566772461,592.1649780273438,384.4558410644531,0,4,640,435,640,480
13394375,0.8765787482261658,118.28167724609375,230.1256866455078,804.8262329101562,356.9043273925781,15,211,908,376,1024,574
13460685,0.5739083886146545,71.9049072265625,103.57821655273438,402.7907409667969,439.7104797363281,22,53,453,491,1024,768
15888838,0.8414991497993469,32.433502197265625,41.88477325439453,638.8651123046875,432.867919921875,0,0,651,450,651,450
18142256,0.8865175843238831,2.307830810546875,236.00210571289062,1020.7313232421875,665.9415283203125,0,171,1024,731,1024,768
25703498,0.8298391103744507,188.12234497070312,78.63235473632812,445.2591552734375,919.0189208984375,149,0,484,1024,661,1024
29685049,0.8708869814872742,221.92945861816406,11.918060302734375,637.2515869140625,1013.4620361328125,159,0,700,1024,768,1024
30306770,0.7260726094245911,100.42446899414062,80.87045288085938,610.91845703125,362.00836181640625,23,38,688,405,1024,486
38021538,0.39011186361312866,488.95391845703125,144.30984497070312,605.8212280273438,205.24928283691406,471,135,624,215,1024,768
38021539,0.7731865048408508,197.85546875,275.452880859375,816.2512817382812,633.2781982421875,105,221,910,687,1024,768
38397373,0.8942484855651855,84.41217041015625,5.4111175537109375,996.7565307617188,303.8506774902344,0,0,1024,344,1024,344
39044029,0.46893370151519775,128.12176513671875,86.61618041992188,583.17431640625,637.85400390625,59,3,652,721,768,1024
39044076,0.869742214679718,25.69970703125,36.729286193847656,964.3311767578125,753.897705078125,0,0,1024,768,1024,768
39044562,0.5834293365478516,227.01934814453125,247.14720153808594,717.0324096679688,682.2308959960938,153,181,791,748,1024,768
39243051,0.8767071962356567,104.1922607421875,277.4853515625,721.6632690429688,593.6614379882812,11,230,815,642,1024,768
40918616,0.3809177875518799,257.1757507324219,691.9173583984375,288.33251953125,710.238525390625,252,689,294,713,768,1024
41427868,0.7823629975318909,75.8416748046875,232.72142028808594,955.741943359375,375.2488708496094,0,211,1024,397,1024,623
43892206,0.8986872434616089,432.664306640625,251.323486328125,633.691162109375,894.5888671875,402,154,664,992,768,1024
51060224,0.3739367425441742,-0.14834143221378326,316.10772705078125,199.15379333496094,421.3221435546875,0,300,230,438,982,1024
51086210,0.9268931150436401,145.57122802734375,287.87628173828125,925.7605590820312,560.5819091796875,28,246,1024,602,1024,768
54350135,0.9122759103775024,52.665252685546875,363.4915771484375,692.6287841796875,780.7879638671875,0,300,768,844,768,1024
63668764,0.9207443594932556,151.73458862304688,300.6033935546875,810.0447998046875,450.205810546875,52,278,909,473,1024,768
66321268,0.8986528515815735,192.6907958984375,85.20223999023438,424.90350341796875,911.193603515625,157,0,460,1024,576,1024
66321314,0.894912600517273,143.1913604736328,82.67813110351562,454.35400390625,992.941650390625,96,0,502,1024,576,1024
66407507,0.9113637804985046,126.71115112304688,86.45335388183594,1022.19677734375,544.4254150390625,0,17,1024,576,1024,576
66442510,0.9269185066223145,14.8857421875,278.7320251464844,969.421875,529.6611328125,0,241,1024,568,1024,768
66498226,0.8772971034049988,190.49765014648438,44.934356689453125,981.052001953125,757.295654296875,71,0,1024,768,1024,768
66498624,0.8862018585205078,113.75038146972656,99.41238403320312,541.3375854492188,1024.0869140625,49,0,606,1024,768,1024
66734148,0.905838131904602,145.5267333984375,64.08517456054688,505.4065246582031,1017.500244140625,91,0,560,1024,682,1024
67494392,0.9304717779159546,6.41534423828125,234.78245544433594,1013.4091186523438,474.14715576171875,0,198,1024,511,1024,667
67520886,0.9219085574150085,117.37774658203125,152.02529907226562,834.89501953125,394.7643737792969,9,115,943,432,1024,576
68560852,0.879662811756134,33.905181884765625,18.49502944946289,935.683837890625,367.5068664550781,0,0,1024,420,1024,469
68562049,0.714952826499939,245.07418823242188,310.8080749511719,657.0565795898438,744.237060546875,183,245,719,810,768,1024
68562238,0.705217182636261,125.56791687011719,307.01739501953125,630.0565185546875,725.7826538085938,49,244,706,789,768,1024
68562804,0.6800434589385986,205.98611450195312,409.27020263671875,731.1595458984375,782.8713989257812,127,353,768,839,768,1024
69047898,0.8523057699203491,206.13461303710938,57.655609130859375,533.9927978515625,864.1474609375,156,0,584,986,768,1024
70846011,0.9130241870880127,193.04522705078125,180.3323974609375,518.3395385742188,933.6455078125,144,67,568,1024,768,1024
71004543,0.7173113822937012,328.95257568359375,332.60113525390625,662.0650634765625,455.6072998046875,278,314,713,475,1024,768
71004775,0.8262389898300171,243.70761108398438,117.689208984375,768.7491455078125,289.8104553222656,164,91,848,316,1024,587
72972084,0.8570438623428345,234.8660125732422,260.7733459472656,641.871826171875,546.3389282226562,173,217,703,590,1024,683
73351488,0.8597708344459534,16.572265625,285.2145690917969,856.0366821289062,631.264404296875,0,233,982,684,1024,768
73352407,0.8340858221054077,37.47320556640625,291.3749694824219,797.7508544921875,633.3379516601562,0,240,912,685,1024,727
73352697,0.848837673664093,150.61099243164062,345.03009033203125,820.76806640625,666.6226806640625,50,296,922,715,1024,768
73352770,0.8346812129020691,89.75588989257812,138.84434509277344,1019.8629150390625,498.427978515625,0,84,1024,553,1024,768
77656762,0.9100071787834167,31.07256317138672,256.32330322265625,745.797607421875,854.6790161132812,0,166,768,945,768,1024
78210334,0.9119418859481812,95.89933776855469,322.334228515625,632.4943237304688,774.0556640625,15,254,713,842,768,1024
82375112,0.882347822189331,173.0491180419922,150.48431396484375,404.1197509765625,744.4799194335938,138,61,439,834,576,1024
87266637,0.5145546197891235,215.342041015625,387.5654296875,476.71942138671875,480.410888671875,176,373,516,495,1024,768
89563781,0.9155948758125305,97.05746459960938,273.59747314453125,806.6885986328125,397.3816833496094,0,255,914,416,1024,683
91814145,0.3913500905036926,558.9348754882812,198.1688232421875,797.7887573242188,240.0806121826172,523,191,834,247,1024,498
92996459,0.8964731097221375,164.40646362304688,84.69024658203125,443.0286865234375,961.6506958007812,122,0,485,1024,768,1024
96260420,0.9182662963867188,54.43524169921875,174.63417053222656,975.8743286132812,417.41650390625,0,138,1024,454,1024,576
103823266,0.678081214427948,288.81805419921875,231.18695068359375,706.2554931640625,998.3262329101562,226,116,768,1024,768,1024
104381116,0.8950485587120056,225.87254333496094,212.15292358398438,589.0401000976562,897.3740234375,171,109,644,1001,768,1024
105594506,0.8973035216331482,94.21572875976562,124.95696258544922,957.22216796875,479.0278015136719,0,71,1024,533,1024,768
106334469,0.8318945169448853,265.34552001953125,265.97265625,898.6209106445312,616.7548217773438,170,213,994,670,1024,768
106799262,0.5101955533027649,724.6311645507812,146.2262420654297,951.6736450195312,765.1538696289062,690,53,986,768,1024,768
106799276,0.5123692154884338,101.15902709960938,30.450267791748047,848.0921630859375,313.024658203125,0,0,961,356,1024,768
106867256,0.7877313494682312,478.2502746582031,227.63612365722656,983.892333984375,427.09503173828125,402,197,1024,458,1024,768
108578478,0.8942022919654846,303.4743347167969,301.24041748046875,558.7567749023438,942.3801879882812,265,205,598,1024,768,1024
110403626,0.8313751220703125,119.79434967041016,23.326974868774414,477.40350341796875,302.5047302246094,66,0,532,304,562,304
110905254,0.7275444865226746,310.28668212890625,188.2357635498047,775.3840942382812,307.114501953125,240,170,846,325,1024,576
110905262,0.8011324405670166,45.2156982421875,101.08885955810547,677.7799072265625,378.7836608886719,0,59,773,421,1024,576
111519737,0.8793349862098694,138.77798461914062,65.39776611328125,775.017822265625,651.6693725585938,43,0,871,740,1024,768
112283197,0.6801649928092957,277.1273193359375,192.3975830078125,619.8157958984375,449.3789978027344,225,153,672,488,1024,683
116694514,0.7305537462234497,378.0797119140625,263.5207214355469,620.5545654296875,481.0624694824219,341,230,657,514,1024,768
117063573,0.4726610779762268,565.34423828125,601.27392578125,731.7381591796875,660.197998046875,540,592,757,670,1024,768
120406182,0.9204041957855225,103.884033203125,234.45166015625,969.495849609375,566.8800659179688,0,184,1024,617,1024,683
120902983,0.6677326560020447,199.9027862548828,440.7436828613281,350.8192138671875,943.3167724609375,177,365,374,1019,709,1024
121850991,0.8122615218162537,258.9039001464844,204.8125457763672,804.3197021484375,450.56005859375,177,167,887,488,1024,653
125528387,0.8972220420837402,351.17913818359375,128.41436767578125,704.2067260742188,800.5775146484375,298,27,758,902,768,1024
128313214,0.7757683396339417,96.4962158203125,409.43115234375,570.258056640625,681.6290283203125,25,368,642,723,768,1024
129397847,0.8654245138168335,213.4766387939453,309.09051513671875,683.6285400390625,429.9037170410156,142,290,755,449,1024,768
131677927,0.6353922486305237,321.3043518066406,179.3086700439453,677.876708984375,284.1409606933594,267,163,732,300,1024,767
134524500,0.6872237920761108,520.932861328125,398.7792053222656,832.3924560546875,494.5770263671875,474,384,880,509,1024,759
135124934,0.8671993017196655,293.39471435546875,337.8345947265625,718.7117309570312,475.5694580078125,229,317,783,497,1024,768
136487721,0.909922182559967,105.58531188964844,46.633544921875,428.8050231933594,966.9651489257812,57,0,478,1024,642,1024
136689967,0.3360694944858551,218.94265747070312,144.01211547851562,1007.262939453125,445.9260559082031,100,98,1024,492,1024,684
136690189,0.6717243790626526,174.45458984375,290.7970886230469,895.446533203125,555.3148193359375,66,251,1004,595,1024,684
137985039,0.7475504279136658,294.0868835449219,292.29034423828125,829.026611328125,409.09942626953125,213,274,910,427,1024,684
137985091,0.6924060583114624,342.58111572265625,250.27328491210938,755.9667358398438,365.2125549316406,280,233,818,383,1024,684
139246799,0.4446905255317688,420.9858093261719,181.7018280029297,815.718505859375,494.9415588378906,361,134,875,542,1024,945
140373067,0.8165392279624939,72.46139526367188,247.0629425048828,875.871826171875,463.5936584472656,0,214,997,497,1024,684
140983673,0.8835923075675964,2.7922987937927246,26.08482551574707,784.29931640625,399.04608154296875,0,0,828,397,828,397
150658504,0.80851811170578,250.56765747070312,86.2021484375,598.071533203125,929.6544189453125,198,0,651,1024,768,1024
153230698,0.8816500306129456,108.75432586669922,434.28668212890625,674.1633911132812,721.8871459960938,23,391,759,766,768,1024
153515542,0.8232026100158691,275.79345703125,15.65258502960205,553.4540405273438,581.6895751953125,234,0,596,667,1024,693
156305247,0.8872554302215576,127.79248809814453,167.37203979492188,315.38934326171875,792.5126953125,99,73,344,855,481,855
158786142,0.875633716583252,154.98373413085938,209.9870147705078,360.7107849121094,718.4183349609375,124,133,392,795,473,1024
171944458,0.8569516539573669,137.32049560546875,23.097190856933594,953.4649047851562,405.7612609863281,14,0,1024,464,1024,483
174491090,0.64823317527771,363.0662841796875,324.53021240234375,580.6823120117188,395.4591979980469,330,313,614,407,1024,683
174988518,0.8866797089576721,278.89837646484375,43.554168701171875,711.9575805664062,981.944091796875,213,0,777,1024,1024,1024
175597133,0.8732160925865173,172.609375,213.173583984375,491.33990478515625,816.8218994140625,124,122,540,908,768,1024
176722855,0.8995106816291809,284.33795166015625,282.5277099609375,703.685302734375,720.2828369140625,221,216,767,786,767,1024
177928542,0.8789400458335876,126.85441589355469,384.9132995605469,539.3401489257812,566.4074096679688,64,357,602,571,1024,571
180901102,0.7548773288726807,18.780920028686523,292.91021728515625,438.1844177246094,407.2244873046875,0,275,473,425,473,1024
181088274,0.46479591727256775,274.4210205078125,238.2703857421875,696.1939086914062,511.5227966308594,211,197,760,553,1024,768
181318141,0.7679888606071472,317.4078369140625,342.7792663574219,851.7725830078125,506.8261413574219,237,318,932,532,1024,768
181318206,0.924199104309082,194.77206420898438,226.5633544921875,971.6610107421875,466.6775207519531,78,190,1024,503,1024,768
184120186,0.9062356352806091,191.66098022460938,280.25958251953125,908.6744384765625,519.3850708007812,84,244,1017,556,1024,768
186080179,0.9175829887390137,49.404449462890625,166.657958984375,965.863037109375,567.6099853515625,0,106,1024,628,1024,768
186109592,0.9203502535820007,28.713287353515625,217.04702758789062,922.88134765625,572.4572143554688,0,163,1024,626,1024,683
188721384,0.8374699354171753,223.15435791015625,273.32476806640625,849.6255493164062,493.45318603515625,129,240,944,527,1024,683
189290799,0.8417686223983765,36.291011810302734,26.244625091552734,174.3546905517578,483.24359130859375,15,0,196,507,218,507
189604053,0.8970721960067749,251.5338134765625,209.61697387695312,797.9625244140625,483.0882263183594,169,168,880,525,1024,732
190802056,0.8631038069725037,88.99076843261719,92.8165283203125,368.7472839355469,901.3193969726562,47,0,411,1023,577,1024
190802124,0.8376448154449463,176.2788543701172,172.37362670898438,378.5778503417969,793.3465576171875,145,79,409,887,577,1024
191879927,0.8823276162147522,119.92990112304688,213.09197998046875,563.0098266601562,916.8279418945312,53,107,576,1023,576,1024
192417448,0.8084536194801331,335.0336608886719,282.150390625,551.5051879882812,844.5181884765625,302,197,584,929,771,1024
194156079,0.7774933576583862,537.3441772460938,272.75360107421875,830.2863159179688,999.3932495117188,493,163,875,1024,956,1024
194388124,0.8846950531005859,208.5133056640625,176.7403564453125,642.72265625,936.4697265625,143,62,708,1024,768,1024
194487436,0.8583576083183289,60.603515625,56.298160552978516,985.3211669921875,380.9471130371094,0,7,1024,430,1024,451
194888104,0.8460320830345154,46.385223388671875,381.18194580078125,961.673828125,710.7841186523438,0,331,1024,761,1024,1024
195285223,0.72651207447052,84.1470947265625,234.70277404785156,785.8250732421875,350.9028625488281,0,217,892,369,1024,653
196360238,0.9063069820404053,179.7689666748047,125.62289428710938,626.879638671875,918.4964599609375,112,6,694,1024,768,1024
196360250,0.6225690245628357,318.66644287109375,428.0692138671875,455.1597900390625,712.51513671875,298,385,476,756,768,1024
196424221,0.823131799697876,1.6846160888671875,358.44830322265625,766.1103515625,664.5697021484375,0,312,768,711,768,1024
196722001,0.8765292167663574,144.1260986328125,438.77569580078125,660.467529296875,600.8560791015625,66,414,738,626,1024,768
196928606,0.8633678555488586,100.08914184570312,267.3559265136719,1020.84521484375,463.6527099609375,0,237,1024,494,1024,768
196932212,0.9265883564949036,208.35609436035156,252.62051391601562,699.5018310546875,369.70599365234375,134,235,774,388,1024,576
197143971,0.7707535624504089,138.94386291503906,185.658935546875,361.31884765625,983.744140625,105,65,395,1024,768,1024
198519229,0.8949957489967346,298.073974609375,263.03369140625,537.0902099609375,1021.6212158203125,262,149,573,1024,683,1024
198519570,0.8908348679542542,223.54818725585938,64.89779663085938,548.2871704101562,922.7843017578125,174,0,597,1024,683,1024
198557220,0.8005901575088501,3.776824951171875,0.3957890272140503,1019.515380859375,483.9855651855469,0,0,1024,506,1024,506
198769465,0.8957858681678772,141.61941528320312,31.277435302734375,530.1026000976562,1017.5543212890625,83,0,589,1024,768,1024
198769688,0.8809166550636292,133.30349731445312,33.855621337890625,519.1614990234375,1019.5799560546875,75,0,578,1024,768,1024
200894514,0.8676323294639587,151.09780883789062,272.12335205078125,974.6773681640625,492.65386962890625,27,239,1024,526,1024,768
202339315,0.8984183073043823,23.72046661376953,449.92095947265625,732.033447265625,782.6936645507812,0,400,768,833,768,1024
203068847,0.9005540609359741,143.56103515625,309.2845764160156,725.59619140625,569.388671875,56,270,768,609,768,1024
203366109,0.5707054734230042,249.39041137695312,589.212890625,370.1773986816406,680.7393798828125,231,575,389,695,768,1024
203909408,0.4196792244911194,70.76931762695312,252.95822143554688,727.663330078125,569.1444702148438,0,205,827,617,1024,727
203909433,0.8306465148925781,218.63375854492188,33.19074630737305,873.6484375,377.4189758300781,120,0,972,418,1024,418
204349654,0.8723557591438293,6.497037887573242,66.256103515625,412.2260437011719,1021.2503662109375,0,0,474,1024,896,1024
207832839,0.9031908512115479,176.7707977294922,72.08984375,522.0185546875,911.4471435546875,124,0,574,1024,768,1024
209336633,0.8864004015922546,93.8983154296875,295.4223327636719,935.9140625,665.46826171875,0,239,1024,721,1024,768
209337189,0.8172293901443481,3.5639781951904297,401.85589599609375,639.00390625,703.6372680664062,0,356,695,749,695,1024
209339210,0.8917582035064697,261.4220275878906,120.2640380859375,525.581787109375,959.8536376953125,221,0,566,1024,768,1024
210449624,0.5839760303497314,249.603515625,326.1521911621094,862.1552734375,605.98193359375,157,284,955,648,1024,1024
213311864,0.903045117855072,-0.17818450927734375,220.8070068359375,733.84326171875,848.5487060546875,0,126,768,943,768,1024
216514524,0.8782517910003662,367.46722412109375,278.11822509765625,710.9208984375,450.21514892578125,315,252,763,477,768,1024
219436868,0.7453894019126892,315.45977783203125,382.78509521484375,463.8192443847656,864.1616821289062,293,310,487,937,768,1024
222136055,0.904069721698761,359.05987548828125,71.34127807617188,638.7503051757812,826.462890625,317,0,681,940,768,1024
226789445,0.8464621901512146,243.23019409179688,142.85452270507812,560.218994140625,876.4560546875,195,32,608,987,768,1024
229791750,0.8910162448883057,177.0652313232422,52.984893798828125,432.1216125488281,961.51953125,138,0,471,1024,771,1024
229792512,0.90304034948349,-1.470855712890625,355.5082702636719,1002.6231689453125,663.4537353515625,0,309,1024,710,1024,771
231891635,0.8799111843109131,73.65533447265625,576.3583374023438,909.2903442382812,902.7824096679688,0,527,1024,952,1024,1024
236238640,0.8961827754974365,49.60851287841797,244.36221313476562,665.2943115234375,567.7166748046875,0,195,758,617,768,1024
236645236,0.6730101108551025,462.59576416015625,394.2388916015625,737.4613647460938,604.4419555664062,421,362,779,636,1024,768
237083405,0.6022968292236328,400.8240051269531,229.7123565673828,650.7481689453125,485.70794677734375,363,191,689,525,1024,771
238645023,0.8748814463615417,60.980712890625,9.847784042358398,874.0391845703125,494.7130432128906,0,0,991,499,991,499
243467833,0.8608482480049133,193.22608947753906,260.2040710449219,339.54302978515625,691.6361083984375,171,195,362,757,461,1024
244822799,0.913760244846344,115.51864624023438,225.5913848876953,886.6639404296875,443.2493896484375,0,192,1003,476,1024,768
244822805,0.8950896263122559,57.33642578125,241.49583435058594,935.1495971679688,466.0846252441406,0,207,1024,500,1024,768
246062270,0.9029212594032288,71.09869384765625,283.494873046875,958.3547973632812,739.874755859375,0,215,1024,809,1024,1024
247184689,0.705079972743988,2.0248565673828125,155.22608947753906,311.61859130859375,402.43109130859375,0,118,359,440,1024,683
248827964,0.9080467820167542,208.15101623535156,98.19796752929688,511.822509765625,980.0263671875,162,0,558,1024,682,1024
249267098,0.8939447999000549,71.3083267211914,157.34829711914062,688.98828125,854.57275390625,0,52,769,960,769,1024
250016590,0.9119235873222351,64.73304748535156,239.52584838867188,739.0408325195312,807.002197265625,0,154,768,893,768,1024
250905209,0.8953671455383301,237.011474609375,63.70159912109375,458.7294616699219,785.9822387695312,203,0,492,895,768,1024
251994209,0.9006418585777283,120.09015655517578,105.16897583007812,594.6846313476562,982.841796875,48,0,666,1024,768,1024
253595716,0.9282014966011047,-1.786651611328125,288.09423828125,997.544677734375,535.713623046875,0,250,1024,573,1024,768
253897288,0.6244796514511108,296.5582580566406,225.9007568359375,767.7027587890625,373.7567138671875,225,203,768,396,768,1024
253949476,0.8781300783157349,114.08477783203125,333.402587890625,923.5438842773438,472.1092529296875,0,312,1024,493,1024,768
255798964,0.6276170015335083,413.29705810546875,464.1189880371094,618.9524536132812,563.6727905273438,382,449,650,579,1024,768
256033731,0.8791453242301941,11.048883438110352,29.90665626525879,634.7171020507812,261.39666748046875,0,0,643,262,643,262
257297170,0.675265908241272,368.2303161621094,328.5083923339844,516.5681762695312,361.4757385253906,345,323,539,367,1024,683
257389103,0.7975530624389648,163.27847290039062,401.2020263671875,816.2205810546875,710.7332763671875,65,354,915,758,1024,768
257685543,0.717026948928833,147.4399871826172,304.8434753417969,486.1885070800781,930.3389892578125,96,211,538,1024,768,1024
257685594,0.9124972224235535,137.7469024658203,170.3685302734375,461.6563720703125,1017.5718994140625,89,43,511,1024,768,1024
257685618,0.9013163447380066,284.4896240234375,307.5308837890625,969.210205078125,689.6929931640625,181,250,1024,748,1024,768
257685658,0.9012663960456848,106.18243408203125,265.5830383300781,1024.062744140625,631.04638671875,0,210,1024,686,1024,768
257775095,0.911261260509491,147.83905029296875,243.630859375,368.2691650390625,910.8297119140625,114,143,402,1011,768,1024
257775128,0.8939604163169861,346.1317138671875,332.1859130859375,641.4022216796875,878.811279296875,301,250,686,961,768,1024
258234931,0.9153664708137512,322.56512451171875,116.32388305664062,596.6646118164062,978.1712646484375,281,0,638,1024,768,1024
258927031,0.9140199422836304,234.4197235107422,151.11611938476562,539.9107055664062,1021.5355224609375,188,20,586,1024,768,1024
258931642,0.44168904423713684,244.1993865966797,140.83450317382812,489.15020751953125,952.2451171875,207,19,526,1024,768,1024
259600151,0.9119842648506165,67.70599365234375,332.19268798828125,683.3758544921875,699.5742797851562,0,277,768,755,768,1024
259702016,0.8716800808906555,127.3612060546875,136.86294555664062,771.6117553710938,363.5391540527344,30,102,869,398,1024,450
260599008,0.7906975150108337,60.67030334472656,425.66455078125,620.078857421875,851.3663330078125,0,361,704,916,768,1024
261082174,0.843169629573822,132.9293212890625,21.619049072265625,903.69482421875,324.48095703125,17,0,1020,370,1024,480
261082496,0.8148376941680908,208.79917907714844,13.737780570983887,811.0750732421875,256.0392761230469,118,0,902,293,903,325
261082692,0.8809263706207275,89.6502456665039,28.30731773376465,723.6552734375,265.41595458984375,0,0,819,297,911,297
261082858,0.8502532839775085,41.5802001953125,12.651305198669434,990.6539306640625,361.3388366699219,0,0,1024,414,1024,566
261279232,0.4356256127357483,72.49427032470703,67.42826080322266,294.2306823730469,645.2791137695312,39,0,328,727,457,727
263874813,0.7501559853553772,154.56539916992188,232.61090087890625,652.0783081054688,382.2569885253906,79,210,727,405,761,571
265050443,0.7310303449630737,300.6392822265625,363.70819091796875,725.361572265625,489.802978515625,236,344,790,509,1024,768
265573383,0.9068540930747986,43.252655029296875,295.77044677734375,995.1019287109375,703.5225219726562,0,234,1024,765,1024,1024
267688900,0.7247265577316284,194.76419067382812,337.44476318359375,447.2027893066406,961.5209350585938,156,243,486,1024,768,1024
267688941,0.9066720008850098,176.68898010253906,179.44314575195312,554.9298095703125,983.9327392578125,119,58,612,1024,768,1024
270476889,0.652195930480957,96.88302612304688,302.6531066894531,222.85140991210938,653.3153076171875,77,250,242,706,576,1024
270754933,0.9218670129776001,69.2337646484375,405.404052734375,691.66259765625,615.7362670898438,0,373,766,648,766,1024
274534318,0.9190991520881653,187.8848419189453,93.5377197265625,492.89166259765625,997.38134765625,142,0,539,1024,768,1024
274534728,0.8992609977722168,134.45941162109375,134.14511108398438,460.3251953125,957.99072265625,85,10,510,1024,768,1024
278039984,0.3900834918022156,212.55813598632812,43.90488052368164,597.6154174804688,496.5779113769531,154,0,646,565,646,649
278373881,0.9029247760772705,199.49050903320312,190.21023559570312,384.79193115234375,850.0396728515625,171,91,413,950,768,1024
278373963,0.9137693047523499,127.17503356933594,239.70419311523438,388.59881591796875,977.2449951171875,87,129,428,1024,768,1024
279027128,0.6970549821853638,225.4109344482422,62.318260192871094,739.7886962890625,620.88818359375,148,0,817,705,944,960
279027487,0.7449432611465454,84.66100311279297,248.91079711914062,407.6883850097656,452.7347717285156,36,218,457,484,528,960
286494591,0.9133337736129761,184.4207763671875,187.45751953125,902.748291015625,483.2584533691406,76,143,1011,528,1024,768
287870979,0.9100053906440735,145.03927612304688,137.9154052734375,401.8926086425781,867.6112670898438,106,28,441,978,768,1024
289020338,0.5482662320137024,168.53570556640625,200.55706787109375,501.1262512207031,973.7693481445312,118,84,552,1024,768,1024
289669063,0.8078896999359131,214.2322998046875,123.55245971679688,467.820068359375,863.69970703125,176,12,506,975,768,1024
289692242,0.44909125566482544,275.2451477050781,392.3550109863281,652.322509765625,535.3292236328125,218,370,709,557,768,1024
292052339,0.8700132966041565,121.4103012084961,105.80609130859375,357.4425048828125,909.9012451171875,86,0,393,1024,577,1024
292052462,0.9068653583526611,141.2150421142578,147.31210327148438,350.93804931640625,834.2056884765625,109,44,383,938,577,1024
292052889,0.6677733659744263,24.99310302734375,197.47677612304688,937.8621826171875,460.96923828125,0,157,1024,501,1024,568
298367831,0.386935830116272,301.58087158203125,140.63453674316406,766.7356567382812,239.5205535888672,231,125,837,255,1024,536
301867268,0.9218633770942688,86.82119750976562,288.4674987792969,954.519287109375,467.9693908691406,0,261,1024,495,1024,683
301867307,0.9233898520469666,146.23779296875,253.43235778808594,905.19921875,433.6789245605469,32,226,1020,461,1024,683
301867308,0.9155484437942505,233.41940307617188,284.5539245605469,925.165283203125,436.84246826171875,129,261,1024,460,1024,683
301867350,0.9278577566146851,92.70401000976562,264.15625,965.9803466796875,464.3381042480469,0,234,1024,495,1024,683
304686068,0.49544504284858704,82.89837646484375,136.0194091796875,983.4589233398438,696.42919921875,0,51,1024,767,1024,767
306939871,0.6847341060638428,281.6109924316406,426.9066467285156,482.09613037109375,553.8876953125,251,407,513,573,768,1024
308086553,0.8478703498840332,348.5247497558594,258.34716796875,692.054443359375,522.650634765625,296,218,744,563,1024,768
308125003,0.7295701503753662,151.65057373046875,259.9334716796875,735.9102783203125,507.3733215332031,64,222,824,545,1024,683
308125005,0.793891429901123,183.94403076171875,243.23202514648438,735.2301635742188,593.3886108398438,101,190,818,646,1024,683
311884968,0.3924623131752014,181.70846557617188,312.5729064941406,649.96875,539.7496337890625,111,278,721,574,1024,768
311917600,0.6714125871658325,237.67974853515625,348.3526306152344,832.0880737304688,440.3222351074219,148,334,922,455,1024,768
312935843,0.8680241703987122,232.5169677734375,350.1920471191406,861.804931640625,649.54541015625,138,305,957,695,1024,768
314516082,0.9081279635429382,34.6343994140625,136.49490356445312,999.791015625,582.0247192382812,0,69,1024,649,1024,768
315855623,0.7880865931510925,325.71484375,311.98638916015625,759.87548828125,599.7025756835938,260,268,825,643,1024,768
316055892,0.9191782474517822,99.32135009765625,335.172119140625,868.3318481445312,597.2174072265625,0,295,984,637,1024,768
319412271,0.8659122586250305,112.98422241210938,225.30535888671875,766.40771484375,565.14599609375,14,174,768,617,768,1024
320641887,0.6805264353752136,173.4224853515625,530.2591552734375,241.83209228515625,725.5518798828125,163,500,253,755,576,1024
324872946,0.8817200660705566,231.06381225585938,399.5788269042969,923.7061767578125,533.0265502929688,127,379,1024,554,1024,683
325370376,0.8898574709892273,17.9534912109375,137.4206085205078,968.7699584960938,624.85400390625,0,64,1024,698,1024,768
325484633,0.7911407947540283,192.69525146484375,275.3763427734375,673.6110229492188,573.9502563476562,120,230,746,578,1024,578
325920820,0.8718860149383545,209.5294189453125,295.98382568359375,547.361328125,829.3994750976562,158,215,599,910,768,1024
328578487,0.885765790939331,110.09706115722656,251.88543701171875,338.893310546875,965.5862426757812,75,144,374,1024,768,1024
328837408,0.9001074433326721,198.8128662109375,159.13125610351562,853.8924560546875,337.4269714355469,100,132,953,365,1024,473
329400032,0.7615067958831787,364.6044921875,335.7607421875,707.3377685546875,459.86785888671875,313,317,759,479,1024,768
329452986,0.8507857322692871,186.4532470703125,194.27134704589844,928.4051513671875,478.46209716796875,75,151,1024,522,1024,683
331525198,0.9043316841125488,84.7220458984375,152.85165405273438,1003.5582275390625,551.685791015625,0,93,1024,612,1024,768
331526220,0.8544961810112,-0.90191650390625,451.428955078125,716.0465087890625,863.7713623046875,0,389,824,926,1024,1024
331526253,0.8497656583786011,119.82874298095703,540.7763671875,782.833251953125,774.6436767578125,20,505,819,810,819,1024
331649876,0.43624112010002136,674.4732055664062,322.6029357910156,851.9044799804688,455.3800048828125,647,302,879,476,1024,768
331809930,0.8918604254722595,98.94994354248047,162.23818969726562,628.51416015625,840.586669921875,19,60,708,943,768,1024
331828034,0.7722709774971008,43.52899169921875,184.52032470703125,695.0407104492188,429.47100830078125,0,147,793,467,1024,683
332008639,0.8484416007995605,359.119873046875,439.3188171386719,622.511962890625,532.3070678710938,319,425,663,547,768,1024
332752773,0.8353458046913147,340.20513916015625,250.54454040527344,697.8048706054688,542.5115966796875,286,206,752,587,1024,768
335754105,0.7674504518508911,243.01876831054688,430.4433288574219,589.9070434570312,553.3646850585938,190,412,642,572,768,1024
338127999,0.8976619839668274,204.4764862060547,179.55606079101562,493.5849609375,949.0509033203125,161,64,537,1024,768,1024
340260794,0.6785271763801575,17.696685791015625,373.8439636230469,572.7982177734375,632.3426513671875,0,335,657,672,1024,735
340653853,0.4885137677192688,-1.0409431457519531,53.74398422241211,53.31810760498047,67.15646362304688,0,51,62,70,1024,683
341835084,0.9117319583892822,152.10919189453125,160.7126007080078,951.4579467773438,391.5480651855469,32,126,1024,427,1024,768
341835163,0.8985344767570496,190.88113403320312,371.7896728515625,917.10205078125,599.31689453125,81,337,1024,634,1024,768
341835186,0.8955937027931213,120.70111083984375,388.76324462890625,893.6315307617188,631.6917724609375,4,352,1010,669,1024,768
341998085,0.7667272686958313,118.82267761230469,183.5328369140625,422.9814453125,1002.923828125,73,60,469,1024,768,1024
342017394,0.428590327501297,196.40391540527344,175.3057403564453,643.7214965820312,407.0555419921875,129,140,711,442,1024,768
344627226,0.8752461671829224,186.68023681640625,300.19635009765625,886.8131713867188,493.48455810546875,81,271,992,523,1024,768
344699818,0.8684330582618713,102.32357025146484,434.2632751464844,651.2266845703125,856.9267578125,19,370,734,921,768,1024
346303575,0.7974966168403625,162.27191162109375,492.10504150390625,671.4805297851562,748.8314819335938,85,453,748,788,768,1024
349303855,0.9190186262130737,41.9465446472168,384.5099792480469,464.8922119140625,619.306396484375,0,349,529,655,677,1024
356412878,0.5919592380523682,1.4664344787597656,384.9995422363281,133.6205596923828,434.1383361816406,0,377,154,442,576,1024
361980256,0.8944038152694702,-1.892364501953125,47.74956130981445,850.1318359375,510.5711975097656,0,0,978,580,1024,627
361981612,0.856564462184906,157.04562377929688,399.54693603515625,762.7183227539062,680.3845825195312,66,357,768,723,768,1024
361982036,0.8473223447799683,308.82965087890625,105.74966430664062,748.5137939453125,836.8157958984375,242,0,768,947,768,1024
361982341,0.5696377158164978,187.49989318847656,415.1646728515625,658.95556640625,610.8878784179688,116,385,730,641,1024,768
361982869,0.89509516954422,35.075157165527344,258.9278869628906,483.5821228027344,796.66650390625,0,178,551,878,576,1024
361983393,0.9141388535499573,0.40631103515625,196.26708984375,737.510986328125,716.5283813476562,0,118,768,795,768,1024
361983694,0.8724396824836731,324.5281677246094,308.0846862792969,572.6445922851562,1022.088134765625,287,200,610,1024,768,1024
362012588,0.8190459609031677,114.48685455322266,534.4135131835938,676.2669067382812,769.1531372070312,30,499,761,805,768,1024
362012913,0.8836397528648376,33.917633056640625,365.179931640625,583.69677734375,609.695068359375,0,328,667,647,768,1024
362263303,0.6681143641471863,661.2868041992188,8.458599090576172,864.3823852539062,662.1668090820312,630,0,895,761,1024,830
362355654,0.8140961527824402,98.24663543701172,442.9389953613281,573.965576171875,646.3153076171875,26,412,646,677,768,1024
362355657,0.8339884877204895,10.162628173828125,629.7693481445312,618.6597900390625,876.2267456054688,0,592,710,914,768,1024
362967736,0.5267578363418579,386.77880859375,215.0123291015625,638.0010986328125,394.7013244628906,349,188,676,422,884,626
363822835,0.8980969190597534,60.548126220703125,94.07171630859375,267.1837463378906,750.8289794921875,29,0,299,850,768,1024
365661512,0.9005173444747925,119.34075927734375,220.20074462890625,779.6593017578125,626.7123413085938,20,159,879,683,1024,683
366784966,0.8125278353691101,323.0841064453125,254.8577117919922,644.775634765625,400.84661865234375,274,232,694,423,768,1024
370673741,0.8741803765296936,210.7155303955078,120.92779541015625,524.85693359375,982.9519653320312,163,0,572,1024,768,1024
372112849,0.8901739716529846,101.57173919677734,102.11740112304688,323.595947265625,475.86578369140625,68,46,357,532,477,636
379756999,0.8930807113647461,214.26992797851562,144.21133422851562,522.46240234375,909.2957763671875,168,29,569,1024,768,1024
387416320,0.846217155456543,73.17758178710938,86.5388412475586,890.8961181640625,405.8684997558594,0,38,1014,454,1024,607
388367528,0.8712406158447266,215.59811401367188,292.48260498046875,873.951904296875,678.77197265625,116,234,973,737,1024,768
389803094,0.9037246704101562,22.69394302368164,257.6222229003906,407.85308837890625,795.5018310546875,0,176,466,877,576,1024
390406999,0.8494991064071655,132.563232421875,118.1343994140625,458.0675354003906,890.8807373046875,83,2,507,1007,576,1024
392500823,0.793692946434021,2.8451614379882812,571.42236328125,500.6375427246094,913.28076171875,0,520,576,965,768,1024
392500890,0.7687830924987793,37.89960479736328,477.0167541503906,715.61083984375,798.7100830078125,0,428,768,847,768,1024
393706190,0.8789049386978149,85.89315795898438,362.3377685546875,916.598388671875,706.9879150390625,0,310,1024,759,1024,768
394224589,0.8883414268493652,88.70449829101562,120.54045104980469,987.9642333984375,597.5506591796875,0,48,1024,670,1024,730
394376147,0.8645333647727966,1.10150146484375,20.278953552246094,976.24267578125,592.4315185546875,0,0,1024,679,1024,768
395449237,0.6603165864944458,508.4324035644531,296.8241882324219,585.630859375,412.0477294921875,496,279,598,430,1024,768
396051332,0.8505129814147949,152.98773193359375,442.771240234375,655.14208984375,599.5159912109375,77,419,731,624,768,1024
397966180,0.8039319515228271,365.0667724609375,276.891357421875,608.8060302734375,890.2572021484375,328,184,646,983,768,1024
398333409,0.3950766921043396,300.6214599609375,217.80291748046875,732.1580810546875,374.13385009765625,235,194,797,398,1024,658
398338111,0.8855503797531128,7.9867706298828125,259.8792724609375,927.2747192382812,447.0047607421875,0,231,1018,476,1018,679
398804065,0.43033677339553833,86.91661834716797,389.00146484375,439.9354248046875,546.678466796875,33,365,493,571,576,1024
400799121,0.921489953994751,115.72640991210938,180.30868530273438,918.3663330078125,392.5923156738281,0,148,1024,425,1024,575
403196419,0.4146769642829895,325.12249755859375,152.80189514160156,615.1969604492188,198.70094299316406,281,145,659,206,768,1024
403508594,0.5127725601196289,337.2357177734375,215.7605743408203,595.4420776367188,454.6668701171875,298,179,635,491,1024,683
403513904,0.5621597766876221,335.906494140625,256.09765625,666.9420776367188,447.49957275390625,286,227,717,477,1024,683
405194006,0.34967854619026184,52.6124267578125,348.261962890625,610.785888671875,604.337890625,0,309,695,643,768,1024
406110694,0.8815994262695312,125.3691177368164,198.4552001953125,554.0499267578125,855.5958251953125,61,99,619,955,797,1024
406304958,0.862417995929718,20.20660400390625,307.8533935546875,907.65478515625,651.119873046875,0,256,1024,703,1024,768
406305021,0.9066425561904907,56.04351806640625,281.2150573730469,970.0545043945312,655.7239379882812,0,225,1024,712,1024,799
406305058,0.8571712374687195,50.86224365234375,443.28656005859375,923.3397827148438,803.496337890625,0,389,1024,858,1024,921
528596,0.825373113155365,1.791534423828125,147.58975219726562,1020.2926025390625,673.8353881835938,0,68,1024,683,1024,683
3759832,0.8616420030593872,269.62066650390625,276.9376220703125,558.2094116210938,455.2393798828125,226,250,602,482,768,1024
5012224,0.29692894220352173,303.68670654296875,58.81509017944336,698.8753662109375,552.8248901367188,244,0,698,554,698,554
6444631,0.6989392042160034,206.034423828125,113.33364868164062,772.2376098632812,230.7418670654297,121,95,858,249,1024,768
6678908,0.875205934047699,1.396636962890625,198.63552856445312,1019.92138671875,424.8797912597656,0,164,1024,459,1024,576
8974279,0.4368371367454529,171.0086212158203,199.52052307128906,594.5044555664062,427.38458251953125,107,165,659,462,745,649
10254651,0.4225124716758728,82.81221771240234,256.4241027832031,196.4255828857422,486.0666198730469,65,221,214,521,381,524
10258804,0.4370516538619995,0.4887223243713379,-0.21481311321258545,293.3812255859375,200.5369415283203,0,0,338,231,800,534
11770142,0.45118436217308044,337.6217956542969,458.14031982421875,431.1692810058594,519.2748413085938,323,448,446,529,1024,768
12377612,0.8890088200569153,106.40643310546875,65.51393127441406,1023.3126831054688,410.0589294433594,0,13,1024,462,1024,576
13271569,0.5157626271247864,83.86470031738281,4.03717041015625,715.0945434570312,1027.981201171875,0,0,716,1024,716,1024
14079885,0.6642460823059082,206.35293579101562,173.83541870117188,929.6282958984375,498.14263916015625,97,125,1024,547,1024,574
17624171,0.673608124256134,171.08956909179688,371.60174560546875,509.9517517089844,628.4947509765625,120,333,561,668,768,1024
18553898,0.8947625160217285,278.87725830078125,72.1167221069336,785.1819458007812,622.3843383789062,202,0,862,683,1024,683
19420400,0.42111262679100037,217.010986328125,92.48886108398438,364.4001159667969,1017.361328125,194,0,387,1024,576,1024
19589569,0.4440707266330719,252.08119201660156,95.95938110351562,507.8397521972656,396.9336853027344,213,50,547,400,600,400
19708756,0.5999302268028259,826.4364624023438,434.98089599609375,891.1121215820312,535.38916015625,816,419,901,551,1024,768
21731342,0.8971995711326599,112.18588256835938,484.6170959472656,715.8140869140625,623.8042602539062,21,463,807,645,1024,768
21942522,0.5520198345184326,0.7518008351325989,-2.3874728679656982,461.40032958984375,669.8340454101562,0,0,465,771,465,812
28162616,0.8321630358695984,65.59149169921875,231.3587646484375,917.7410278320312,528.197998046875,0,186,1024,573,1024,683
29108661,0.7262097001075745,129.81915283203125,163.19363403320312,454.6770935058594,781.685302734375,81,70,498,875,498,1024
30162539,0.8315580487251282,10.262664794921875,235.64215087890625,1021.32470703125,693.7626953125,0,166,1024,763,1024,768
30293163,0.7861233949661255,166.45303344726562,308.1830749511719,711.40771484375,508.3095703125,84,278,794,539,1024,683
31176761,0.6315085887908936,144.34609985351562,1.167236328125,821.822021484375,679.8112182617188,42,0,924,683,1024,683
31575139,0.28991952538490295,85.57742309570312,387.850341796875,294.9630432128906,589.747802734375,54,357,327,621,1024,737
33938536,0.8462104201316833,-1.51153564453125,94.01815795898438,873.7674560546875,513.3450317382812,0,31,1006,514,1024,514
36123062,0.5423389673233032,62.53728103637695,305.1195373535156,223.22003173828125,397.4641418457031,38,291,248,412,768,1024
36167462,0.8948625326156616,62.71321105957031,366.52032470703125,546.234619140625,653.0204467773438,0,323,619,696,768,1024
36957336,0.47203901410102844,177.43624877929688,240.67266845703125,576.3358154296875,344.742919921875,117,225,637,361,1024,502
38019041,0.4281476140022278,56.6817741394043,77.46713256835938,712.0335083007812,962.12255859375,0,0,772,1024,772,1024
39395770,0.6760052442550659,778.3306884765625,47.886417388916016,1022.1846923828125,220.2009735107422,741,22,1024,247,1024,683
41137681,0.44969692826271057,98.66293334960938,184.5430908203125,807.8883056640625,790.96435546875,0,93,915,882,1024,932
41206942,0.3717976212501526,309.9961853027344,-0.04705810546875,461.8650817871094,760.4617309570312,287,0,485,875,669,1024
42538306,0.8441814184188843,182.47378540039062,186.1539764404297,878.9349365234375,469.8393249511719,78,143,984,513,1024,569
45687675,0.6416675448417664,134.92550659179688,331.06207275390625,920.6026611328125,510.5916748046875,17,304,1024,538,1024,768
47822468,0.5992340445518494,208.50765991210938,138.10946655273438,617.1075439453125,906.1055908203125,147,22,679,1022,768,1024
48567009,0.5963473916053772,0.0745849609375,255.34556579589844,1023.7489013671875,767.6934204101562,0,178,1024,768,1024,768
50629559,0.368674635887146,252.81192016601562,211.125244140625,542.81494140625,842.4454345703125,209,116,587,938,768,1024
56453496,0.5488518476486206,-1.7461601495742798,198.3127899169922,272.547607421875,469.6038513183594,0,157,303,511,303,540
56525053,0.35335564613342285,76.78022766113281,371.2380065917969,130.25003051757812,416.1756591796875,68,364,139,423,1024,768
57859216,0.4244864583015442,269.2652282714844,285.43402099609375,904.2177734375,436.34271240234375,174,262,1000,459,1024,768
58360933,0.8876867890357971,71.963134765625,79.38822937011719,958.0340576171875,245.13490295410156,0,54,1024,270,1024,395
59539500,0.38125357031822205,209.93446350097656,91.39067077636719,355.563232421875,396.8528747558594,188,45,378,443,476,477
61852228,0.5735973715782166,252.6419219970703,104.6297378540039,632.1996459960938,621.8137817382812,195,27,690,683,1024,683
63185730,0.3926178812980652,253.77381896972656,295.8125915527344,719.48974609375,368.9205017089844,183,284,790,380,1024,683
63291072,0.44996777176856995,12.801116943359375,58.71410369873047,1014.73876953125,425.0392150878906,0,3,1024,480,1024,605
63311827,0.8554800152778625,166.740234375,224.82266235351562,948.082763671875,486.8579406738281,49,185,1024,527,1024,768
65269334,0.914252519607544,-0.304351806640625,268.9285888671875,937.5023193359375,532.8765869140625,0,229,1024,573,1024,620
66146521,0.36672651767730713,37.89091491699219,3.7775838375091553,572.2752685546875,545.265380859375,0,0,579,579,579,579
67081141,0.6054646372795105,110.5125732421875,369.89666748046875,566.0064086914062,648.166259765625,42,328,576,690,576,1024
67397675,0.8112242817878723,378.1639709472656,251.8712158203125,650.3809814453125,485.0120544433594,337,216,692,520,1024,768
67873250,0.5971291661262512,148.5552215576172,155.13255310058594,347.00628662109375,661.843505859375,118,79,377,738,662,882
68969856,0.4985656142234802,144.91165161132812,58.19061279296875,478.2493591308594,953.486328125,94,0,529,1024,618,1024
68969859,0.845123827457428,166.70095825195312,155.70547485351562,877.7962646484375,464.0267333984375,60,109,985,511,1024,596
70786033,0.29368630051612854,459.1854248046875,601.0515747070312,646.7044067382812,864.2584838867188,431,561,675,904,768,1024
78303379,0.40476828813552856,56.956512451171875,276.68865966796875,671.1234130859375,436.3873596191406,0,252,764,461,1024,683
80295451,0.7860023975372314,79.07551574707031,42.673492431640625,362.6554870605469,1014.6519775390625,36,0,406,1024,576,1024
82552285,0.8175258040428162,326.79827880859375,41.5992431640625,737.987060546875,820.796875,265,0,768,938,768,1024
86701440,0.9079535007476807,143.20724487304688,202.99954223632812,567.767333984375,871.1632080078125,79,102,632,972,768,1024
87862337,0.6615877151489258,29.76214599609375,43.180259704589844,998.8246459960938,502.0821228027344,0,0,1024,539,1024,539
90002445,0.34513819217681885,207.93002319335938,291.76593017578125,300.80316162109375,828.7816772460938,193,211,315,910,420,1024
95942804,0.4700094163417816,361.7015380859375,274.7558288574219,973.841064453125,722.1065673828125,269,207,1024,768,1024,768
97771719,0.6980279684066772,9.246978759765625,65.451904296875,987.5438232421875,545.66943359375,0,0,1024,584,1024,584
97899006,0.46707847714424133,44.212158203125,125.17909240722656,867.4562377929688,556.9395751953125,0,60,991,622,1024,684
98224021,0.4188765287399292,22.22869873046875,37.996131896972656,980.589111328125,279.4471435546875,0,1,1024,306,1024,306
98224293,0.6283782124519348,5.630126953125,99.04959106445312,951.0322265625,656.244140625,0,15,1024,658,1024,658
98540067,0.7131423354148865,254.2232666015625,187.6658477783203,909.1688232421875,654.880859375,155,117,1008,683,1024,683
98895777,0.4792187809944153,403.07275390625,326.9676513671875,423.8477783203125,349.6699523925781,399,323,427,354,1024,683
102508089,0.37064310908317566,54.4229736328125,63.390689849853516,997.435546875,678.426513671875,0,0,1024,735,1024,735
102850705,0.23958100378513336,3.8331298828125,81.02252197265625,792.64306640625,769.8687744140625,0,0,911,768,1024,768
104594539,0.6388103365898132,424.259521484375,34.2498779296875,697.3824462890625,481.3408203125,383,0,739,549,1024,576
104664440,0.7784980535507202,200.0958251953125,-2.13836669921875,548.2266845703125,1020.050537109375,147,0,601,1024,768,1024
104700018,0.8761941194534302,98.01129150390625,69.15848541259766,906.7786865234375,315.5032958984375,0,32,960,353,960,540
105596311,0.5033431053161621,53.13396453857422,284.8836669921875,119.41610717773438,332.04498291015625,43,277,130,340,683,1024
108986172,0.8030335903167725,67.59477996826172,233.09423828125,698.397216796875,591.9225463867188,0,179,768,646,768,1024
109627613,0.44912368059158325,108.88577270507812,230.39064025878906,880.56494140625,539.2886352539062,0,184,997,586,1024,682
110670391,0.32646527886390686,737.0922241210938,128.8585205078125,1021.4795532226562,394.0609130859375,694,89,1024,434,1024,768
114559971,0.6643577814102173,194.15008544921875,244.3292999267578,794.1820678710938,680.4698486328125,104,178,885,683,1024,683
115831817,0.8651125431060791,98.82855224609375,23.929109573364258,921.6266479492188,440.7452697753906,0,0,1024,480,1024,480
116557149,0.8766971230506897,118.6011734008789,41.75048828125,568.7857055664062,929.0358276367188,51,0,637,1024,683,1024
117426914,0.602039098739624,546.5381469726562,362.82470703125,613.7131958007812,420.63775634765625,536,354,624,430,1024,683
120762469,0.884844183921814,203.39053344726562,361.16619873046875,532.994140625,658.0331420898438,153,316,583,703,768,1024
122996410,0.7449913024902344,82.14056396484375,193.65701293945312,968.8900756835938,822.67236328125,0,99,1024,918,1024,1023
126880873,0.8512515425682068,58.438507080078125,218.40773010253906,444.3811340332031,704.0049438476562,0,145,461,777,461,1024
128926620,0.5483348369598389,231.7547607421875,367.01495361328125,540.066650390625,601.2613525390625,185,331,587,637,768,1024
129648557,0.574770987033844,4.214149475097656,283.51654052734375,761.6127319335938,546.84716796875,0,244,768,587,768,1024
130360472,0.855638861656189,262.59735107421875,83.26641845703125,477.6773681640625,954.4528198242188,230,0,510,1024,768,1024
133598559,0.7788835167884827,162.48944091796875,162.5297393798828,808.3241577148438,756.0572509765625,65,73,906,846,1024,879
134408804,0.7861796617507935,350.65594482421875,30.955413818359375,510.9278869628906,705.70458984375,326,0,535,807,768,1024
136335526,0.49870115518569946,76.19216918945312,120.317138671875,837.1654052734375,741.394287109375,0,27,952,768,1024,768
140218864,0.6969912648200989,13.954071044921875,258.04937744140625,974.1968994140625,805.5466918945312,0,175,1024,888,1024,1024
140773226,0.6542649269104004,313.46136474609375,142.06610107421875,699.7340087890625,991.4682006835938,255,14,758,1024,768,1024
140852491,0.8253750801086426,63.385009765625,365.26470947265625,910.6848754882812,569.9266967773438,0,334,1024,601,1024,768
141887291,0.49240976572036743,354.88214111328125,261.83135986328125,838.2195434570312,600.860107421875,282,210,911,652,1024,683
142355157,0.4246164858341217,218.34756469726562,8.040130615234375,678.5589599609375,922.4842529296875,149,0,748,1024,768,1024
143547095,0.5982873439788818,147.21432495117188,162.14183044433594,950.7469482421875,379.9626770019531,26,129,1024,413,1024,497
143641192,0.4574211537837982,85.40741729736328,342.8520202636719,187.23980712890625,402.67742919921875,70,333,203,412,1024,768
144095454,0.8629369139671326,25.26611328125,325.33837890625,967.83056640625,549.7175903320312,0,291,1024,584,1024,683
145133705,0.7085552215576172,0.046630859375,8.066864013671875,1023.5006713867188,1024.58056640625,0,0,1024,1024,1024,1024
146117604,0.6840111017227173,-0.21443939208984375,12.48956298828125,766.80908203125,784.5250854492188,0,0,768,901,768,1024
146268379,0.445925235748291,-0.0794677734375,286.0444030761719,1013.1404418945312,717.315185546875,0,221,1024,768,1024,768
146466417,0.8632797002792358,42.877769470214844,118.92471313476562,514.672607421875,891.7996826171875,0,2,586,1008,680,1024
146685239,0.6395114064216614,48.60394287109375,58.577880859375,969.873291015625,443.00042724609375,0,0,1024,501,1024,640
146694383,0.9009246230125427,469.0274658203125,163.2089385986328,726.6749267578125,384.89654541015625,430,129,766,419,1024,672
147020541,0.4936951994895935,3.038330078125,257.16607666015625,819.3698120117188,458.08099365234375,0,227,942,489,1024,769
147163058,0.31099122762680054,18.89128303527832,222.90542602539062,531.4195556640625,384.7282409667969,0,198,609,410,825,1024
147967197,0.4665466547012329,137.92495727539062,258.2362976074219,1019.3814697265625,503.551025390625,5,221,1024,541,1024,804
148534565,0.925645112991333,85.14617919921875,293.68243408203125,940.5486450195312,554.0282592773438,0,254,1024,594,1024,768
149017195,0.626747727394104,147.14376831054688,158.0862579345703,679.3001708984375,549.3212890625,67,99,760,609,1024,768
149048933,0.4380156695842743,175.44219970703125,232.7456817626953,713.3917236328125,557.4382934570312,94,184,795,607,1024,768
149065962,0.812191367149353,260.519287109375,359.5396728515625,753.2069091796875,600.4863891601562,186,323,828,637,1024,683
149483056,0.39393889904022217,215.68629455566406,108.31661987304688,600.2469482421875,837.6917724609375,158,0,658,948,768,1024
150224880,0.4453989267349243,25.775318145751953,33.049346923828125,336.55340576171875,986.3289794921875,0,0,363,1024,363,1024
150795249,0.6066946387290955,313.38916015625,35.673126220703125,629.55078125,903.9703369140625,265,0,677,1024,768,1024
154679150,0.36808234453201294,7.170654296875,0.31134986877441406,1019.9423828125,682.830322265625,0,0,1024,683,1024,683
156515907,0.8494940996170044,173.48532104492188,75.49407958984375,519.5512084960938,914.920654296875,121,0,572,1024,768,1024
165895596,0.44532856345176697,136.41880798339844,214.6622772216797,617.8917236328125,341.0113220214844,64,195,691,360,1024,576
167792057,0.42354121804237366,317.1338806152344,266.90380859375,509.3773498535156,434.199951171875,288,241,539,460,1024,681
172699173,0.8635815382003784,231.9806671142578,58.129119873046875,447.9586181640625,925.130859375,199,0,481,1024,768,1024
172784439,0.36473584175109863,249.94961547851562,477.6725158691406,525.3944702148438,909.81689453125,208,412,567,975,824,1024
175792754,0.6515304446220398,239.65350341796875,377.904052734375,452.14495849609375,642.6874389648438,207,338,485,683,756,1024
176130360,0.29979270696640015,0.167633056640625,0.46099090576171875,1023.8984375,768.3019409179688,0,0,1024,768,1024,768
176162758,0.33934286236763,221.87124633789062,64.17303466796875,454.3565368652344,700.0118408203125,186,0,490,796,771,1024
177640319,0.5869956612586975,35.7686767578125,103.1982192993164,1020.869873046875,761.723876953125,0,4,1024,768,1024,768
178386640,0.9070919156074524,8.831329345703125,245.943359375,1017.4261474609375,542.5504760742188,0,201,1024,588,1024,768
178799113,0.4721737205982208,92.91705322265625,322.7472839355469,948.8124389648438,476.0395202636719,0,299,1024,500,1024,768
178857419,0.8176369071006775,13.062255859375,232.9504852294922,979.9274291992188,459.5589294433594,0,198,1024,494,1024,768
179634650,0.8532333374023438,87.958740234375,128.2496337890625,765.2009887695312,406.11248779296875,0,86,867,448,1024,576
180085353,0.5364935398101807,1.779876708984375,35.234806060791016,976.5146484375,214.4091033935547,0,8,1024,242,1024,272
181039702,0.805745005607605,223.18710327148438,51.8699951171875,469.03179931640625,1006.3900146484375,186,0,506,1024,768,1024
181262911,0.8982102274894714,118.2078857421875,211.7032470703125,935.22021484375,545.7694702148438,0,161,1024,596,1024,768
181487777,0.3015996813774109,74.12672424316406,37.5953369140625,728.836181640625,864.2462158203125,0,0,768,989,768,1024
182069872,0.6229791045188904,170.64813232421875,2.2384262084960938,523.6705322265625,156.91976928710938,117,0,577,181,1024,1024
182371609,0.868137001991272,19.921234130859375,220.46047973632812,959.9273681640625,412.5548095703125,0,191,1024,442,1024,646
183916192,0.42406585812568665,15.01333236694336,260.6156005859375,437.6092834472656,979.0291748046875,0,152,501,1024,590,1024
189577955,0.6050703525543213,653.7420043945312,56.81221389770508,946.2532348632812,757.5402221679688,609,0,991,781,1024,781
189890126,0.5768757462501526,1.4283418655395508,277.3333435058594,456.6141662597656,929.932373046875,0,179,473,1024,473,1024
189947767,0.7473705410957336,87.78961181640625,92.11347961425781,807.8690795898438,475.45654296875,0,34,916,533,1024,683
193711720,0.3923206627368927,515.7297973632812,276.35418701171875,766.5010375976562,438.69793701171875,478,252,805,464,1024,768
194786637,0.8896253108978271,43.02801513671875,264.4508056640625,884.8638305664062,525.1812744140625,0,225,1012,565,1024,684
195748454,0.45742684602737427,164.32760620117188,236.32485961914062,680.5562744140625,723.2108154296875,86,163,758,797,1024,1024
196338163,0.8827877044677734,253.62673950195312,314.7649230957031,683.4072265625,398.01239013671875,189,302,748,411,1024,682
197123930,0.43712157011032104,84.58633422851562,105.17122650146484,892.7255859375,274.44677734375,0,79,1014,300,1024,576
199309158,0.4626500606536865,794.9082641601562,11.924951553344727,1018.0663452148438,206.19972229003906,761,0,1024,236,1024,999
200513530,0.7528439164161682,113.13720703125,333.2428894042969,1022.2796630859375,583.13134765625,0,295,1024,621,1024,768
204764253,0.47620877623558044,94.03671264648438,299.794189453125,791.9334716796875,544.2685546875,0,263,897,581,1024,768
206789002,0.6306213140487671,118.836669921875,84.57345581054688,471.5235900878906,970.6390380859375,65,0,525,1024,764,1024
209256114,0.6974382996559143,377.5730285644531,415.74462890625,898.7894287109375,726.9827270507812,299,369,977,768,1024,768
213467276,0.6572566628456116,356.045654296875,250.20863342285156,612.8546142578125,498.6593017578125,317,212,652,536,1024,768
214002836,0.8278056383132935,178.01312255859375,128.1481475830078,715.77490234375,395.7120056152344,97,88,797,436,1024,577
214928159,0.42198869585990906,227.26205444335938,294.792236328125,441.98638916015625,782.358642578125,195,221,475,856,768,1024
217482635,0.41950657963752747,318.33465576171875,2.8506689071655273,725.6785278320312,536.9744873046875,257,0,787,618,1024,681
219556590,0.8559234738349915,220.59603881835938,110.73715209960938,1020.640380859375,623.4335327148438,100,33,1024,649,1024,649
224108917,0.8490023016929626,195.41281127929688,127.08856201171875,992.240478515625,762.4887084960938,75,31,1024,768,1024,768
224397854,0.8224461674690247,112.83341217041016,303.9326171875,527.3609619140625,496.805419921875,50,275,590,526,768,1024
225390467,0.7433239221572876,37.07818603515625,51.37469482421875,986.0848388671875,288.22186279296875,0,15,1024,324,1024,416
226408503,0.710713267326355,187.3533935546875,1.1022835969924927,781.6187744140625,604.6149291992188,98,0,871,683,1024,683
227224432,0.6689826250076294,371.12628173828125,2.897106647491455,621.2913818359375,574.0664672851562,333,0,659,660,1024,684
232218038,0.5796860456466675,378.25555419921875,77.61161041259766,480.49163818359375,153.09091186523438,362,66,496,165,1024,683
232690981,0.4088304042816162,368.2010498046875,222.1665802001953,575.5849609375,572.0020141601562,337,169,607,625,1024,768
232754519,0.7511201500892639,557.46044921875,434.54327392578125,718.7481689453125,898.3223876953125,533,364,743,928,1024,928
234494171,0.5779260396957397,-3.016937255859375,78.79508972167969,974.7957763671875,264.89532470703125,0,50,1024,293,1024,324
240051262,0.8417486548423767,217.66375732421875,204.03089904785156,785.5260009765625,678.6544799804688,132,132,871,750,1024,768
242380655,0.8450061678886414,279.24847412109375,175.57623291015625,452.01177978515625,893.8906860351562,253,67,478,1002,768,1024
244799810,0.7038726806640625,166.78741455078125,62.089786529541016,1024.361328125,630.458740234375,38,0,1024,640,1024,640
246686486,0.7137354016304016,109.31326293945312,339.4098815917969,533.9503173828125,691.3194580078125,45,286,576,745,576,1024
247743792,0.832787275314331,196.3658447265625,261.3326110839844,895.25,478.17852783203125,91,228,1001,511,1024,683
248193574,0.5901952385902405,175.84710693359375,358.31964111328125,717.21875,911.5879516601562,94,275,768,995,768,1024
249735834,0.5489113330841064,4.45501708984375,206.84378051757812,620.3035278320312,420.53082275390625,0,174,713,453,1024,732
250070268,0.7636215090751648,135.06381225585938,47.255828857421875,361.1628112792969,970.8380126953125,101,0,396,1024,489,1024
250237702,0.8704382181167603,251.69326782226562,416.211669921875,423.6959228515625,621.5313720703125,225,385,450,653,576,1024
250812977,0.8795496225357056,38.372528076171875,219.45974731445312,985.0413818359375,456.033935546875,0,183,1024,492,1024,683
253744511,0.4687134623527527,772.8718872070312,512.286865234375,980.3699340820312,681.4342041015625,741,486,1012,707,1024,768
254496607,0.4157317578792572,2.6339111328125,84.54334259033203,937.4841918945312,516.3414916992188,0,19,1024,582,1024,620
255306893,0.5020456910133362,287.80657958984375,249.27845764160156,534.8638305664062,674.5700073242188,250,185,572,679,1024,679
255955244,0.38036879897117615,381.808837890625,372.46905517578125,491.22119140625,636.7922973632812,365,332,508,677,768,1024
256256677,0.7249058485031128,314.7540283203125,318.95721435546875,661.927978515625,495.2622985839844,262,292,715,522,1024,768
256273456,0.6960774064064026,311.8353271484375,303.974365234375,699.4685668945312,405.7402038574219,253,288,758,422,1024,768
257413317,0.7726765275001526,167.87405395507812,0.4331541061401367,940.5179443359375,622.3685913085938,51,0,1024,683,1024,683
257485564,0.7161033749580383,354.6641845703125,171.3856658935547,625.801513671875,530.2015991210938,313,117,667,585,1024,848
257510174,0.31562355160713196,226.72068786621094,7.682891845703125,825.452880859375,950.5711669921875,136,0,916,1024,964,1024
257923275,0.40209826827049255,332.6053466796875,304.28955078125,961.9669189453125,508.6314392089844,238,273,1024,540,1024,566
258172192,0.8514840602874756,62.27764892578125,42.12030029296875,743.7186279296875,889.4131469726562,0,0,768,1017,768,1024
258967486,0.8673340678215027,138.05897521972656,215.22415161132812,281.45159912109375,854.42041015625,116,119,303,951,494,1024
260912734,0.564285397529602,119.26113891601562,56.97590637207031,517.4378662109375,342.0528869628906,59,14,578,385,1024,678
261718893,0.5728880763053894,325.0251159667969,249.59466552734375,864.0478515625,438.0733642578125,244,221,945,467,1024,772
261787163,0.8715936541557312,14.305755615234375,82.1583023071289,1019.7430419921875,309.6768798828125,0,48,1024,344,1024,512
262223523,0.726406455039978,78.47369384765625,279.8706970214844,936.5596313476562,859.102783203125,0,192,1024,946,1024,1024
263733726,0.6457662582397461,170.73233032226562,-0.7587728500366211,786.5445556640625,563.5467529296875,78,0,879,649,1024,683
265046612,0.8058441281318665,1.346160888671875,360.23876953125,855.7362060546875,809.8643798828125,0,292,984,878,1024,1024
265057788,0.4012434780597687,363.8187561035156,337.8153381347656,593.3301391601562,773.4679565429688,329,272,628,839,1024,984
265109228,0.4622049331665039,34.542442321777344,121.72562408447266,587.3563232421875,414.0876159667969,0,77,638,458,638,559
266970511,0.8668073415756226,79.5233154296875,397.9482421875,936.5037231445312,622.5948486328125,0,364,1024,657,1024,768
270625228,0.4106273651123047,257.09014892578125,234.8232879638672,870.3796997070312,465.90673828125,165,200,963,501,1024,654
271301395,0.6781178116798401,168.3298797607422,358.1355285644531,265.6728210449219,923.327880859375,153,273,281,1009,540,1024
277619405,0.8482639789581299,355.31927490234375,224.39535522460938,693.8684692382812,517.9119873046875,304,180,745,562,1024,683
277683951,0.48525336384773254,14.51800537109375,619.758056640625,203.5250701904297,657.3785400390625,0,614,232,664,1024,768
277928064,0.6375531554222107,220.85232543945312,194.62045288085938,437.08502197265625,961.626708984375,188,79,470,1024,768,1024
278788378,0.37004998326301575,-6.040771484375,4.129100799560547,930.5787963867188,258.9628601074219,0,0,1024,278,1024,278
279519408,0.3740910291671753,280.5402526855469,287.3427734375,890.10205078125,455.818359375,189,262,982,482,1024,683
285503812,0.9109935164451599,293.28717041015625,274.1180725097656,930.8757934570312,429.2645263671875,197,250,1024,453,1024,737
286471870,0.7921560406684875,-8.390106201171875,254.61920166015625,1010.5135498046875,770.6654052734375,0,177,1024,768,1024,768
288614635,0.7276769876480103,170.2858428955078,2.092803955078125,384.1277160644531,746.4068603515625,138,0,417,859,577,1024
291535438,0.3605011999607086,135.4003448486328,87.84779357910156,581.4268188476562,319.63775634765625,68,53,649,355,1024,768
292573303,0.6802495121955872,13.180419921875,321.0127258300781,946.5413818359375,581.3077392578125,0,281,1024,621,1024,768
299118734,0.4055744409561157,0.295440673828125,0.8778762817382812,1023.30615234375,766.141357421875,0,0,1024,768,1024,768
300801572,0.4727174639701843,74.0048828125,66.93257904052734,1017.0931396484375,765.5628662109375,0,0,1024,768,1024,768
301979827,0.7983991503715515,53.88592529296875,101.4620361328125,989.6372680664062,552.396484375,0,33,1024,621,1024,719
301979828,0.5696649551391602,196.71649169921875,218.42453002929688,662.08544921875,770.97998046875,126,135,732,854,1024,1020
302270536,0.45006251335144043,68.4664306640625,201.92276000976562,662.6435546875,1021.723388671875,0,78,752,1024,768,1024
302481369,0.39253494143486023,4.518646240234375,2.2959823608398438,1020.4677734375,765.0016479492188,0,0,1024,768,1024,768
303653845,0.5768965482711792,70.4822998046875,108.70438385009766,886.397705078125,798.3860473632812,0,5,1009,844,1024,844
307230011,0.4514754116535187,71.84895324707031,489.54351806640625,276.397216796875,633.7221069335938,41,467,308,656,768,1024
308098517,0.8290141820907593,67.21673583984375,35.32158660888672,964.4710083007812,484.4371643066406,0,0,1024,547,1024,547
309021195,0.4327717125415802,75.68911743164062,187.9025421142578,923.20361328125,420.2166442871094,0,153,1024,456,1024,683
309452293,0.8817380666732788,189.75607299804688,165.22952270507812,433.0206298828125,813.5797119140625,153,67,470,911,768,1024
310746064,0.44374722242355347,668.10595703125,15.647397994995117,776.5516357421875,89.4825439453125,651,4,793,101,1024,577
311368150,0.5297850966453552,245.62158203125,-5.88775634765625,471.96533203125,929.1107788085938,211,0,506,1024,768,1024
311793788,0.771274209022522,131.00985717773438,138.54505920410156,771.8121337890625,679.103515625,34,57,868,761,1024,768
311800308,0.869920551776886,228.31988525390625,199.96421813964844,827.8037719726562,685.3955078125,138,127,918,759,1024,768
311876201,0.783177375793457,75.4671630859375,266.93389892578125,887.8397216796875,488.4604187011719,0,233,1010,522,1024,773
313353246,0.5166506767272949,115.06695556640625,216.7716064453125,331.0058898925781,834.2855224609375,82,124,364,927,768,1024
313768117,0.47226616740226746,160.13937377929688,29.48590087890625,399.9375915527344,820.6045532226562,124,0,436,940,768,1024
314269231,0.7275617718696594,2.646270751953125,52.2060546875,1019.8079833984375,602.5271606445312,0,0,1024,684,1024,684
314615737,0.8604406714439392,230.47723388671875,376.555908203125,570.7083740234375,695.9310302734375,179,328,576,744,576,1024
316650186,0.8527930378913879,98.92626953125,109.62359619140625,930.8404541015625,819.459716796875,0,3,1024,874,1024,874
316650192,0.8630208373069763,45.092681884765625,108.03233337402344,892.979248046875,358.6764221191406,0,70,1021,393,1024,393
318921508,0.877321183681488,146.878662109375,223.86094665527344,1020.5416259765625,659.5142822265625,15,158,1024,725,1024,768
320297778,0.863514244556427,192.2095184326172,99.876220703125,562.1697387695312,969.564697265625,136,0,618,1024,750,1024
321035073,0.517044723033905,194.1307373046875,298.4314880371094,701.0390625,545.22998046875,118,261,778,583,1024,683
322059764,0.29752081632614136,1.4937744140625,43.28277587890625,700.7527465820312,332.8457946777344,0,0,806,377,1024,1024
323450548,0.5004885196685791,4.371639728546143,115.20538330078125,361.6512145996094,1005.0453491210938,0,0,416,1024,461,1024
323678827,0.4639846086502075,-0.142303466796875,0.6776447296142578,1023.847412109375,608.6622924804688,0,0,1024,608,1024,608
323765936,0.26323118805885315,55.4989013671875,338.5434265136719,884.7554931640625,612.4796142578125,0,297,1010,654,1024,768
326481157,0.6843964457511902,441.2344970703125,152.7261962890625,655.1300048828125,369.9162902832031,409,120,688,403,1024,768
326538864,0.4579254984855652,108.21487426757812,382.6369323730469,714.77978515625,596.1223754882812,17,350,806,629,1024,681
328667490,0.7732221484184265,124.87857055664062,281.1647644042969,987.0797119140625,642.6376953125,0,226,1024,697,1024,768
328782363,0.8548773527145386,71.42196655273438,207.6305694580078,976.797119140625,610.2411499023438,0,147,1024,671,1024,768
329939873,0.3085663318634033,354.50054931640625,230.72035217285156,630.8269653320312,456.2099914550781,313,196,673,491,1024,601
330017954,0.6093834638595581,21.006378173828125,305.71728515625,420.6435852050781,547.1947631835938,0,269,481,584,1024,768
330959024,0.6059251427650452,319.89251708984375,375.9150695800781,636.5248413085938,899.3404541015625,272,297,685,978,768,1024
331155168,0.5111422538757324,99.10778045654297,80.24099731445312,742.658935546875,871.3829345703125,2,0,768,991,768,1024
331325937,0.4559707045555115,346.60028076171875,100.49120330810547,704.2546997070312,542.7507934570312,292,34,758,576,1024,576
332258715,0.5428433418273926,71.5719985961914,22.384063720703125,382.5614929199219,1007.986572265625,24,0,386,1024,386,1024
332374578,0.4123819172382355,94.22515869140625,-0.7688892483711243,1022.1701049804688,588.0421752929688,0,0,1024,677,1024,683
332553624,0.4855732321739197,364.9789123535156,214.556640625,515.3470458984375,418.3985595703125,342,183,538,449,1024,576
332711960,0.44144007563591003,307.8118591308594,86.78211975097656,693.38720703125,600.7646484375,249,9,752,678,1024,683
332713897,0.7520127296447754,350.1838684082031,92.67037963867188,608.8297119140625,574.0014038085938,311,20,648,578,1024,578
332801165,0.5676401853561401,50.975128173828125,127.61579132080078,886.4403076171875,657.1439208984375,0,48,1012,683,1024,683
335517051,0.42869386076927185,291.1356506347656,31.59719467163086,1021.2464599609375,542.3707275390625,181,0,1024,619,1024,679
335884685,0.4143877625465393,126.22259521484375,212.22885131835938,385.2666320800781,382.0621032714844,87,186,425,408,576,1024
336191181,0.7265938520431519,158.43600463867188,125.24585723876953,1021.1539306640625,554.0367431640625,29,60,1024,619,1024,683
337267612,0.5519543886184692,570.6331787109375,794.6112060546875,770.376220703125,855.95361328125,540,785,771,866,771,1024
338883306,0.4992271661758423,271.1747131347656,179.31759643554688,853.8544921875,537.6937255859375,183,125,942,592,1024,768
339073605,0.6172960996627808,59.78385543823242,86.75869750976562,354.1661682128906,899.00830078125,15,0,399,1021,558,1024
340018492,0.38776230812072754,113.60330963134766,283.1485900878906,395.64385986328125,645.2728271484375,71,228,438,700,464,1024
340239250,0.3415311276912689,44.009742736816406,378.43212890625,590.2525634765625,714.35400390625,0,328,673,765,768,1024
340436652,0.4699035882949829,216.1525421142578,136.17091369628906,690.6265869140625,520.3741455078125,144,78,762,579,1024,683
342028126,0.8873376250267029,147.19131469726562,183.93914794921875,583.086669921875,771.6646118164062,81,95,649,860,768,1024
342102714,0.6082578301429749,560.2100830078125,510.1560363769531,696.925537109375,599.41455078125,539,496,718,613,1024,683
343314356,0.8358751535415649,232.81008911132812,498.3221435546875,497.6851501464844,645.0037841796875,193,476,538,668,768,1024
345159039,0.7690941095352173,281.6030578613281,289.5472106933594,458.7838134765625,788.787841796875,255,214,486,864,768,1024
346275027,0.32947665452957153,25.0426025390625,175.92405700683594,885.7839965820312,594.290283203125,0,113,1015,658,1024,683
348956666,0.37931376695632935,117.26875305175781,62.23912048339844,543.1939086914062,378.24395751953125,53,14,550,423,550,423
351133312,0.5647518634796143,219.0399627685547,8.864959716796875,693.9500122070312,1022.577392578125,147,0,766,1024,768,1024
351705749,0.638930082321167,0.46282958984375,5.55659818649292,1022.6007690429688,651.2090454101562,0,0,1024,749,1024,767
355731023,0.751716673374176,175.23452758789062,101.04219818115234,859.2010498046875,602.6290283203125,72,25,962,678,1024,768
356177934,0.38858476281166077,164.79049682617188,361.7324523925781,618.2360229492188,690.9034423828125,96,312,687,741,768,1024
360066703,0.372164785861969,162.28985595703125,315.6232604980469,528.3719482421875,991.42724609375,107,214,584,1024,768,1024
360066711,0.4388754665851593,148.24058532714844,384.82421875,753.765625,975.832275390625,57,296,768,1024,768,1024
360066712,0.6138715744018555,160.13978576660156,419.83026123046875,605.58056640625,723.9711303710938,93,374,673,770,768,1024
360436943,0.837807834148407,26.3685302734375,233.760009765625,907.580322265625,534.5125122070312,0,188,1024,580,1024,768
361071032,0.37984946370124817,-0.0026092529296875,12.09490966796875,767.93212890625,1023.5147094726562,0,0,768,1024,768,1024
361165717,0.3483681082725525,172.262939453125,42.291526794433594,1010.1842041015625,769.919921875,46,0,1024,768,1024,768
361609580,0.773628294467926,69.66761016845703,228.7900390625,393.65020751953125,888.346923828125,21,129,443,988,771,1024
361705370,0.5759842991828918,1.89544677734375,205.03382873535156,799.662841796875,494.7328186035156,0,161,920,539,1024,683
361907270,0.4237404465675354,265.8265686035156,248.53659057617188,571.59521484375,461.75152587890625,219,216,618,494,1024,768
361950735,0.8308046460151672,3.2931747436523438,231.02017211914062,569.4395751953125,645.665283203125,0,168,655,708,768,1024
363602771,0.8976455330848694,30.03271484375,201.84609985351562,1004.0693359375,480.3891906738281,0,160,1024,523,1024,766
365410975,0.5088553428649902,76.82611083984375,1.800174593925476,703.0578002929688,550.1058959960938,0,0,797,633,1024,683
366063126,0.5826839804649353,174.6495361328125,234.9761962890625,1021.11669921875,369.422119140625,47,214,1024,390,1024,732
367367547,0.6838222742080688,25.532623291015625,126.31543731689453,1002.789306640625,395.2020568847656,0,85,1024,436,1024,588
367367682,0.6680757999420166,19.064910888671875,226.3537139892578,972.9005126953125,419.95074462890625,0,197,1024,449,1024,598
367917026,0.4258155822753906,230.7048797607422,7.595977783203125,641.6538696289062,924.4725341796875,169,0,704,1024,768,1024
372249818,0.6549872159957886,91.36969757080078,28.34930419921875,607.4522705078125,932.4825439453125,13,0,613,1024,613,1024
378428148,0.9101822376251221,99.90478515625,255.38963317871094,896.033447265625,443.6504821777344,0,227,1016,472,1024,666
382252808,0.4597457945346832,5.692780494689941,-2.6699626445770264,668.1758422851562,137.32862854003906,0,0,672,140,672,140
383288866,0.8027026057243347,263.9825134277344,39.9158935546875,523.097900390625,959.6098022460938,225,0,562,1024,768,1024
383546542,0.8373226523399353,110.8597412109375,261.3650207519531,940.3740234375,404.0218505859375,0,239,1024,426,1024,688
388804391,0.412162721157074,2.353057861328125,332.4620666503906,965.251708984375,616.7357177734375,0,289,1024,660,1024,769
388943871,0.47461551427841187,114.84933471679688,310.00982666015625,734.7882080078125,502.89385986328125,21,281,828,532,1024,768
393453577,0.32704704999923706,458.41473388671875,197.44798278808594,577.0720825195312,512.0961303710938,440,150,595,560,1024,849
394058735,0.45030319690704346,295.36199951171875,120.21868133544922,915.9692993164062,543.145263671875,202,56,1010,607,1024,751
395161818,0.8635801672935486,277.4114074707031,22.49029541015625,503.8530578613281,983.560791015625,243,0,538,1024,768,1024
400264131,0.5210264921188354,130.3662872314453,185.61074829101562,538.5708618164062,689.0037231445312,69,110,600,765,744,845
400510556,0.9092934727668762,18.78192138671875,208.50656127929688,959.4569091796875,337.07855224609375,0,189,1024,357,1024,576
402521092,0.3980008661746979,45.51716613769531,205.79913330078125,273.390380859375,781.2494506835938,11,119,308,868,740,1024
402971443,0.8397271633148193,1.359588623046875,0.45876067876815796,1015.282470703125,624.2221069335938,0,0,1024,683,1024,683
403805469,0.6068078875541687,155.65020751953125,267.887451171875,868.2975463867188,561.9762573242188,48,223,976,607,1024,787
405179842,0.7210204601287842,140.73403930664062,434.2165832519531,321.8375244140625,489.5411682128906,113,425,350,498,771,1024
2975253,0.4704485237598419,423.8551025390625,509.364990234375,766.5357666015625,666.6334228515625,372,485,768,691,768,1024
3633995,0.853897750377655,80.843994140625,180.84686279296875,726.8968505859375,574.2742919921875,0,121,824,634,1024,768
5574837,0.7139233350753784,330.5893249511719,466.57427978515625,479.1554870605469,491.99591064453125,308,462,502,496,1024,768
8613306,0.9246309399604797,81.98974609375,230.2888641357422,894.204833984375,511.42132568359375,0,188,1017,554,1024,768
11816133,0.8534324765205383,133.06106567382812,325.54864501953125,604.8685302734375,416.34527587890625,62,311,676,430,1024,684
13732556,0.7214855551719666,3.373687744140625,139.7416534423828,934.5679931640625,859.4583740234375,0,31,1024,861,1024,861
15256724,0.4130491614341736,308.2779235839844,646.0712890625,342.5787048339844,657.476318359375,303,644,348,660,768,1024
17340003,0.8240129351615906,190.62181091308594,303.654541015625,687.0903930664062,462.297119140625,116,279,762,487,768,1024
17877866,0.5805801749229431,472.9893493652344,396.1463928222656,1018.7872314453125,548.1402587890625,391,373,1024,571,1024,768
20249544,0.7759243249893188,420.6228332519531,370.99810791015625,833.6458740234375,438.69775390625,358,360,896,449,1024,768
21007972,0.6642580628395081,215.83441162109375,100.49810028076172,855.2987670898438,553.9139404296875,119,32,952,622,1024,768
24782320,0.39983946084976196,309.7768249511719,496.4381103515625,450.85064697265625,665.189453125,288,471,473,691,768,1024
27279161,0.905555784702301,29.626922607421875,197.49952697753906,938.025390625,528.836181640625,0,147,1024,579,1024,768
28634949,0.8906010985374451,109.75808715820312,467.63470458984375,623.8516845703125,634.5507202148438,32,442,701,660,768,1024
31481427,0.6734224557876587,267.5673828125,80.75704956054688,598.2408447265625,887.9388427734375,217,0,648,1010,768,1024
31539874,0.8956649303436279,181.3515167236328,49.6693115234375,511.49212646484375,982.093994140625,131,0,562,1024,768,1024
32444711,0.5454947352409363,394.930419921875,743.1959228515625,747.2366333007812,936.1282958984375,342,714,768,966,768,1024
33104730,0.7060060501098633,366.64093017578125,294.0441589355469,502.89093017578125,546.4166259765625,346,256,524,585,1024,840
34729028,0.8347936272621155,168.84945678710938,458.5949401855469,532.5907592773438,623.0335693359375,114,433,588,648,768,1024
34730355,0.6815574765205383,5.863334655761719,384.38092041015625,546.7423706054688,674.8115844726562,0,340,576,719,576,1024
40933990,0.5995011925697327,205.65792846679688,525.7545166015625,294.84637451171875,584.5660400390625,192,516,309,594,768,1024
43772583,0.8010377883911133,415.010009765625,325.6489562988281,728.0745849609375,725.865966796875,368,265,776,768,1024,768
43930304,0.4277024269104004,245.2523956298828,169.7086181640625,610.8626708984375,739.9601440429688,190,84,666,826,1024,1024
49290130,0.20179708302021027,376.320068359375,387.86370849609375,499.38177490234375,417.366943359375,357,383,518,422,1024,768
50658862,0.8952507376670837,212.80674743652344,368.592041015625,696.174072265625,620.4650268554688,140,330,769,659,1024,799
50885493,0.7421181797981262,237.42654418945312,260.5986022949219,767.6683349609375,586.68408203125,157,211,768,636,768,1024
51338470,0.792728066444397,291.2619323730469,547.037109375,445.37701416015625,639.6541748046875,268,533,469,654,768,1024
54192228,0.9147922396659851,35.151702880859375,409.92523193359375,574.42578125,594.8002319335938,0,382,576,623,576,1024
54573325,0.572278618812561,506.5985412597656,387.44195556640625,598.6851196289062,412.26568603515625,492,383,613,416,1024,768
55220617,0.46022260189056396,325.2291259765625,490.9977111816406,433.8123779296875,519.13232421875,308,486,451,524,768,1024
56483890,0.8823863863945007,30.23968505859375,331.8482666015625,950.9685668945312,641.8818969726562,0,285,1024,689,1024,768
58222456,0.7152401208877563,385.54150390625,37.89454650878906,965.2833251953125,746.6661376953125,298,0,1024,768,1024,768
62987126,0.7575772404670715,340.35516357421875,277.9724426269531,702.3991088867188,557.7685546875,286,236,757,600,1024,768
69910047,0.6346347332000732,196.5480194091797,449.08966064453125,762.3351440429688,842.8486938476562,111,390,765,902,765,1024
70110156,0.7500871419906616,44.145965576171875,273.005126953125,885.372314453125,595.9978637695312,0,224,1012,645,1024,768
71219474,0.5063750743865967,678.3036499023438,295.80712890625,821.8258666992188,557.398681640625,656,256,844,597,1024,683
71450446,0.8746215105056763,7.3315887451171875,417.515869140625,764.3661499023438,762.9119873046875,0,365,768,815,768,1024
74149522,0.9161573648452759,217.0484161376953,291.9527893066406,727.7222900390625,465.1395263671875,140,265,805,492,1024,683
75014751,0.8812176585197449,579.3016357421875,121.32426452636719,726.403564453125,608.0833129882812,557,48,749,682,1024,768
76724385,0.9049882888793945,65.87957763671875,249.7052764892578,904.903076171875,526.4575805664062,0,208,1024,568,1024,768
77678474,0.8874272704124451,148.4081268310547,4.404815673828125,631.07568359375,1020.500244140625,76,0,704,1024,768,1024
79937353,0.7904919981956482,326.35736083984375,414.94647216796875,428.4609375,728.0601196289062,311,367,444,776,768,1024
80161635,0.8951268792152405,157.86447143554688,89.90658569335938,510.2624816894531,964.4410400390625,105,0,564,1024,768,1024
80737234,0.8926955461502075,201.6691131591797,138.53028869628906,642.4069213867188,431.9657897949219,135,94,709,476,1024,683
81926257,0.5659450888633728,119.1915283203125,424.0464172363281,234.73182678222656,497.4034729003906,101,413,253,509,768,1024
82179112,0.8555535078048706,252.79421997070312,384.51153564453125,489.41680908203125,648.1611938476562,217,344,525,688,768,1024
90683629,0.7555556297302246,430.41668701171875,614.3214111328125,767.0479736328125,869.2412109375,379,576,768,908,768,1024
90820047,0.6621448993682861,684.072998046875,20.43212127685547,989.15380859375,93.93953704833984,638,9,1024,105,1024,768
91907266,0.4606068432331085,550.4226684570312,447.12530517578125,811.2725219726562,800.2634887695312,511,394,851,854,1024,1024
91939124,0.7595826983451843,432.42486572265625,224.71417236328125,588.5931396484375,321.21142578125,408,210,613,336,1024,768
95067344,0.8592594265937805,253.79356384277344,481.0599365234375,433.0256652832031,677.0386962890625,226,451,460,707,768,1024
95898371,0.4940586984157562,0.0982818603515625,389.6388854980469,401.61395263671875,747.5946044921875,0,335,462,802,768,1024
99177237,0.7064628005027771,70.78681182861328,35.78050231933594,147.5796661376953,268.3484802246094,59,0,160,304,242,330
104286818,0.5399197340011597,338.55206298828125,287.57257080078125,677.9763793945312,543.39306640625,287,249,729,582,1024,768
105984479,0.8900863528251648,250.11032104492188,329.9749755859375,917.71630859375,571.0371704101562,149,293,1018,608,1024,768
111674416,0.8827025890350342,5.409942626953125,242.16151428222656,863.94482421875,380.9529724121094,0,221,993,402,1024,683
113381453,0.7608804702758789,200.97406005859375,543.7398071289062,688.9525146484375,793.3473510742188,127,506,763,831,768,1024
119372413,0.9026179313659668,92.39529418945312,227.393310546875,921.9765625,351.0175476074219,0,208,1024,370,1024,568
120867413,0.5501400232315063,285.020263671875,118.52877044677734,750.7928466796875,491.3624572753906,215,62,821,548,1024,683
127295373,0.38319772481918335,410.1820983886719,283.7985534667969,849.98779296875,479.63140869140625,344,254,916,510,1024,768
127335421,0.7536039352416992,263.7798156738281,179.95407104492188,568.4877319335938,901.28857421875,218,71,615,1010,768,1024
128547296,0.8166237473487854,174.98995971679688,418.79254150390625,502.02618408203125,487.20965576171875,125,408,552,498,577,1024
128949238,0.5916557312011719,272.3704833984375,309.05767822265625,658.5505981445312,517.6961669921875,214,277,717,549,1024,723
130849623,0.8693424463272095,231.85623168945312,55.428802490234375,388.0719909667969,800.553955078125,208,0,412,913,576,1024
131643010,0.7928932905197144,404.4710998535156,57.50193786621094,679.8636474609375,596.0494384765625,363,0,722,677,1024,768
136646651,0.4903982877731323,182.1216583251953,334.14373779296875,546.1851806640625,536.744140625,127,303,601,568,768,1024
138359544,0.5843719840049744,91.25861358642578,289.9853515625,128.6202850341797,351.7782897949219,85,280,135,362,1024,768
138955371,0.6162769794464111,149.70030212402344,360.84326171875,548.7734375,681.580810546875,89,312,576,730,576,1024
139211209,0.8977699279785156,99.65069580078125,142.4597930908203,967.1058959960938,363.3975830078125,0,109,1024,397,1024,502
141480779,0.29079145193099976,0.385833740234375,0.060882568359375,1022.8980712890625,768.0496215820312,0,0,1024,768,1024,768
141499175,0.8944967985153198,2.520416259765625,230.44134521484375,1020.9521484375,710.9276733398438,0,158,1024,768,1024,768
141932047,0.8338059186935425,186.88681030273438,389.6156311035156,767.7606811523438,528.3450927734375,99,368,768,550,768,1024
142308504,0.46578219532966614,510.9126892089844,232.0288543701172,680.253173828125,310.6903991699219,485,220,706,323,1024,578
143884567,0.750210702419281,241.54530334472656,263.96484375,749.8189086914062,451.0015869140625,165,235,827,480,1024,768
144216682,0.5969277024269104,320.58038330078125,512.0475463867188,485.632080078125,650.6762084960938,295,491,511,672,768,1024
148802883,0.7199434041976929,100.32797241210938,394.7923583984375,490.9871826171875,798.1466064453125,41,334,550,859,768,1024
149630800,0.6831415295600891,-0.6885795593261719,175.3193817138672,203.08804321289062,513.579345703125,0,124,234,565,768,1024
150445052,0.6958392262458801,305.06365966796875,453.6161804199219,394.54833984375,699.059814453125,291,416,408,736,753,1024
151190528,0.6477926969528198,367.6590270996094,367.10302734375,1022.0849609375,653.479248046875,269,324,1024,697,1024,768
157517747,0.6941324472427368,75.02794647216797,604.4210205078125,739.8800048828125,748.973388671875,0,582,768,771,768,1024
158521351,0.6325877904891968,468.33184814453125,122.4186019897461,657.4380493164062,317.4599609375,439,93,686,347,768,1024
159162201,0.3691857159137726,134.72079467773438,409.5791931152344,766.8726806640625,887.9608154296875,39,337,768,960,768,1024
161444466,0.8727245330810547,121.9892807006836,47.250396728515625,558.0338745117188,1016.547119140625,56,0,624,1024,768,1024
165128126,0.8902077078819275,74.31393432617188,254.5404510498047,971.7388916015625,474.0362548828125,0,221,1024,507,1024,751
167164022,0.8405882716178894,68.95117950439453,634.207275390625,705.9618530273438,910.5157470703125,0,592,768,952,768,1024
167796833,0.7504199147224426,-4.1495361328125,213.23902893066406,754.72802734375,376.1537780761719,0,188,869,401,1024,733
170221787,0.6747871041297913,121.15814208984375,147.17184448242188,875.8900146484375,425.78265380859375,7,105,990,468,1024,610
173891203,0.8868759274482727,260.2874755859375,131.37808227539062,488.6977844238281,774.7889404296875,226,34,523,872,768,1024
178285966,0.74711674451828,420.1391906738281,182.9205780029297,512.3403930664062,391.2835693359375,406,151,527,423,1024,768
179827063,0.6445568203926086,604.11083984375,422.197998046875,697.8615112304688,659.731201171875,590,386,712,696,768,1024
180632699,0.9123280048370361,146.81199645996094,159.29974365234375,597.36572265625,595.0327758789062,79,93,665,661,768,1024
184289423,0.8865765929222107,64.97830200195312,267.82855224609375,961.660400390625,437.42132568359375,0,242,1024,463,1024,683
185709718,0.4547872841358185,287.049560546875,261.5677490234375,617.9169311523438,355.686279296875,237,247,668,370,1024,683
190063103,0.906323254108429,272.37445068359375,60.932342529296875,553.21875,987.64501953125,230,0,596,1024,768,1024
190865729,0.7792727947235107,21.894704818725586,578.9082641601562,192.97164916992188,612.0599975585938,0,573,219,618,768,1024
192121263,0.6145129203796387,78.68163299560547,620.3018188476562,193.16275024414062,666.8428344726562,61,613,211,674,576,1024
192585709,0.7993277907371521,280.3372497558594,91.6751708984375,556.697509765625,968.3585205078125,238,0,599,1024,768,1024
192811534,0.5833142399787903,525.7767333984375,590.6085205078125,938.306884765625,764.9227294921875,463,564,1001,768,1024,768
192903183,0.9026782512664795,111.67117309570312,398.5177001953125,663.5609130859375,571.826171875,28,372,747,598,1024,768
193432499,0.8572739958763123,46.604400634765625,91.64056396484375,955.163818359375,563.6618041992188,0,20,1024,635,1024,650
193469236,0.6608026623725891,296.57135009765625,555.06005859375,796.8997192382812,649.7970581054688,221,540,872,665,1024,708
194878450,0.8533079624176025,330.35968017578125,129.2563018798828,688.478271484375,488.6955261230469,276,75,743,543,1024,683
195957769,0.4666476249694824,192.39059448242188,317.85369873046875,412.5932312011719,613.16748046875,159,273,446,658,1024,865
196426864,0.5456533432006836,401.904296875,93.13114929199219,592.56884765625,370.529296875,373,51,622,413,1024,768
199729601,0.5376213192939758,476.4910888671875,300.9599304199219,519.2778930664062,313.9646301269531,470,299,526,316,1024,498
204770172,0.6969759464263916,533.7323608398438,95.23258209228516,691.6447143554688,427.21875,510,45,716,478,1024,768
205485627,0.5811247825622559,70.74490356445312,483.3003845214844,639.185791015625,627.0150146484375,0,461,725,649,768,1024
206450734,0.5876926779747009,416.030517578125,215.0504608154297,703.955810546875,270.2937316894531,372,206,748,279,1024,726
209646817,0.7744860649108887,113.38528442382812,339.36444091796875,909.3671875,721.9973754882812,0,281,1024,768,1024,768
209671066,0.8865407109260559,394.17218017578125,225.4427490234375,639.2489624023438,329.8048095703125,357,209,677,346,1024,768
212458692,0.39087751507759094,224.84048461914062,503.40301513671875,454.4315185546875,864.1535034179688,190,449,489,919,768,1024
214594071,0.6399356722831726,475.4284973144531,406.6851501464844,633.297119140625,485.02001953125,451,394,657,497,1024,767
214645921,0.8837318420410156,0.7797317504882812,307.7860107421875,723.154052734375,880.165283203125,0,221,768,967,768,1024
215096037,0.9006982445716858,207.44236755371094,215.34616088867188,474.052001953125,875.506103515625,167,116,515,975,698,1024
215147362,0.5543805956840515,622.0114135742188,47.6118049621582,709.6834106445312,81.24136352539062,608,42,723,87,768,1024
216283162,0.897814929485321,287.5760803222656,316.101318359375,511.35675048828125,650.305908203125,254,265,545,701,771,1024
217476263,0.5010157227516174,344.638916015625,277.50823974609375,608.6187744140625,543.4828491210938,305,237,649,584,1024,768
219347012,0.6768412590026855,1.1017303466796875,89.4627456665039,295.16046142578125,179.8343505859375,0,75,340,194,1024,768
220976175,0.6254269480705261,322.186279296875,254.24530029296875,552.4569091796875,331.97509765625,287,242,587,344,1024,768
222232621,0.691277265548706,388.78460693359375,371.5237731933594,431.50091552734375,494.7295837402344,382,353,438,514,768,1024
223266675,0.7451639771461487,98.17962646484375,360.21051025390625,666.9032592773438,467.8759765625,12,344,753,485,1024,768
223596548,0.8812661170959473,168.79327392578125,295.00927734375,433.765380859375,679.8397216796875,129,237,474,738,768,1024
224720221,0.8401455283164978,42.83244323730469,467.6907043457031,697.6760864257812,826.9044189453125,0,413,768,881,768,1024
226376621,0.5178447365760803,678.2086791992188,765.4573364257812,767.1492309570312,825.0388793945312,664,756,768,834,768,1024
226600106,0.7019888162612915,208.5176239013672,323.2380065917969,567.8737182617188,855.064697265625,154,243,622,935,768,1024
227517644,0.8222302198410034,325.9811096191406,216.9681396484375,455.2405700683594,636.6753540039062,306,154,475,700,768,1024
228267628,0.48058217763900757,720.3593139648438,387.5843505859375,766.8765869140625,468.92437744140625,713,375,768,482,768,1024
228963208,0.7935557961463928,322.1890869140625,199.62966918945312,591.1854248046875,356.0633239746094,281,176,632,380,1024,576
229082097,0.6556831002235413,323.6876220703125,302.23687744140625,571.4560546875,478.535400390625,286,275,609,505,1024,768
232802960,0.8870598077774048,286.3573913574219,265.0248107910156,604.3594970703125,744.7880859375,238,193,653,817,683,1024
234861330,0.8792635798454285,164.76370239257812,402.8099060058594,575.2199096679688,612.0968017578125,103,371,576,644,576,1024
237054321,0.8779435157775879,326.750732421875,47.28689193725586,676.3392333984375,681.1250610351562,274,0,729,683,1024,683
238554703,0.7466325759887695,503.7305908203125,352.91680908203125,655.897705078125,425.985107421875,480,341,679,437,1024,768
242521902,0.2588302791118622,211.53892517089844,1.984869122505188,271.35626220703125,59.752986907958984,202,0,281,69,1024,716
243133665,0.8999386429786682,131.8828125,294.8646240234375,870.1345825195312,558.49658203125,21,255,981,599,1024,768
243881438,0.8600943684577942,52.98811340332031,504.28875732421875,640.2320556640625,792.2116088867188,0,461,729,836,768,1024
245169946,0.80508953332901,230.8841552734375,323.8736877441406,688.806396484375,589.99267578125,162,283,758,630,768,1024
245226621,0.4235239326953888,181.44580078125,493.252197265625,289.09112548828125,585.1644287109375,165,479,306,599,1024,1024
245392746,0.7662902474403381,335.76123046875,474.1412353515625,473.4046325683594,643.737060546875,315,448,495,670,768,1024
249441822,0.8017558455467224,261.1612548828125,284.8008117675781,567.2301025390625,369.08172607421875,215,272,614,382,1024,683
249886425,0.7059839367866516,409.4997863769531,526.4638671875,804.4881591796875,769.1347045898438,350,490,864,770,1024,770
250422089,0.7939000129699707,264.740478515625,352.02740478515625,363.9993896484375,580.1709594726562,249,317,379,615,768,1024
252073667,0.8693442940711975,123.34442138671875,158.3932647705078,1022.7429809570312,526.0782470703125,0,103,1024,582,1024,768
252471145,0.7860777378082275,273.77349853515625,164.68536376953125,675.7366943359375,916.0628051757812,213,51,737,1024,768,1024
253393986,0.4648267924785614,137.6263427734375,523.2826538085938,629.187744140625,776.4225463867188,63,485,703,815,771,1024
253744235,0.7481800317764282,180.1619873046875,158.40670776367188,859.9893798828125,313.95916748046875,78,135,962,338,1024,575
254104631,0.36996009945869446,236.58448791503906,870.3461303710938,264.51544189453125,889.5187377929688,232,867,269,893,768,1024
255999994,0.7916165590286255,225.50184631347656,527.4077758789062,530.7532958984375,673.0285034179688,179,505,576,695,576,1024
260571254,0.4847239851951599,24.761260986328125,211.1304931640625,994.63671875,473.515625,0,171,1024,513,1024,598
262370406,0.6116194128990173,249.93698120117188,92.8568115234375,945.433837890625,639.84765625,145,10,1024,722,1024,768
263184909,0.9323968887329102,82.08914184570312,283.12884521484375,679.385498046875,446.13616943359375,0,258,769,471,1024,768
263510046,0.901003360748291,5.9073944091796875,340.5255126953125,670.5001831054688,563.0636596679688,0,307,768,597,768,1024
263854018,0.799064040184021,262.2022399902344,149.05587768554688,857.695556640625,535.0504760742188,172,91,948,593,1024,678
265044073,0.43000560998916626,0.18548583984375,1.4384461641311646,1024.13818359375,684.383544921875,0,0,1024,683,1024,683
265346333,0.7870036959648132,382.9241943359375,510.71368408203125,589.8810424804688,681.8120727539062,351,485,621,683,1024,683
265557058,0.9022896885871887,149.71188354492188,169.8816375732422,850.260986328125,309.8367919921875,44,148,956,331,1024,481
268859002,0.8177663683891296,166.27264404296875,309.4458312988281,769.8140258789062,759.4833984375,75,241,768,827,768,1024
269846430,0.8885120153427124,264.24346923828125,267.0363464355469,1027.200439453125,576.5494384765625,149,220,1024,623,1024,769
270400726,0.43815121054649353,180.66558837890625,201.04949951171875,555.0374755859375,318.4154052734375,124,183,612,337,750,500
273523127,0.4354289174079895,379.927978515625,369.747802734375,612.149658203125,641.0855712890625,345,329,647,682,768,1024
277218608,0.9019492864608765,310.9919128417969,169.44354248046875,576.6824951171875,880.0119018554688,271,62,617,987,768,1024
277710082,0.8934162855148315,62.057716369628906,324.116943359375,623.4407958984375,692.3745727539062,0,268,708,748,768,1024
277890920,0.906192421913147,304.7984313964844,340.475341796875,439.0352783203125,390.7132568359375,284,332,460,399,776,1024
279210557,0.5837374329566956,239.10833740234375,198.1635284423828,921.5083618164062,462.75360107421875,136,158,1024,503,1024,683
281188849,0.6061899662017822,70.80535888671875,152.71945190429688,900.5748291015625,484.8468017578125,0,102,1024,535,1024,683
282353180,0.8154981136322021,64.53884887695312,221.80001831054688,639.9593505859375,365.47760009765625,0,200,727,388,1024,683
285226956,0.8741145133972168,29.39604949951172,174.02520751953125,769.046142578125,982.1642456054688,0,52,768,1024,768,1024
286914983,0.7397580146789551,23.618141174316406,311.0521545410156,142.47528076171875,463.8369140625,5,288,161,487,1024,768
287291165,0.7962179183959961,235.31033325195312,315.22454833984375,816.7532958984375,374.9559326171875,148,306,904,384,1024,683
287687359,0.8384395837783813,19.728927612304688,366.2519836425781,529.471923828125,516.4720458984375,0,343,606,540,768,1024
288951736,0.6231982707977295,69.9737319946289,557.0859375,211.7611083984375,632.7139892578125,48,545,234,645,576,1024
290654714,0.5724142789840698,264.2882385253906,449.0618591308594,819.1158447265625,528.3494262695312,181,437,903,541,1024,819
291141586,0.8917022943496704,123.90084838867188,93.71240234375,889.43408203125,585.6561279296875,9,19,1005,590,1024,590
291656834,0.6805226802825928,0.5827915668487549,529.33251953125,344.1871032714844,689.0728759765625,0,505,396,714,473,1024
291930591,0.8007150292396545,142.47459411621094,394.0994567871094,449.4827575683594,456.9098205566406,96,384,496,467,576,1024
292482767,0.6614786982536316,547.8936157226562,721.8583374023438,637.8276977539062,772.5733032226562,534,714,652,781,768,1024
292749612,0.9139779210090637,209.4532928466797,370.2872009277344,342.2133483886719,635.8990478515625,189,330,363,676,576,1024
293180010,0.687981903553009,411.19189453125,249.34017944335938,524.39794921875,486.21221923828125,394,213,542,522,1024,683
294034324,0.8925682306289673,234.71817016601562,351.91693115234375,988.3641967773438,650.7578125,121,307,986,696,986,1024
294194564,0.44080883264541626,55.544189453125,181.9611053466797,861.6784057617188,565.7322387695312,0,124,983,624,1024,769
294881452,0.37479856610298157,2.020538330078125,-1.14385986328125,863.0809326171875,766.6407470703125,0,0,993,768,1024,768
297939913,0.8701128363609314,211.80508422851562,200.5616455078125,829.1461181640625,499.94671630859375,119,155,922,545,1024,768
298534797,0.7342575788497925,383.684814453125,326.30963134765625,510.052978515625,526.8101196289062,364,296,530,557,768,1024
300056749,0.5766326189041138,193.06448364257812,365.91888427734375,320.56951904296875,458.460693359375,173,352,340,473,461,1024
300538807,0.9035366773605347,115.41671752929688,302.0321044921875,703.3671875,446.3397216796875,27,280,792,468,1024,679
303140399,0.6546186208724976,131.5802001953125,454.0878601074219,486.7434997558594,687.702392578125,78,419,541,723,768,1024
304021657,0.7057662010192871,149.31735229492188,262.2218017578125,425.0933532714844,357.34124755859375,107,247,467,372,1024,576
306659474,0.5432494878768921,195.27822875976562,299.3618469238281,625.40771484375,364.7702331542969,130,289,690,375,768,1024
306855841,0.6135141253471375,139.54486083984375,443.31976318359375,488.5867919921875,676.0501098632812,87,408,541,711,768,1024
306903102,0.8698119521141052,429.8140869140625,210.2789306640625,561.8599853515625,321.626708984375,410,193,582,339,1024,512
308753092,0.3840312659740448,633.870361328125,339.3825378417969,865.3912353515625,421.7093811035156,599,327,901,435,1024,684
309160906,0.8817950487136841,154.08123779296875,276.2596130371094,299.95233154296875,644.080810546875,132,221,322,700,461,1024
311238226,0.8918527364730835,6.514961242675781,449.6231689453125,716.73583984375,718.3983154296875,0,409,768,759,768,1024
311873212,0.6396034955978394,297.05816650390625,196.98486328125,421.7509765625,286.97412109375,278,183,441,301,1024,768
315281770,0.8194484710693359,166.4766082763672,322.88946533203125,700.5065307617188,492.06854248046875,86,297,768,518,768,1024
315410864,0.584441065788269,232.7747802734375,286.45013427734375,519.0877075195312,566.1542358398438,189,244,563,609,768,1024
317360977,0.7191212773323059,338.36907958984375,267.0562744140625,694.9519653320312,420.2161560058594,284,244,749,444,1024,768
317543241,0.8282864689826965,270.77734375,484.1664123535156,440.6539306640625,528.865478515625,245,477,467,536,768,1024
317677163,0.4444119930267334,270.6868591308594,543.2807006835938,308.90557861328125,563.3893432617188,264,540,315,567,768,1024
317857730,0.8810620903968811,-0.26799774169921875,448.04571533203125,661.0003051757812,1023.7383422851562,0,361,761,1024,768,1024
319415519,0.7287151217460632,191.56979370117188,516.4940795898438,569.831298828125,625.4421997070312,134,500,627,642,768,1024
320665880,0.8964170217514038,148.265380859375,451.3703308105469,622.9893798828125,586.2171630859375,77,431,695,607,768,1024
320748097,0.5765764713287354,126.08850860595703,195.3335723876953,438.12518310546875,660.0886840820312,79,125,485,730,576,1024
321219144,0.9101100564002991,240.42596435546875,154.85989379882812,888.7512817382812,733.719482421875,143,68,987,768,1024,768
322194900,0.8597639799118042,232.12399291992188,358.5372314453125,780.9102783203125,747.053955078125,149,300,864,806,1024,1024
325642685,0.38473764061927795,240.75770568847656,427.9383239746094,740.2528686523438,679.77685546875,165,390,816,718,860,1024
326759928,0.6486120820045471,216.9267578125,338.13006591796875,1028.4591064453125,695.7269897460938,95,284,1024,750,1024,1020
326827815,0.7464722394943237,383.1668701171875,291.51495361328125,957.867431640625,424.7578125,296,271,1024,445,1024,768
326899582,0.4979364573955536,208.779541015625,390.41937255859375,294.5613708496094,462.69696044921875,195,379,308,474,576,1024
329526354,0.8124743103981018,409.4273681640625,154.67941284179688,643.580078125,700.1848754882812,374,72,679,768,1024,768
329598230,0.7457192540168762,-2.5837326049804688,327.1843566894531,523.581787109375,613.0860595703125,0,284,603,656,768,1024
329665129,0.9109129905700684,159.25164794921875,390.1510925292969,629.5515747070312,541.7726440429688,88,367,701,565,768,1024
329969082,0.7589146494865417,353.17108154296875,294.4417419433594,702.4729614257812,344.04986572265625,300,287,755,352,1024,682
334590605,0.853710412979126,170.60873413085938,589.7189331054688,329.34259033203125,696.3267211914062,146,573,354,713,473,1024
334756864,0.46519312262535095,132.5964813232422,147.96466064453125,612.8834838867188,883.0476684570312,60,37,685,994,836,1024
335868757,0.4042530357837677,115.91815185546875,250.49124145507812,552.3231811523438,788.02685546875,50,169,576,869,576,1024
337161046,0.5305348634719849,406.9127197265625,396.0091857910156,555.1795654296875,455.3494567871094,384,387,578,465,768,1024
337894074,0.7264271974563599,146.90252685546875,284.5216979980469,775.1427612304688,459.2200012207031,52,258,870,486,1024,683
339050930,0.46253418922424316,191.9893798828125,480.3331298828125,708.7391967773438,707.28955078125,114,446,768,742,768,1024
339287045,0.4080975353717804,360.6968078613281,270.7565002441406,889.7625732421875,536.1346435546875,281,230,970,576,1024,683
340301655,0.730073869228363,-0.35610997676849365,43.90471267700195,822.3260498046875,553.5440673828125,0,0,866,630,866,630
340403127,0.5165298581123352,352.9840393066406,53.68768310546875,532.6807250976562,308.72821044921875,326,15,560,347,1024,473
341478946,0.6838264465332031,310.018310546875,408.4482421875,589.2646484375,487.9946594238281,268,396,632,500,1024,768
343102376,0.8962605595588684,345.49017333984375,87.82659912109375,620.83349609375,874.845947265625,304,0,663,993,768,1024
343133681,0.48622339963912964,143.91128540039062,233.952880859375,727.6893310546875,832.9151611328125,56,144,768,923,768,1024
343624661,0.6447714567184448,366.1851806640625,141.9631805419922,493.13134765625,292.4114990234375,347,119,513,315,768,1024
343633596,0.6314971446990967,-0.22174072265625,765.9283447265625,166.71847534179688,839.2001953125,0,754,192,851,768,1024
344821262,0.5367885828018188,52.293609619140625,61.18757247924805,985.527099609375,256.73931884765625,0,31,1024,287,1024,331
345038268,0.8032000064849854,296.09356689453125,321.84515380859375,743.4326782226562,512.2333984375,228,293,811,541,1024,768
345203069,0.4264822006225586,85.362060546875,291.73419189453125,826.3423461914062,482.0379638671875,0,263,938,511,1024,768
345840712,0.9022518396377563,168.45611572265625,101.45892333984375,606.7747802734375,805.6482543945312,102,0,673,912,768,1024
347129653,0.5955062508583069,411.5052490234375,398.82427978515625,560.6866455078125,457.1873779296875,389,390,584,466,1024,768
347847051,0.5067214965820312,272.08709716796875,232.10733032226562,836.3435668945312,506.78900146484375,187,190,921,548,1024,683
347893676,0.7909068465232849,112.51104736328125,332.94647216796875,844.0313720703125,569.4983520507812,2,297,954,605,1024,768
350440591,0.7457407712936401,186.36111450195312,305.22900390625,786.266845703125,468.9127197265625,96,280,877,494,1024,768
350479942,0.3084258735179901,200.45291137695312,237.56143188476562,902.763671875,520.498779296875,95,195,1009,563,1024,768
350566395,0.8461840152740479,193.95372009277344,298.82037353515625,355.08587646484375,786.8086547851562,169,225,380,861,576,1024
351504751,0.7912578582763672,399.120849609375,263.464111328125,550.387939453125,422.6215515136719,376,239,574,447,1024,577
351957834,0.8804367780685425,0.052032470703125,133.63919067382812,957.448974609375,662.5823974609375,0,54,1024,742,1024,768
351963853,0.6144353151321411,62.96671676635742,105.49134826660156,188.0851287841797,158.04507446289062,44,97,207,166,1024,768
353296840,0.7618962526321411,290.62799072265625,245.54617309570312,761.1712036132812,580.9524536132812,220,195,832,632,1024,768
354072422,0.6740065813064575,19.257247924804688,365.380859375,311.53070068359375,637.8355712890625,0,324,356,679,576,1024
356419146,0.8723872303962708,377.24176025390625,369.9698181152344,730.0194702148438,449.4608459472656,324,358,783,462,1024,768
356818892,0.2752913534641266,310.7224426269531,445.1689758300781,455.4158935546875,519.6817626953125,289,433,478,531,768,1024
358444192,0.5448141694068909,309.59130859375,454.3692932128906,495.6707763671875,608.7651977539062,281,431,524,632,576,1024
358503910,0.8323179483413696,105.31220245361328,80.38192749023438,601.671142578125,989.3013916015625,30,0,677,1024,771,1024
359084064,0.6398268342018127,742.519287109375,20.775484085083008,1021.4031982421875,81.92597198486328,700,11,1024,92,1024,768
360540710,0.5873361825942993,478.273681640625,372.03887939453125,572.89892578125,609.361083984375,464,336,588,645,768,1024
361352760,0.6702264547348022,98.12545776367188,283.6134033203125,581.0352783203125,606.0667724609375,25,235,654,655,1024,768
361696661,0.5232862234115601,9.228668212890625,360.70123291015625,462.681884765625,633.7360229492188,0,319,531,675,1024,768
362260111,0.7150418758392334,366.75537109375,232.81565856933594,1024.6558837890625,636.4594116210938,268,172,1024,686,1024,686
362712320,0.7447468638420105,277.06964111328125,242.8121337890625,545.6532592773438,345.4815673828125,236,227,586,361,1024,683
362935637,0.5491992235183716,258.5783386230469,77.30142211914062,652.6441040039062,740.7186279296875,199,0,712,841,768,1024
365152000,0.9088203310966492,164.91091918945312,517.07275390625,731.6920776367188,791.3658447265625,79,475,817,833,933,1024
366575113,0.49217575788497925,538.7188720703125,0.6921787261962891,688.892822265625,48.380638122558594,516,0,712,56,768,1024
368055241,0.871488094329834,125.0933837890625,170.7548828125,866.5879516601562,512.9627685546875,13,119,978,565,1024,768
370231530,0.727287769317627,285.0960998535156,230.01849365234375,1023.5772705078125,656.5406494140625,174,166,1024,721,1024,768
370525147,0.8985987305641174,385.77008056640625,287.55474853515625,703.7112426757812,377.24517822265625,338,274,752,391,1024,704
371619028,0.8916270136833191,62.009979248046875,256.9249267578125,703.222412109375,456.49951171875,0,226,800,487,1024,575
371745433,0.8402584195137024,429.3450012207031,135.94203186035156,586.0638427734375,560.4751586914062,405,72,610,625,1024,683
374821100,0.7024731040000916,126.78784942626953,585.1412963867188,338.47735595703125,663.9846801757812,95,573,371,676,461,1024
374979887,0.656624436378479,221.85565185546875,1.5833892822265625,408.4312744140625,118.76312255859375,193,0,437,137,768,1024
377770776,0.6442779898643494,103.21959686279297,769.3326416015625,221.238525390625,803.8304443359375,85,764,239,810,768,1024
377984911,0.5620326995849609,501.2973937988281,260.35198974609375,574.69287109375,305.29315185546875,490,253,576,313,576,1024
378681158,0.7160549759864807,273.62115478515625,257.27349853515625,765.8395385742188,1021.1256713867188,199,142,768,1024,768,1024
381646376,0.6972734332084656,310.1504211425781,252.2156982421875,467.4844055175781,434.95965576171875,286,224,492,463,1024,567
381892487,0.6631691455841064,0.20179367065429688,123.66773986816406,100.78215026855469,206.9606170654297,0,111,116,220,768,1024
384450823,0.8789246678352356,90.152099609375,112.65109252929688,937.1971435546875,584.6207275390625,0,41,1024,656,1024,679
386677847,0.8350841403007507,118.72592163085938,336.69122314453125,696.1531982421875,531.7113647460938,32,307,783,561,1024,768
386927130,0.5943549275398254,238.4711151123047,628.6041259765625,406.5314025878906,902.683837890625,213,587,432,944,768,1024
388051138,0.8791510462760925,305.6280517578125,341.2276306152344,483.5045166015625,783.3941650390625,278,274,511,850,768,1024
388053471,0.7826411724090576,150.7855682373047,417.76702880859375,547.65576171875,667.2571411132812,91,380,608,705,768,1024
389010056,0.5110005140304565,184.9534454345703,87.2184066772461,585.1585083007812,460.2984619140625,124,31,646,517,1024,683
389297552,0.9038510322570801,231.047119140625,191.8953399658203,962.0418701171875,575.3740234375,121,134,1000,633,1000,667
392031078,0.5714308023452759,244.0301513671875,556.6542358398438,387.930419921875,609.4335327148438,222,548,410,618,768,1024
392378651,0.9152669906616211,183.82640075683594,465.4891357421875,593.8858032226562,607.2281494140625,122,444,656,629,768,1024
394375115,0.9070728421211243,207.99594116210938,106.60418701171875,877.8951416015625,553.7972412109375,107,39,979,621,1024,768
394870390,0.8873317241668701,53.14190673828125,100.18760681152344,979.4762573242188,444.06536865234375,0,48,1024,496,1024,503
395192877,0.7608172297477722,112.25614929199219,541.8881225585938,255.33265686035156,612.3067016601562,90,531,277,623,768,1024
395206060,0.9050474762916565,253.72366333007812,89.67794799804688,522.0645751953125,887.326171875,213,0,563,1007,771,1024
395326376,0.7058799266815186,558.2765502929688,231.7799530029297,659.5619506835938,369.17462158203125,543,211,675,390,768,1024
395804096,0.3606085181236267,370.4081726074219,142.90594482421875,484.7650451660156,177.20266723632812,353,137,502,183,768,1024
397120251,0.7985624670982361,344.5783996582031,392.32000732421875,721.0413818359375,473.6339111328125,288,380,778,486,1024,768
397703582,0.8795435428619385,207.72225952148438,48.79205322265625,531.9874267578125,774.9944458007812,159,0,581,884,768,1024
397868107,0.4404599070549011,7.833526611328125,391.9276123046875,848.8238525390625,444.00445556640625,0,384,975,452,1024,768
398270700,0.4666001796722412,92.50906372070312,185.6309814453125,952.8648681640625,471.5741271972656,0,142,1024,515,1024,684
398916097,0.8202807307243347,285.25494384765625,291.9915771484375,782.7632446289062,501.0623474121094,210,260,858,533,1024,768
398927273,0.42885079979896545,208.31076049804688,593.3209228515625,280.7911071777344,808.515625,197,561,292,841,576,1024
399438168,0.8266304731369019,45.46833801269531,528.0938720703125,497.052001953125,679.71337890625,0,505,565,703,768,1024
399791028,0.8883100152015686,206.44122314453125,15.768951416015625,507.0221252441406,586.3892822265625,161,0,553,672,576,1024
400152233,0.44029325246810913,532.4617919921875,678.10400390625,748.8973388671875,854.1456298828125,499,651,768,881,768,1024
401279523,0.6957016587257385,159.924072265625,265.39117431640625,1019.751220703125,567.8847045898438,30,220,1024,614,1024,768
402390541,0.7014258503913879,391.884033203125,307.47442626953125,548.4841918945312,353.4858093261719,368,300,572,361,1024,768
403208242,0.8774234652519226,155.54209899902344,487.67462158203125,465.9917907714844,569.4105834960938,108,475,513,582,768,1024
403604238,0.6991634964942932,-0.14148330688476562,277.59088134765625,295.322509765625,683.5729370117188,0,216,340,745,768,1024
404054633,0.588357150554657,299.6954650878906,560.2757568359375,351.6844787597656,686.4127197265625,291,541,360,706,771,1024
404078523,0.8486924171447754,214.18601989746094,62.513946533203125,494.75177001953125,915.57470703125,172,0,537,1024,768,1024
404402737,0.8014172315597534,86.66093444824219,421.9452819824219,601.0747680664062,520.6874389648438,9,407,679,536,768,1024
405617068,0.8554623126983643,13.008148193359375,0.09644192457199097,1008.09814453125,638.69970703125,0,0,1024,683,1024,683
405741262,0.93033766746521,169.47845458984375,235.3048095703125,953.2692260742188,417.32415771484375,51,208,1024,445,1024,633
1626591,0.897922933101654,115.6285400390625,101.81777954101562,336.01727294921875,231.99057006835938,82,82,370,252,512,342
8183243,0.8406503796577454,146.82711791992188,210.55984497070312,463.89300537109375,596.609375,99,152,512,655,534,800
8183247,0.5910261273384094,498.65850830078125,86.6417007446289,596.7977905273438,369.200439453125,483,44,612,412,800,534
9063152,0.6798427700996399,133.2732696533203,95.76797485351562,307.7620849609375,245.29295349121094,107,73,334,268,800,533
9190610,0.8944196701049805,157.75747680664062,148.65237426757812,751.6602783203125,385.8552551269531,68,113,800,422,800,533
9248156,0.6712787747383118,208.79928588867188,240.2257843017578,729.747314453125,342.0560607910156,130,224,800,358,800,534
17275455,0.5452561378479004,593.9824829101562,102.95369720458984,724.3533325195312,255.67535400390625,574,80,744,279,800,533
18470466,0.917472779750824,105.42556762695312,187.39154052734375,848.8394775390625,586.0474853515625,0,127,961,646,1024,768
18496934,0.9138649106025696,185.80612182617188,239.27403259277344,876.3912353515625,612.0546264648438,82,183,980,668,1024,768
21939837,0.7423025965690613,259.0037536621094,417.88958740234375,511.0047302246094,597.5643310546875,221,390,549,625,1024,683
22648201,0.9002014398574829,143.56639099121094,246.89260864257812,629.2802124023438,554.7784423828125,70,200,703,601,1024,768
29233725,0.8079477548599243,92.98016357421875,257.68072509765625,611.9195556640625,464.8214416503906,15,226,690,496,1024,682
38246348,0.7158408761024475,193.17349243164062,230.2774658203125,887.9534912109375,554.5252685546875,88,181,993,604,1024,768
46299493,0.834150493144989,152.15908813476562,189.1612548828125,954.720947265625,617.4066162109375,31,124,1024,682,1024,768
46709217,0.9114444851875305,162.74356079101562,159.794677734375,966.220947265625,633.540283203125,42,88,1024,705,1024,768
52028710,0.6705477237701416,183.307861328125,662.9411010742188,290.4540100097656,777.0936889648438,167,645,307,795,768,1024
54132782,0.9186751842498779,98.95404052734375,232.28848266601562,645.556396484375,909.7469482421875,16,130,728,1012,768,1024
55378307,0.8539011478424072,245.26483154296875,92.05853271484375,707.435791015625,965.4138793945312,175,0,768,1024,768,1024
55382586,0.8517872095108032,107.43243408203125,473.96875,458.95361328125,659.974365234375,54,446,512,688,768,1024
55985507,0.3829578161239624,379.506591796875,181.68310546875,531.1607666015625,428.8389892578125,356,144,554,466,640,480
58316217,0.853390097618103,163.0931396484375,332.37469482421875,800.3667602539062,653.5704345703125,67,284,896,702,1024,768
61550925,0.4407227635383606,98.00689697265625,104.64863586425781,528.026611328125,375.7947692871094,33,63,593,417,640,480
61876611,0.895788311958313,119.64407348632812,24.731910705566406,903.6873779296875,609.0846557617188,2,0,1022,697,1024,754
63004243,0.49090269207954407,37.58070373535156,366.6700744628906,498.9248962402344,482.0811462402344,0,349,569,500,766,1024
63802453,0.6419506669044495,284.1719055175781,265.79345703125,635.2177734375,411.4945373535156,231,243,640,434,640,480
63802753,0.49815812706947327,221.6834716796875,163.90994262695312,385.79022216796875,297.13897705078125,197,143,411,318,640,480
63872438,0.7313766479492188,63.640411376953125,293.0179443359375,796.6475830078125,521.7506713867188,0,258,907,557,1024,768
64171574,0.8729583621025085,212.11965942382812,268.88031005859375,741.1796875,537.3448486328125,132,228,821,578,1024,768
65376841,0.8720760941505432,16.398468017578125,236.31536865234375,472.0072021484375,938.1578979492188,0,131,541,1024,768,1024
65636146,0.4149658977985382,-0.15233755111694336,1.7454833984375,982.8072509765625,1025.7066650390625,0,0,983,1024,983,1024
67003349,0.3954031765460968,294.20147705078125,231.95559692382812,899.1786499023438,555.795166015625,203,183,990,605,1024,768
79155935,0.9149861931800842,182.12832641601562,225.5034942626953,796.4710693359375,541.498046875,89,178,889,589,1024,768
85903441,0.8806846737861633,44.390560150146484,86.01908874511719,330.4364318847656,237.09568786621094,1,63,374,260,450,300
87835243,0.9180441498756409,18.244903564453125,63.54134750366211,956.8482666015625,571.719970703125,0,0,1024,630,1024,630
92128678,0.8584636449813843,91.00027465820312,137.39144897460938,920.456298828125,527.5234985351562,0,78,1024,587,1024,683
92868363,0.7542222738265991,148.8289794921875,14.129748344421387,968.6270141601562,434.80859375,25,0,1004,498,1004,861
93457646,0.8721560835838318,179.89395141601562,132.22976684570312,527.8587646484375,900.7164306640625,127,16,581,1016,768,1024
93675932,0.5888970494270325,50.298500061035156,357.50140380859375,126.99176788330078,444.12005615234375,38,344,139,458,1024,768
95374454,0.5865822434425354,50.932044982910156,228.1929168701172,235.79165649414062,301.1343994140625,23,217,264,313,800,534
96457927,0.8990293145179749,36.27178955078125,90.9004898071289,1019.8391723632812,624.3971557617188,0,10,1024,705,1024,768
96676870,0.49789944291114807,968.8704223632812,186.39407348632812,1023.2980346679688,225.27696228027344,960,180,1024,232,1024,576
100237524,0.6867773532867432,409.80780029296875,452.8218078613281,678.5863647460938,680.8256225585938,369,418,719,716,1024,1024
101523965,0.6879907846450806,391.8707580566406,254.5868682861328,606.86083984375,584.3025512695312,359,205,640,634,1024,682
105959491,0.8640919327735901,284.64764404296875,187.84588623046875,712.6778564453125,579.98388671875,220,129,777,639,1024,768
107458213,0.8964492082595825,173.17822265625,34.92824935913086,918.9075927734375,455.1468200683594,61,0,1024,519,1024,576
108929443,0.6044026017189026,539.9340209960938,234.6539764404297,744.5391235351562,330.943115234375,509,220,776,346,1024,683
108929449,0.7794233560562134,271.844482421875,217.04818725585938,563.541748046875,852.3768310546875,228,121,608,948,810,1024
109022948,0.657951295375824,445.6850891113281,334.6761169433594,613.13671875,410.5437927246094,420,323,639,422,1024,683
109023905,0.6799415946006775,290.03863525390625,112.30931854248047,665.9059448242188,364.8784484863281,233,74,723,403,1024,768
109436592,0.5264067649841309,116.75196075439453,209.74085998535156,743.6061401367188,498.0057373046875,22,166,768,542,768,1024
115858305,0.8794249892234802,394.484619140625,33.5404167175293,688.4449462890625,576.0751342773438,350,0,733,658,1024,683
119429015,0.7499622106552124,46.50463104248047,145.41943359375,371.74334716796875,773.4912109375,0,51,421,868,473,1024
123700114,0.8390380144119263,139.8929443359375,40.740753173828125,749.5972900390625,873.1705322265625,48,0,842,999,1005,1024
123880430,0.8797149658203125,39.65863037109375,228.69390869140625,727.5848999023438,492.7603454589844,0,189,831,533,1024,683
125020827,0.8461372256278992,275.4007263183594,342.376220703125,512.1712036132812,761.14306640625,239,279,548,824,860,1024
127404450,0.6146830916404724,92.30087280273438,172.00364685058594,901.3133544921875,609.0858154296875,0,106,1023,675,1024,768
129253177,0.8545721769332886,143.06849670410156,131.95257568359375,527.8857421875,850.0454711914062,85,24,586,958,707,1024
129255103,0.5806300044059753,882.6905517578125,40.167747497558594,1015.8072509765625,192.5582275390625,862,17,1024,216,1024,617
130116809,0.6249902844429016,311.68194580078125,295.87579345703125,722.3269653320312,499.88470458984375,250,265,784,531,1024,684
136772868,0.5097475051879883,394.534912109375,342.02825927734375,586.3425903320312,399.71337890625,365,333,616,409,1024,460
141539405,0.42773643136024475,147.46383666992188,406.16943359375,656.6517333984375,630.2275390625,71,372,734,664,768,1024
142917935,0.5118122100830078,49.133731842041016,520.3326416015625,766.9697875976562,923.2960205078125,0,459,769,984,769,1024
143422971,0.4704609215259552,60.470794677734375,5.31612491607666,883.623779296875,706.9537963867188,0,0,1008,769,1024,769
143584613,0.9167054295539856,36.135894775390625,86.68887329101562,997.187255859375,525.635498046875,0,20,1024,592,1024,709
147887375,0.41376635432243347,110.19033813476562,662.020263671875,391.116943359375,766.4253540039062,68,646,434,768,1024,768
147891628,0.9081642627716064,13.939544677734375,120.1263198852539,992.670654296875,622.213623046875,0,44,1024,698,1024,778
149389740,0.7108802199363708,336.1396484375,256.344970703125,595.4970703125,383.539794921875,297,237,635,403,1024,683
150310093,0.8956431150436401,189.2857666015625,39.352874755859375,731.2017822265625,904.3516845703125,107,0,813,1024,1024,1024
150310143,0.5155062079429626,-0.831146240234375,332.3607177734375,381.6441345214844,922.1651611328125,0,243,440,1011,1024,1024
150735949,0.9144469499588013,39.1234130859375,40.196903228759766,906.2324829101562,558.5521240234375,0,0,1024,627,1024,627
151373823,0.46460768580436707,215.00592041015625,68.62710571289062,581.051513671875,865.4732666015625,160,0,636,986,768,1024
157626654,0.5251562595367432,223.59378051757812,573.0709228515625,525.5228881835938,742.251220703125,178,547,571,768,576,1024
157909900,0.49943292140960693,514.2589111328125,204.54238891601562,678.667724609375,500.97430419921875,489,160,704,546,1024,775
161561095,0.43672841787338257,55.720306396484375,127.1905517578125,724.70166015625,512.761962890625,0,69,826,571,1024,683
162450368,0.7775775194168091,342.3811950683594,228.311279296875,792.6748046875,403.309814453125,274,202,861,430,1024,768
170568990,0.4371362030506134,360.029541015625,120.28262329101562,724.3536376953125,522.7789306640625,305,59,780,584,1024,683
174263609,0.7457470893859863,419.43011474609375,154.6650390625,932.5421752929688,513.5779418945312,342,100,1010,568,1024,696
174432846,0.7405299544334412,95.7962646484375,236.5300750732422,936.12890625,535.9120483398438,0,191,1024,581,1024,683
175243461,0.4372570216655731,166.55596923828125,206.1455078125,665.8873901367188,791.2318725585938,91,118,675,879,675,1024
176073584,0.9165906310081482,185.3804931640625,302.1421813964844,965.3876953125,785.6591796875,68,229,1024,859,1024,941
181088018,0.5553658604621887,298.7703552246094,418.0622863769531,878.4732666015625,608.7901611328125,211,389,966,638,1024,768
181088084,0.6104186177253723,215.12677001953125,178.4619598388672,846.6759643554688,580.6115112304688,120,118,942,641,1024,768
181088103,0.6648920774459839,661.32861328125,260.6455078125,901.422119140625,526.6470947265625,625,220,938,567,1024,768
181739947,0.4550589621067047,194.26760864257812,294.377197265625,455.3746643066406,524.4364013671875,155,259,495,559,1024,683
181882266,0.6520883440971375,91.49394226074219,518.0977172851562,416.7979736328125,589.72412109375,42,507,466,601,1024,683
185732789,0.7345734238624573,215.64218139648438,115.91300964355469,877.33203125,470.45977783203125,116,62,977,524,1024,768
185846799,0.42957445979118347,210.6598663330078,60.27191162109375,638.2052001953125,967.0751342773438,146,0,703,1024,768,1024
186639754,0.5681039690971375,80.61913299560547,394.9196472167969,336.9515075683594,900.4915771484375,42,319,376,977,576,1024
187370964,0.866865336894989,383.061279296875,219.1619415283203,746.8477783203125,450.37408447265625,328,184,802,486,1024,682
187647705,0.820278525352478,74.62152099609375,156.26718139648438,860.5291137695312,421.1031494140625,0,116,979,461,1024,768
188345637,0.47556278109550476,5.995865821838379,502.6842041015625,306.20892333984375,614.92236328125,0,485,352,632,474,1024
188361726,0.5101592540740967,57.969749450683594,532.7711791992188,92.43772888183594,636.3336791992188,52,517,98,652,768,1024
188661290,0.4270080029964447,199.34658813476562,103.13600158691406,498.543701171875,335.2131042480469,154,68,503,335,503,335
190569384,0.7070264220237732,31.416423797607422,591.9561767578125,283.2459716796875,667.166748046875,0,580,322,679,768,1024
192713102,0.5919540524482727,131.44549560546875,361.77587890625,673.9298095703125,563.9302368164062,50,331,756,595,1024,615
195242367,0.40970179438591003,527.8475341796875,546.0277709960938,648.6854248046875,611.7842407226562,509,536,667,622,1024,768
196272805,0.8036371469497681,235.22650146484375,262.4236145019531,952.9513549804688,489.33306884765625,127,228,1024,524,1024,682
196312157,0.4860985279083252,654.996337890625,233.07472229003906,923.6021728515625,317.841552734375,614,220,964,331,1024,683
197050381,0.6247773170471191,841.5172119140625,72.87957000732422,1023.302490234375,324.0633850097656,814,35,1024,362,1024,768
197052290,0.6776779294013977,539.724609375,482.41241455078125,747.0584716796875,573.9680786132812,508,468,779,574,1024,574
197947465,0.3596316874027252,168.5592803955078,195.33583068847656,430.803466796875,248.0342559814453,129,187,471,256,1024,575
198355139,0.6382874250411987,236.0504150390625,312.53912353515625,577.1046752929688,876.2634887695312,184,227,576,961,576,1024
199185055,0.6750621795654297,-0.6417160034179688,387.6534423828125,257.402099609375,657.6761474609375,0,347,297,699,768,1024
199191005,0.7781139016151428,517.443603515625,137.9630126953125,757.3603515625,405.674560546875,481,97,794,446,1024,682
201265767,0.5086402297019958,275.40533447265625,420.224853515625,457.2486572265625,501.811767578125,248,407,485,515,682,1024
201265788,0.8451002836227417,302.6967468261719,227.27450561523438,561.86181640625,361.2967224121094,263,207,601,382,1024,682
201707063,0.47823917865753174,708.3786010742188,78.5863265991211,930.1209106445312,442.6588134765625,675,23,964,498,1024,683
201943724,0.5441242456436157,352.81884765625,8.28457260131836,864.922607421875,323.9341735839844,276,0,942,372,1024,768
202028214,0.44800275564193726,11.76318359375,219.66839599609375,769.8641967773438,1016.3302612304688,0,100,769,1024,769,1024
202031850,0.4137495458126068,395.554443359375,211.22750854492188,459.89129638671875,270.9392395019531,385,202,470,280,1024,682
202031865,0.4480808675289154,480.94537353515625,459.5339660644531,661.2443237304688,575.21630859375,453,442,689,593,1024,682
202401924,0.48630908131599426,0.5112838745117188,170.32725524902344,101.70004272460938,217.69200134277344,0,163,117,225,1024,682
202794164,0.8614392876625061,395.18682861328125,328.1000061035156,826.5496215820312,475.8464050292969,330,305,892,499,1024,682
204507880,0.8328103423118591,230.62103271484375,206.24649047851562,807.6616821289062,514.5735473632812,144,159,895,561,1024,683
205538919,0.3554120659828186,138.19830322265625,433.8228454589844,183.03582763671875,572.9007568359375,131,412,190,575,1024,575
209527371,0.8840232491493225,58.777191162109375,119.53827667236328,990.790283203125,693.97900390625,0,33,1024,768,1024,768
210882938,0.5738919973373413,303.9423522949219,431.83758544921875,409.3222961425781,460.89129638671875,288,427,426,466,769,1024
211333384,0.8874846696853638,210.02261352539062,121.1038818359375,628.3676147460938,984.5479736328125,147,0,692,1024,768,1024
213184347,0.8965860605239868,90.29208374023438,158.08541870117188,448.5830993652344,936.8094482421875,36,41,503,1024,576,1024
215237346,0.4928012192249298,412.5571594238281,339.5118408203125,474.0273132324219,389.3918762207031,403,332,484,397,1024,683
215237348,0.5114474892616272,674.1980590820312,345.19696044921875,742.7703247070312,414.4490966796875,663,334,754,425,1024,683
215237377,0.5168290734291077,401.82342529296875,268.6410827636719,493.30902099609375,324.5282897949219,388,260,508,333,1024,683
215464961,0.8510309457778931,131.36366271972656,127.96533203125,432.8002624511719,764.3685913085938,86,32,479,860,576,1024
218091985,0.9174950122833252,240.19479370117188,224.66555786132812,774.913818359375,497.2900695800781,159,183,856,539,1024,683
218381178,0.6021187901496887,481.962646484375,454.1031799316406,607.0196533203125,596.1365356445312,463,432,626,618,1024,683
219929516,0.6860209703445435,487.720458984375,252.7125244140625,641.4212646484375,344.8746643066406,464,238,665,359,1024,683
221077045,0.8689609169960022,120.32772827148438,286.3699951171875,405.0946350097656,880.419189453125,77,197,448,970,473,1024
221632097,0.8811635971069336,105.26031494140625,87.19761657714844,941.1632690429688,573.24462890625,0,14,1024,647,1024,694
221858106,0.835513710975647,288.827880859375,204.95252990722656,840.144287109375,441.8446960449219,206,169,923,478,1024,683
221858222,0.8191134333610535,258.2342529296875,160.2855682373047,782.188720703125,450.53021240234375,179,116,861,495,1024,683
223950624,0.5068135857582092,642.0449829101562,-0.21487045288085938,877.0104370117188,97.34605407714844,606,0,913,112,1024,1024
226919514,0.43281716108322144,-0.09221649169921875,2.348388671875,767.879638671875,1026.2017822265625,0,0,768,1024,768,1024
229691034,0.8866307139396667,112.54621887207031,606.0302734375,360.316650390625,901.5238037109375,75,561,398,946,768,1024
229691430,0.8345659375190735,283.27264404296875,394.0615234375,564.218994140625,858.0421142578125,241,324,607,928,768,1024
231982520,0.9190636277198792,144.80337524414062,298.57867431640625,736.3843994140625,514.8338012695312,56,266,826,548,1024,683
235108087,0.8278297781944275,337.9335632324219,349.5928039550781,548.0399780273438,516.7630004882812,306,324,580,542,838,1024
236031956,0.6801112294197083,161.04400634765625,304.7124328613281,853.9320068359375,543.7433471679688,57,268,958,580,1024,820
237106814,0.7199779152870178,676.006103515625,225.3545684814453,938.9686279296875,466.8740539550781,636,189,979,504,1024,683
237243223,0.7998825311660767,106.63975524902344,388.9062805175781,595.0750732421875,628.747314453125,33,352,669,665,768,1024
239144546,0.8620945811271667,159.90786743164062,54.47818374633789,755.1142578125,478.6648864746094,70,0,845,543,1024,577
239639835,0.672710120677948,92.14456176757812,110.56299591064453,924.7938232421875,528.8551635742188,0,47,1024,577,1024,577
240576871,0.8839572072029114,19.426849365234375,30.800649642944336,957.125732421875,581.2261962890625,0,0,1024,598,1024,598
240714956,0.5068624019622803,640.4148559570312,1.6649004220962524,746.9662475585938,163.4723358154297,624,0,748,188,748,816
242631614,0.5741403698921204,657.009033203125,61.50402069091797,738.1656494140625,87.51334381103516,644,57,751,92,1024,575
244655651,0.8650884032249451,398.72198486328125,228.08840942382812,611.7269897460938,415.3036804199219,366,200,644,444,1024,683
251750694,0.8982650637626648,145.83740234375,205.8249053955078,926.9945068359375,503.7045593261719,28,161,1024,549,1024,683
251866775,0.9091061353683472,223.16305541992188,193.29171752929688,508.116943359375,776.71240234375,180,105,551,865,768,1024
254505115,0.9149785041809082,28.758209228515625,106.62657165527344,859.1378173828125,496.0148620605469,0,48,984,555,1024,576
255837094,0.5860264897346497,435.6249084472656,38.1732292175293,1018.308837890625,456.864501953125,348,0,1024,520,1024,756
256055849,0.5368826389312744,189.71810913085938,211.85418701171875,357.5690002441406,295.1400146484375,164,199,383,308,1024,575
256265883,0.8808813095092773,354.3931884765625,292.16156005859375,753.6702880859375,499.2951965332031,294,261,814,531,1024,683
256362084,0.8350615501403809,367.0892639160156,290.1598205566406,588.7483520507812,374.29205322265625,333,277,622,387,1024,683
256368081,0.8977535367012024,50.580963134765625,129.572998046875,550.82666015625,971.035400390625,0,3,626,1024,768,1024
256749956,0.9183226227760315,66.80743408203125,89.2177963256836,1018.2365112304688,544.170166015625,0,20,1024,613,1024,768
257714267,0.8866937756538391,168.94114685058594,137.150634765625,599.8843383789062,978.4578857421875,104,10,665,1024,771,1024
257787346,0.6828579306602478,373.4685974121094,305.45361328125,853.0689697265625,468.2608337402344,301,281,926,493,1024,768
257806164,0.534445583820343,616.0226440429688,1.781707763671875,755.177001953125,176.59495544433594,595,0,768,203,768,1024
258013436,0.90350741147995,79.82843017578125,96.4636001586914,1004.8845825195312,674.4647216796875,0,9,1024,719,1024,719
258102426,0.4469466209411621,497.8287353515625,333.66387939453125,990.2655029296875,635.95166015625,423,288,1024,682,1024,744
258912186,0.524560272693634,196.1427001953125,162.8135986328125,502.2189025878906,799.4821166992188,150,67,507,895,507,1024
260492130,0.8512967228889465,7.583984375,35.16529083251953,927.5181884765625,713.478271484375,0,0,1024,777,1024,777
261103496,0.46001502871513367,102.44993591308594,23.982101440429688,299.56634521484375,271.3289794921875,72,0,330,309,1024,683
263385092,0.7757851481437683,39.78155517578125,76.84485626220703,809.5309448242188,444.334716796875,0,21,925,500,1024,760
263386009,0.7129624485969543,338.16937255859375,398.5482177734375,742.9844970703125,938.4371337890625,277,317,754,1020,754,1024
263386330,0.46508315205574036,70.14527130126953,152.6887664794922,706.108154296875,576.8424072265625,0,89,802,641,952,715
263829998,0.9236730933189392,125.08047485351562,174.55615234375,937.140625,576.196533203125,3,114,1024,637,1024,768
264505508,0.7979215383529663,374.906005859375,273.01318359375,664.288818359375,390.4837951660156,331,255,708,409,1024,684
264505564,0.6349813938140869,152.68600463867188,152.12950134277344,375.0413513183594,244.1895751953125,119,138,409,258,1024,683
264505572,0.5464922189712524,143.7232208251953,329.1972961425781,283.12567138671875,527.416259765625,122,299,305,558,1024,682
265405548,0.8768279552459717,181.04351806640625,409.139892578125,812.5579223632812,695.50732421875,86,366,908,739,1024,1024
266680038,0.5002357959747314,164.6392364501953,168.9974365234375,574.0827026367188,909.823974609375,103,57,636,1021,768,1024
267066374,0.9048757553100586,107.47689819335938,161.66265869140625,887.1822509765625,526.2203369140625,0,106,1005,581,1024,683
267625098,0.9143565893173218,44.925537109375,153.22422790527344,947.60888671875,635.1217041015625,0,80,1024,683,1024,683
268884578,0.6629891991615295,429.20263671875,303.2792663574219,565.266357421875,363.6007080078125,408,294,586,373,1024,683
268897567,0.7097597122192383,198.9041748046875,193.55909729003906,454.3289794921875,429.52386474609375,160,158,493,465,950,634
269347733,0.5430403351783752,444.58697509765625,430.572021484375,766.7359619140625,748.5302734375,396,382,768,797,768,1024
272391661,0.8894055485725403,18.64715576171875,51.28697967529297,889.6367797851562,448.4563293457031,0,0,1021,506,1024,506
275418384,0.8782692551612854,214.94004821777344,111.7642822265625,624.8134155273438,939.8599853515625,153,0,687,1024,768,1024
275436420,0.5390951037406921,0.8312514424324036,-0.25275367498397827,335.3545837402344,287.0030212402344,0,0,386,331,647,914
275445998,0.5485475659370422,96.36741638183594,509.07403564453125,266.1204833984375,814.3375244140625,70,463,292,821,1024,821
276944271,0.9070764780044556,66.35993957519531,54.046539306640625,475.0491027832031,949.31591796875,5,0,537,1024,588,1024
277782910,0.4351292550563812,373.33221435546875,174.7119903564453,758.0083618164062,581.0546875,315,113,816,643,1024,782
278319415,0.6224257349967957,253.48590087890625,37.2537841796875,633.1024780273438,756.47509765625,196,0,647,865,647,1024
279141109,0.7283570766448975,343.52154541015625,284.39813232421875,448.68487548828125,752.1231079101562,327,214,465,823,768,1024
279141198,0.8755982518196106,327.23968505859375,263.47491455078125,470.7421875,705.323486328125,305,197,493,772,768,1024
279410849,0.9137349128723145,73.0918197631836,110.37413787841797,641.5304565429688,415.1375732421875,0,64,727,461,838,525
281442212,0.8989184498786926,123.441650390625,199.64031982421875,842.52880859375,561.60302734375,15,145,951,616,1024,697
281659345,0.6915377974510193,382.97021484375,356.10516357421875,835.739501953125,551.215087890625,315,326,904,581,1024,768
282583990,0.7130118608474731,465.0313720703125,181.6796875,724.974609375,455.54248046875,426,140,764,497,1024,768
283558973,0.6855106353759766,280.0821838378906,71.154541015625,714.6217041015625,533.3951416015625,214,1,780,603,1024,683
283968321,0.8537546396255493,206.60386657714844,155.794677734375,684.6884155273438,916.0546875,134,41,757,1024,1024,1024
284214668,0.9067543148994446,88.69568634033203,110.77621459960938,575.775390625,870.774658203125,15,0,628,985,628,1024
284215179,0.8812551498413086,86.20861053466797,168.31576538085938,468.88092041015625,820.0062255859375,28,70,495,918,495,1024
284535722,0.642969012260437,-0.6972312927246094,160.3223114013672,210.79417419433594,617.6370239257812,0,91,243,687,768,1024
285312933,0.702866792678833,7.809196472167969,167.3428497314453,588.082763671875,637.3173828125,0,96,676,708,768,1024
286696708,0.6029629707336426,708.9843139648438,571.0799560546875,782.6019897460938,681.1074829101562,697,554,794,698,1024,768
287005314,0.8895726799964905,208.99415588378906,295.83673095703125,560.1074829101562,800.1932983398438,156,220,613,876,768,1024
289420515,0.8902145028114319,151.5652618408203,129.75076293945312,534.5806884765625,877.985595703125,94,17,593,991,768,1024
291239082,0.702866792678833,7.809196472167969,167.3428497314453,588.082763671875,637.3173828125,0,96,676,708,768,1024
291427586,0.8599109649658203,488.0839538574219,238.3107147216797,847.7823486328125,471.51788330078125,434,203,902,507,1024,768
292663338,0.8809082508087158,40.958221435546875,171.00540161132812,947.5098876953125,634.4097290039062,0,101,1024,704,1024,768
293053016,0.8662069439888,329.3859558105469,280.6134948730469,585.7216796875,321.5141906738281,290,274,625,328,1024,575
296211213,0.7096589803695679,0.0755615234375,217.73512268066406,846.9554443359375,683.1299438476562,0,147,974,683,1024,683
296921973,0.4487496316432953,124.54971313476562,263.19561767578125,913.6497802734375,476.63690185546875,6,231,1024,509,1024,718
299158080,0.7039742469787598,99.07955932617188,327.2039489746094,493.5876159667969,486.00946044921875,39,303,553,510,1024,768
299752797,0.6528533101081848,272.5283508300781,110.39187622070312,740.5111083984375,395.0109558105469,202,67,811,438,1024,576
299785596,0.5301678776741028,454.5006103515625,198.8390655517578,553.7855224609375,437.6778869628906,439,163,569,474,1024,577
301757998,0.5002474784851074,277.7473449707031,128.68736267089844,810.0731201171875,678.1953125,197,46,890,761,1024,897
304432462,0.7608803510665894,145.219482421875,453.79150390625,551.3032836914062,695.103271484375,84,417,613,732,768,1024
305191762,0.9098092913627625,11.553253173828125,49.63276290893555,985.2257080078125,572.617919921875,0,0,1024,652,1024,690
305192481,0.49570924043655396,22.21923065185547,1.6799087524414062,192.8100128173828,148.87521362304688,0,0,219,171,768,1024
307058125,0.7144724130630493,482.08917236328125,249.09719848632812,686.2268676757812,396.5793762207031,451,226,717,419,1024,769
310135837,0.8173142075538635,377.39154052734375,191.10284423828125,752.8807983398438,406.1871337890625,321,158,810,439,1024,577
310707683,0.5128377079963684,268.7153625488281,236.3314666748047,640.8983764648438,521.6376953125,212,193,697,565,861,874
311178839,0.47518908977508545,308.5908203125,508.3564758300781,593.98046875,636.73779296875,265,489,637,656,768,1024
311398237,0.47518908977508545,308.5908203125,508.3564758300781,593.98046875,636.73779296875,265,489,637,656,768,1024
315447890,0.8826962113380432,367.85919189453125,349.2375183105469,711.0263061523438,609.8974609375,316,310,763,649,1024,925
315451086,0.8851222395896912,180.80078125,306.5529479980469,563.9383544921875,829.2066650390625,123,228,622,908,768,1024
318164796,0.8833611607551575,132.9244384765625,10.9517183303833,906.6207275390625,310.1329040527344,16,0,1023,356,1024,614
318651723,0.6290798783302307,391.0092468261719,122.50151062011719,662.440673828125,455.49993896484375,350,72,704,506,1024,576
318882610,0.9084508419036865,309.18072509765625,165.87481689453125,805.8873901367188,390.6290588378906,234,132,881,425,1024,771
319888550,0.7725615501403809,284.6719970703125,238.65341186523438,619.7979125976562,805.3951416015625,234,153,671,891,768,1024
320347471,0.8886245489120483,110.34654235839844,313.6212158203125,544.424072265625,624.6549072265625,45,266,610,672,768,1024
320880261,0.7426539063453674,490.923583984375,251.05752563476562,650.5455322265625,326.01904296875,466,239,675,338,1024,577
320880262,0.8580275177955627,457.815673828125,229.48419189453125,643.64892578125,358.0862121582031,429,210,672,378,1024,577
321158989,0.9164295792579651,103.23965454101562,174.1655731201172,963.0943603515625,595.1326293945312,0,111,1024,659,1024,768
323856249,0.8908777236938477,65.82975769042969,407.1524353027344,588.0875854492188,651.1989135742188,0,370,667,688,768,1024
324083435,0.531821072101593,74.37158203125,150.06451416015625,815.727294921875,399.7376403808594,0,112,927,438,1024,582
324189853,0.4545280635356903,194.1722869873047,90.98480987548828,662.0302734375,554.4696044921875,123,21,733,624,1024,768
324653054,0.349307119846344,620.7174682617188,92.17716217041016,765.9149780273438,224.45022583007812,598,72,768,245,768,1024
325180770,0.4321610927581787,360.9541320800781,542.8090209960938,766.6492309570312,800.3607788085938,300,504,768,839,768,1024
325205545,0.5919032692909241,352.9446716308594,486.7685852050781,478.6961364746094,549.535888671875,334,477,498,559,1024,768
325205553,0.6534785628318787,208.4273223876953,249.06129455566406,553.8649291992188,423.80511474609375,156,222,606,451,1024,768
328426354,0.6427551507949829,341.3595275878906,215.95872497558594,568.1885986328125,336.6025390625,307,197,603,355,1024,683
330224979,0.9110267758369446,57.87117004394531,476.02178955078125,693.4925537109375,852.9019165039062,0,419,768,910,768,1024
330844162,0.7367047667503357,300.40057373046875,84.77867889404297,688.1524658203125,279.72540283203125,242,55,747,309,1024,768
331416437,0.5361130237579346,343.7765808105469,115.2086181640625,762.5624389648438,759.8974609375,280,18,826,857,986,1024
331587507,0.9047454595565796,47.536102294921875,37.38179016113281,927.111328125,545.7941284179688,0,0,1024,576,1024,576
331908255,0.7672371864318848,309.76385498046875,105.81910705566406,710.75,290.9048767089844,249,78,771,319,1024,576
332260832,0.5864174365997314,780.8905639648438,189.70053100585938,835.2963256835938,334.61102294921875,772,167,844,357,1024,768
332293795,0.6702638268470764,286.78936767578125,29.844444274902344,661.5150756835938,283.6844787597656,230,0,718,322,768,1024
333237801,0.8999895453453064,222.7293701171875,85.82677459716797,876.7054443359375,460.7599792480469,124,29,975,517,1024,577
334170136,0.8127498030662537,389.35113525390625,156.40650939941406,601.445556640625,623.8753662109375,357,86,634,683,1024,683
334170138,0.7245171666145325,203.0425262451172,236.74679565429688,385.72509765625,400.7329406738281,175,212,414,426,1024,683
334330722,0.8951679468154907,72.09225463867188,83.71631622314453,858.6561279296875,543.6387939453125,0,14,977,613,1024,683
334696975,0.8534461855888367,157.07989501953125,226.95150756835938,740.9949951171875,566.13330078125,69,176,829,618,1024,683
336048894,0.9039998650550842,26.377212524414062,220.37649536132812,441.9956359863281,890.3724365234375,0,119,505,991,768,1024
336081961,0.8860642910003662,133.58746337890625,202.86990356445312,805.5369873046875,463.6205139160156,32,163,907,503,1024,658
336570480,0.8676020503044128,165.6866455078125,273.3000183105469,606.0579833984375,398.49554443359375,99,254,673,418,1024,683
338298841,0.7116400599479675,403.685791015625,183.26406860351562,727.3448486328125,460.7958068847656,355,141,776,503,1024,769
339124190,0.8468402624130249,249.03053283691406,322.3251953125,586.3772583007812,1000.99169921875,198,220,637,1024,768,1024
341505669,0.8316830992698669,424.651611328125,226.83595275878906,701.8924560546875,374.7806091308594,383,204,744,397,1024,683
345620277,0.4708082377910614,577.59033203125,87.10411071777344,767.9010620117188,248.44984436035156,549,62,768,273,768,1024
346582848,0.8769741654396057,180.22564697265625,205.63339233398438,854.9247436523438,502.7003479003906,79,161,957,548,1024,683
347998391,0.9187511801719666,105.79644775390625,108.8382568359375,837.6421508789062,492.5838928222656,0,51,948,551,1024,576
349698628,0.8812512755393982,302.8719482421875,179.18296813964844,569.1334228515625,435.2666931152344,262,140,610,474,1024,768
349698845,0.63997882604599,12.881584167480469,223.3101806640625,222.58322143554688,319.48968505859375,0,208,255,334,1024,768
352288903,0.8819387555122375,359.7794494628906,345.17340087890625,628.28759765625,433.9693908691406,319,331,669,448,1024,768
354150704,0.7180365324020386,301.1814270019531,231.56033325195312,697.4044189453125,458.8814392089844,241,197,757,493,1024,768
355066542,0.8537424802780151,47.36931610107422,314.5421447753906,451.65472412109375,773.170654296875,0,245,513,842,768,1024
357092848,0.5910537838935852,-1.0334930419921875,488.6314392089844,222.6819305419922,590.3070678710938,0,473,257,606,768,1024
360240225,0.9011551141738892,159.66497802734375,155.0179901123047,941.8380737304688,509.98419189453125,42,101,1024,564,1024,768
360576902,0.6367592811584473,266.23236083984375,586.4022216796875,424.6454162597656,762.9168701171875,242,559,449,790,576,1024
361083883,0.448221355676651,8.207855224609375,390.2870788574219,559.94189453125,666.641357421875,0,348,643,683,1024,683
365995758,0.6901431679725647,145.7822723388672,214.7230682373047,381.3248596191406,287.4537353515625,110,203,417,299,771,1024
366088126,0.9253416657447815,62.771270751953125,206.221435546875,938.2117919921875,641.7973022460938,0,140,1024,708,1024,758
368003784,0.680912971496582,284.08306884765625,614.9706420898438,491.85675048828125,804.2230834960938,252,586,524,833,768,1024
368662306,0.921095073223114,76.90057373046875,160.59474182128906,855.5448608398438,639.9766845703125,0,88,973,671,1024,671
369915331,0.7966991662979126,322.72320556640625,114.32022094726562,574.770751953125,565.4359741210938,284,46,613,634,1024,683
370200593,0.8697537779808044,138.37826538085938,369.6990661621094,646.25927734375,988.8201904296875,62,276,723,1024,768,1024
378347399,0.5301542282104492,2.9638404846191406,48.73191833496094,82.54472351074219,98.5521011352539,0,41,95,107,1024,768
378347413,0.5320919156074524,644.2637939453125,285.9079284667969,781.1248779296875,484.72100830078125,623,256,802,515,1024,768
378461793,0.887209951877594,293.52899169921875,169.35464477539062,1018.2581176757812,600.8150634765625,184,104,1024,666,1024,739
382034289,0.35608550906181335,107.88931274414062,242.52481079101562,655.659912109375,401.6231689453125,25,218,738,426,1024,768
384214299,0.9123795032501221,27.298324584960938,410.667236328125,652.8236083984375,725.353271484375,0,363,747,773,768,1024
385570494,0.4578992426395416,320.09161376953125,310.4971618652344,795.3056030273438,477.4129333496094,248,285,867,503,1024,683
388436260,0.6796845197677612,209.24755859375,412.4131774902344,341.215087890625,608.6712646484375,189,382,362,639,768,1024
388483621,0.6111124753952026,333.2181091308594,349.3468933105469,410.48785400390625,458.8987121582031,321,332,423,476,768,1024
389919439,0.39231932163238525,518.5140380859375,660.08203125,581.4862060546875,689.238037109375,509,655,591,694,768,1024
390018504,0.6035928726196289,332.4791259765625,348.290283203125,410.97039794921875,460.12774658203125,320,331,423,477,768,1024
390270342,0.44312557578086853,424.0124816894531,583.7501831054688,763.873046875,977.1720581054688,373,524,768,1024,768,1024
393764422,0.8687939643859863,170.01730346679688,404.09515380859375,599.1063232421875,583.2207641601562,105,377,664,611,768,1024
394331384,0.8981438875198364,219.31723022460938,330.13916015625,605.0824584960938,676.3663330078125,161,278,663,729,768,1024
394365411,0.8601847887039185,176.037353515625,241.294921875,766.0897827148438,449.38232421875,87,210,855,481,1024,683
394365413,0.6575929522514343,350.8722229003906,253.97946166992188,621.6878662109375,472.21258544921875,310,221,663,505,1024,683
394365443,0.7110047936439514,267.09478759765625,222.9197540283203,514.4624633789062,370.37158203125,229,200,552,393,1024,683
395117566,0.794497549533844,85.26895141601562,200.842529296875,875.91943359375,522.2687377929688,0,152,995,571,1024,683
396618866,0.8631516098976135,333.59136962890625,135.7278594970703,666.973388671875,457.6339111328125,283,87,717,506,1024,683
398855510,0.8979108333587646,89.72486114501953,414.3153991699219,600.1702880859375,711.6739501953125,13,369,677,757,768,1024
399488573,0.8869396448135376,52.30938720703125,303.5404357910156,585.4832763671875,592.4993896484375,0,260,666,636,1024,768
400021138,0.751545250415802,213.61773681640625,178.54299926757812,976.9978637695312,459.66546630859375,99,136,1024,502,1024,681
400215491,0.8704724311828613,26.623687744140625,262.0072326660156,806.596923828125,449.3606262207031,0,233,924,478,1024,683
400215497,0.638189971446991,448.32586669921875,223.04373168945312,587.0397338867188,541.579833984375,427,175,608,590,1024,683
400215754,0.8953003287315369,308.5787658691406,190.3188018798828,922.355224609375,384.4051208496094,216,161,1015,414,1024,683
400217265,0.7797308564186096,397.6495361328125,216.66812133789062,766.6636962890625,403.2735595703125,342,188,823,432,1024,683
401818691,0.8009754419326782,424.6290283203125,271.2356872558594,795.5697021484375,477.6806640625,368,240,852,509,1024,683
401818700,0.6548186540603638,21.658477783203125,143.53533935546875,458.318603515625,294.32098388671875,0,120,524,317,1024,683
401818702,0.8479533791542053,490.4861755371094,297.9028015136719,612.83544921875,449.5130920410156,472,275,632,473,1024,683
402645395,0.8636996150016785,262.70623779296875,408.4755554199219,576.6060180664062,875.79931640625,215,338,624,946,768,1024
403882052,0.9097272753715515,129.00160217285156,126.77874755859375,580.6633911132812,904.3015747070312,61,10,649,1021,768,1024
538394,0.8791630268096924,81.94815063476562,87.23550415039062,770.5368041992188,901.4716186523438,0,0,765,938,765,938
917784,0.8721418380737305,149.0822296142578,281.1935119628906,635.7486572265625,520.475341796875,76,245,709,557,1024,768
10176023,0.7524216771125793,294.80157470703125,351.50872802734375,773.5671997070312,508.5736999511719,222,327,846,533,1024,768
13751122,0.6589986085891724,469.4678955078125,272.4278869628906,773.057861328125,507.3076171875,423,237,819,543,1024,768
16165188,0.5695791840553284,286.2395935058594,235.281494140625,741.4586181640625,435.6669006347656,217,205,810,466,1024,630
18471046,0.9182239174842834,2.1034936904907227,423.62786865234375,575.5222778320312,672.7982788085938,0,386,662,711,766,1024
18471322,0.9088786244392395,3.227687120437622,337.5709228515625,641.2638549804688,643.1500244140625,0,291,737,689,766,1024
18514865,0.8532479405403137,321.0552978515625,235.71734619140625,1019.2926025390625,575.2861328125,216,184,1024,627,1024,768
18533813,0.879994809627533,15.772699356079102,472.5718688964844,406.5152587890625,611.4746704101562,0,451,466,633,766,1024
18534257,0.9036225080490112,1.091320276260376,324.0472717285156,514.0804443359375,528.70458984375,0,293,592,560,766,1024
18594472,0.5678805112838745,306.556640625,-2.23553466796875,486.5876770019531,523.1207885742188,279,0,514,602,768,1024
23516213,0.9095774292945862,239.45486450195312,345.18170166015625,421.8949890136719,834.8563842773438,212,271,450,909,576,1024
28539289,0.2651258111000061,-0.1358184814453125,4.509368896484375,767.8515625,1026.5880126953125,0,0,768,1024,768,1024
34914594,0.6786577701568604,118.54544067382812,267.5008850097656,902.4984130859375,443.9404296875,0,241,1021,471,1024,683
35029679,0.8868861198425293,247.33432006835938,199.46974182128906,992.6746826171875,499.8360595703125,135,154,1024,545,1024,768
37555794,0.8706982135772705,205.67201232910156,-0.117828369140625,587.5634765625,909.148681640625,148,0,645,1024,683,1024
37939757,0.5438113808631897,218.67201232910156,524.7404174804688,516.3370361328125,664.5436401367188,174,503,561,686,768,1024
42418994,0.8813201785087585,218.67706298828125,177.76092529296875,510.1930847167969,1012.1640014648438,174,52,554,1024,768,1024
46501520,0.46485716104507446,104.99557495117188,258.8333435058594,565.08056640625,505.538818359375,35,221,635,543,1024,768
52444933,0.6759746074676514,294.9244689941406,529.7421264648438,516.12744140625,602.106689453125,261,518,550,613,1024,768
55793379,0.8718351125717163,92.08544921875,233.0130615234375,1021.3226318359375,764.67431640625,0,153,1024,768,1024,768
55899969,0.7878450751304626,10.488128662109375,215.16700744628906,951.97216796875,530.8355102539062,0,167,1024,579,1024,768
59878293,0.42556440830230713,275.57513427734375,370.7388916015625,493.1331787109375,502.30145263671875,242,351,526,523,768,1024
65416225,0.7701485753059387,112.57754516601562,120.6890869140625,617.0931396484375,998.0904541015625,36,0,693,1024,706,1024
65434596,0.5997298955917358,131.59738159179688,137.10894775390625,1023.0743408203125,556.9799194335938,0,74,1024,620,1024,732
67014001,0.8957871794700623,244.22500610351562,220.6325225830078,941.8377685546875,367.261474609375,139,198,1024,390,1024,768
67494393,0.490481436252594,192.32479858398438,107.04714965820312,639.9761352539062,991.935546875,125,0,708,1024,859,1024
69017831,0.710076630115509,76.4131851196289,474.43487548828125,574.396240234375,814.2109985351562,1,423,650,866,768,1024
69129818,0.7487082481384277,-0.21478271484375,39.87760925292969,784.5225219726562,360.0054931640625,0,0,903,409,1024,576
75079856,0.8738632202148438,116.84762573242188,246.21182250976562,951.4815673828125,509.5049743652344,0,206,1024,549,1024,742
80195327,0.7530027031898499,256.06781005859375,116.24984741210938,676.0115966796875,848.275634765625,193,6,683,959,683,1024
88508706,0.596611499786377,118.30699157714844,479.4012451171875,375.72015380859375,573.8585815429688,79,465,415,589,1024,768
88645414,0.8988258838653564,185.4049835205078,227.205810546875,867.8157348632812,393.0596008300781,83,202,900,418,900,600
92247800,0.6922943592071533,264.1049499511719,84.84516906738281,1024.8135986328125,398.600341796875,149,37,1024,446,1024,532
92756752,0.4568916857242584,234.95718383789062,183.304931640625,800.0108642578125,513.1129760742188,150,133,885,563,1024,768
96304527,0.9118712544441223,191.26577758789062,76.41014862060547,851.848876953125,585.1342163085938,92,0,951,662,1024,682
96305634,0.8863168358802795,174.2366943359375,49.529727935791016,946.6534423828125,646.8168334960938,58,0,1024,683,1024,683
97247938,0.8818753361701965,304.9481201171875,254.55300903320312,954.779541015625,457.4806823730469,207,224,1024,488,1024,768
101058683,0.8554569482803345,17.155792236328125,178.04287719726562,986.530517578125,489.4322509765625,0,131,1024,537,1024,684
101607592,0.29029232263565063,77.69239044189453,252.5123748779297,227.20135498046875,329.95318603515625,55,240,250,342,1024,768
102002541,0.494874507188797,423.07464599609375,307.7279052734375,646.7293090820312,433.87493896484375,389,288,681,453,1024,768
102280014,0.8548818230628967,35.414031982421875,205.46084594726562,955.347412109375,675.62451171875,0,134,1024,747,1024,768
102652823,0.8835376501083374,58.057403564453125,70.6846694946289,982.3712158203125,404.76348876953125,0,20,1024,455,1024,479
103704954,0.7351078391075134,224.98959350585938,216.38648986816406,877.7152099609375,363.4912414550781,127,194,976,386,1024,732
104960152,0.5518703460693359,621.5994873046875,174.001220703125,748.55029296875,217.56361389160156,602,167,750,225,750,563
109960060,0.8826336860656738,225.29147338867188,108.7308120727539,794.2296142578125,447.5836181640625,139,57,880,499,1024,642
110247086,0.9145694971084595,204.22195434570312,251.960693359375,741.5567626953125,509.078125,123,213,823,548,1024,683
118159410,0.5879126191139221,106.83914184570312,338.0034484863281,632.590576171875,551.9874267578125,27,305,712,585,1024,768
118159411,0.544757068157196,157.1772918701172,231.54244995117188,594.1029663085938,451.4239501953125,91,198,660,485,1024,768
125920902,0.8374146819114685,256.2923889160156,239.0008544921875,860.505126953125,503.5638427734375,165,199,952,544,1024,768
126600016,0.9009639024734497,251.76119995117188,220.3026123046875,959.9117431640625,461.3399658203125,145,184,1024,498,1024,576
126642562,0.8825456500053406,80.12054443359375,262.94659423828125,808.3184204101562,545.5849609375,0,220,918,588,1024,768
127094867,0.5469041466712952,27.803314208984375,551.7786865234375,743.2247314453125,732.03125,0,524,851,760,1024,768
127331835,0.737510085105896,211.89364624023438,331.530517578125,747.5181884765625,527.896484375,131,302,828,558,1024,769
127453296,0.6223084330558777,243.50851440429688,213.72296142578125,766.9847412109375,417.3553161621094,164,183,846,448,1024,768
127455210,0.729390561580658,380.24871826171875,375.93975830078125,702.1034545898438,504.26983642578125,331,356,751,524,1024,768
127671774,0.8633484840393066,133.7557373046875,201.17022705078125,537.661865234375,1013.6117553710938,73,79,599,1024,768,1024
127674243,0.9058054089546204,211.7025604248047,97.50338745117188,503.752685546875,838.34716796875,167,0,548,950,768,1024
127674802,0.880046546459198,144.68280029296875,198.9649658203125,539.8119506835938,1008.892822265625,85,77,600,1024,768,1024
133173432,0.8915727138519287,31.58343505859375,231.89334106445312,1026.3681640625,763.6143188476562,0,152,1024,766,1024,766
133180335,0.869464099407196,119.91879272460938,214.19374084472656,1020.20849609375,537.3292236328125,0,165,1024,586,1024,684
141240818,0.4453558027744293,271.5997314453125,492.7765197753906,573.4854736328125,638.4947509765625,226,470,619,661,768,1024
143618412,0.8738541007041931,73.24150085449219,393.3896179199219,593.3919677734375,928.7208251953125,0,313,672,1010,768,1024
145995681,0.8862607479095459,166.51756286621094,325.1783142089844,549.6728515625,917.3468017578125,109,236,608,1007,768,1024
146481010,0.6150713562965393,235.2576904296875,320.34130859375,745.7410888671875,473.8446044921875,158,297,823,497,1024,768
147528795,0.8980665802955627,331.085693359375,105.67643737792969,848.7100830078125,440.281494140625,253,55,927,491,1024,768
147701707,0.8276078701019287,264.914794921875,340.9516906738281,739.3804931640625,558.3447265625,193,308,811,591,1024,905
150405907,0.3274095356464386,86.85488891601562,369.5985107421875,608.2681884765625,759.5399169921875,8,311,687,819,768,1024
151893022,0.802119255065918,283.54803466796875,339.6929931640625,576.292724609375,411.17364501953125,239,328,621,422,1024,768
152193168,0.9118702411651611,107.90676879882812,198.1116180419922,910.37841796875,476.27398681640625,0,156,1024,518,1024,733
153946497,0.8977552652359009,137.53024291992188,378.38519287109375,659.3544921875,702.4661254882812,59,329,738,752,768,1024
157468264,0.810705304145813,405.48101806640625,287.65704345703125,780.0593872070312,656.2421264648438,349,232,837,712,1024,768
157468266,0.6497123837471008,138.86380004882812,332.22918701171875,703.3333740234375,440.5189208984375,54,315,789,457,1024,768
158715881,0.866910457611084,106.46300506591797,239.8421630859375,442.20281982421875,593.9895629882812,56,186,484,648,484,1024
170449054,0.7949588298797607,0.50848388671875,374.2637939453125,278.6160583496094,545.7120971679688,0,348,321,572,1024,768
170449058,0.8994038105010986,42.1802978515625,213.423828125,819.699951171875,607.107421875,0,154,937,667,1024,768
170465704,0.7462223172187805,-2.65277099609375,158.85089111328125,831.3571166992188,495.6146240234375,0,108,957,547,1024,684
170474579,0.9174730777740479,64.63064575195312,211.5621795654297,898.0218505859375,521.6156005859375,0,165,1024,569,1024,684
170620654,0.7059983015060425,320.6884765625,339.10430908203125,550.7761840820312,380.6671142578125,286,332,586,387,1024,768
170674854,0.8414137959480286,172.09274291992188,129.5052032470703,907.184814453125,410.01177978515625,61,87,1018,453,1024,683
170765455,0.8819998502731323,188.20343017578125,176.89913940429688,663.7369995117188,522.2156982421875,116,125,736,575,1024,768
170993581,0.8871195912361145,73.47120666503906,430.7212219238281,569.582763671875,660.6619873046875,0,396,644,696,768,1024
171031137,0.5080528855323792,142.17137145996094,279.3125305175781,457.4185791015625,526.5694580078125,94,242,505,564,768,1024
171432984,0.9165367484092712,-0.679412841796875,167.94180297851562,898.79345703125,500.00042724609375,0,118,1024,550,1024,684
171548163,0.6014452576637268,257.15087890625,235.9525146484375,581.54248046875,893.8609619140625,208,137,631,993,768,1024
171771311,0.6582258343696594,446.43792724609375,425.92034912109375,607.7496948242188,471.51495361328125,422,419,632,479,1024,769
171814489,0.8497845530509949,149.10342407226562,155.72894287109375,379.30047607421875,280.4477233886719,114,137,414,300,674,415
171893643,0.35201749205589294,375.9864196777344,1.44879150390625,1022.999267578125,1019.8768310546875,278,0,1024,1024,1024,1024
171901211,0.9164914488792419,-0.983551025390625,148.77996826171875,819.0885009765625,529.55859375,0,91,943,587,1024,684
171936118,0.8162701725959778,105.43975830078125,288.557861328125,922.6371459960938,546.9415893554688,0,249,1024,586,1024,768
171936842,0.8415325880050659,196.56527709960938,239.55258178710938,815.056640625,524.9902954101562,103,196,908,568,1024,768
172464076,0.9257742166519165,293.50396728515625,245.17291259765625,802.2431030273438,495.8518981933594,217,207,879,534,1024,681
175521457,0.6898050904273987,88.38911437988281,152.3427276611328,369.63873291015625,260.1573791503906,46,136,412,277,1024,572
175521458,0.48288267850875854,2.3349928855895996,101.1531753540039,661.6930541992188,495.4126281738281,0,42,761,555,820,656
178516540,0.7738223671913147,179.56375122070312,115.43946075439453,1023.3779296875,529.8899536132812,52,53,1024,593,1024,683
180570077,0.7984201312065125,44.47222137451172,390.8554382324219,308.19317626953125,450.5397644042969,4,381,348,460,768,1024
183629816,0.826440691947937,111.38595581054688,157.53480529785156,935.4893798828125,553.6909790039062,0,98,1024,614,1024,683
183629818,0.7592191696166992,323.2401123046875,5.617738723754883,673.0739135742188,619.454833984375,270,0,726,682,1024,682
183629819,0.8322502970695496,253.22384643554688,183.45404052734375,809.3114013671875,612.5211791992188,169,119,893,677,1024,683
183629826,0.8884910345077515,212.11563110351562,130.41806030273438,813.22998046875,485.1763610839844,121,77,904,539,1024,682
183842076,0.8786249756813049,200.744384765625,312.4205627441406,847.9337158203125,558.981689453125,103,275,946,596,1024,768
191452904,0.299887090921402,739.2944946289062,0.36303117871284485,915.1383666992188,101.46688079833984,712,0,942,117,1024,683
194051618,0.8792474269866943,501.3638000488281,136.703369140625,640.1112670898438,420.85821533203125,480,94,661,464,1024,683
194499101,0.90692538022995,100.89456176757812,190.0543212890625,915.7177734375,469.93780517578125,0,148,1024,512,1024,614
195579601,0.9139447212219238,108.09808349609375,252.45852661132812,922.6189575195312,617.2548828125,0,197,1024,672,1024,767
197523980,0.9097938537597656,298.4886169433594,255.68954467773438,945.156494140625,459.32525634765625,201,225,1024,490,1024,684
197967294,0.8906593322753906,69.27662658691406,300.69329833984375,767.8961181640625,872.7868041992188,0,214,768,959,768,1024
198377821,0.8894459009170532,323.39971923828125,150.60693359375,825.8252563476562,664.5846557617188,248,73,902,683,1024,683
199095168,0.8597355484962463,295.2279357910156,197.13638305664062,937.7742919921875,504.5726623535156,198,151,1024,551,1024,768
200236634,0.5386530160903931,678.6038818359375,301.8303527832031,955.4599609375,400.53265380859375,637,287,997,416,1024,664
200269759,0.8197570443153381,232.5230712890625,92.05799865722656,1018.45703125,446.6478576660156,114,38,1024,448,1024,448
200902074,0.9169847965240479,175.97616577148438,359.6908874511719,828.185791015625,702.91943359375,78,308,927,755,1024,1024
201131344,0.8844299912452698,150.03375244140625,311.02801513671875,708.7215576171875,603.576904296875,66,267,768,648,768,1024
201170755,0.630817711353302,163.471435546875,205.79754638671875,384.85418701171875,344.17779541015625,130,185,419,365,1024,552
201173607,0.5618758797645569,498.9173889160156,392.908203125,638.0526123046875,417.23211669921875,478,389,659,421,1024,657
201750288,0.602526068687439,8.15008544921875,279.2029724121094,815.9249877929688,504.2197265625,0,245,938,538,1024,768
201953309,0.8757128119468689,191.36807250976562,234.72265625,554.584716796875,842.2696533203125,136,143,610,934,768,1024
202224706,0.7431170344352722,-1.1970062255859375,325.0121765136719,555.7550048828125,806.46728515625,0,252,640,879,768,1024
202255447,0.6749288439750671,214.30540466308594,375.3672790527344,452.5572509765625,519.3187866210938,178,353,489,541,768,1024
202568136,0.5437852740287781,481.75128173828125,424.3540954589844,725.0204467773438,554.2674560546875,445,404,762,574,768,1024
202601746,0.6137526631355286,150.63954162597656,190.20274353027344,562.2766723632812,434.68017578125,88,153,625,472,1024,768
202936285,0.8036836981773376,427.5386962890625,313.9892578125,728.8055419921875,488.9858093261719,382,287,774,516,1024,683
202936287,0.7273100018501282,285.62371826171875,276.0663146972656,637.7523193359375,348.1494445800781,232,265,691,359,1024,683
203226941,0.577021062374115,623.1841430664062,285.8780822753906,677.9782104492188,441.789794921875,614,262,687,466,1024,768
204459447,0.6202549338340759,825.6520385742188,653.4719848632812,911.5509643554688,791.4849853515625,812,632,925,813,1024,943
205947345,0.5144433379173279,555.9402465820312,587.2672729492188,625.2313232421875,688.1068725585938,545,572,636,704,768,1024
208716414,0.765529453754425,238.45230102539062,119.31904602050781,663.45068359375,485.7314453125,174,64,728,541,768,1024
210977345,0.901383101940155,6.69189453125,245.2561492919922,1017.158447265625,719.4487915039062,0,174,1024,791,1024,943
213553480,0.6842096447944641,292.7611999511719,588.2222900390625,821.0311279296875,672.4088745117188,213,575,901,686,1024,755
217022165,0.8886608481407166,65.51287841796875,53.23588562011719,984.2838745117188,573.2634887695312,0,0,1024,652,1024,745
217809259,0.4039435386657715,252.9153594970703,248.7437744140625,540.722412109375,933.11279296875,209,146,584,1024,831,1024
218498164,0.6881403923034668,142.6886444091797,119.18370056152344,541.3886108398438,503.91961669921875,82,61,602,562,768,1024
223099929,0.8510580062866211,336.1414794921875,202.6098175048828,739.543212890625,519.5172729492188,275,155,801,568,1024,793
224281088,0.8810697793960571,111.52569580078125,236.58981323242188,969.2495727539062,478.23883056640625,0,200,1024,515,1024,684
227706673,0.914093017578125,96.64547729492188,313.3199768066406,835.5101318359375,656.9152221679688,0,261,947,709,1024,768
227717190,0.7725585103034973,108.05326080322266,0.015655517578125,569.2156982421875,1011.517822265625,38,0,639,1024,768,1024
227762129,0.6827394962310791,331.28131103515625,472.1602783203125,445.21478271484375,831.5113525390625,314,418,463,886,768,1024
228140715,0.9198861122131348,142.34408569335938,265.9310607910156,683.5919189453125,451.8346252441406,61,238,765,480,1024,684
228192725,0.8894734382629395,291.7396545410156,260.79425048828125,733.870849609375,436.32476806640625,225,234,801,463,1024,768
228192961,0.922023355960846,258.61004638671875,347.4130859375,672.2527465820312,501.88690185546875,196,324,735,526,1024,768
228363409,0.9268165230751038,116.6435546875,184.87103271484375,856.8487548828125,508.791259765625,5,136,968,558,1024,684
228468672,0.8959904909133911,253.811767578125,202.29098510742188,1026.1273193359375,521.1580200195312,137,154,1024,569,1024,768
228572997,0.8954518437385559,252.6116943359375,202.4494171142578,1025.9635009765625,523.8023681640625,136,154,1024,573,1024,768
228752719,0.8832324743270874,227.705322265625,306.50469970703125,756.32470703125,536.545654296875,148,271,836,572,1024,768
228753650,0.8972049355506897,347.6996154785156,249.81935119628906,834.521484375,449.755615234375,274,219,908,480,1024,768
228813415,0.9169825911521912,183.44540405273438,426.7392578125,719.7984008789062,686.2567138671875,102,387,768,726,768,1024
228940533,0.9081854224205017,147.37893676757812,296.8516540527344,1022.8292236328125,630.41357421875,16,246,1024,681,1024,824
228951658,0.9158549904823303,173.22195434570312,194.21099853515625,971.0576171875,529.0693969726562,53,143,1024,580,1024,683
229021738,0.9056038856506348,260.6375427246094,116.8807373046875,553.7412109375,919.7725830078125,216,0,598,1024,768,1024
235067459,0.8172498345375061,175.87521362304688,174.8761749267578,764.703857421875,531.41748046875,87,121,854,585,1024,683
236243937,0.7869141697883606,129.279052734375,278.3421936035156,717.3535766601562,503.59423828125,41,244,806,538,1024,768
238068318,0.6753403544425964,163.0985107421875,408.7873229980469,563.6041259765625,538.372802734375,103,389,624,558,1024,683
240504158,0.861755907535553,236.25567626953125,206.14114379882812,588.4747314453125,864.1962890625,183,107,642,963,768,1024
243937622,0.8622428178787231,288.4115905761719,168.76678466796875,715.287841796875,460.75799560546875,224,124,780,505,1024,768
248156124,0.8447017669677734,55.63853454589844,344.9162902832031,312.9469909667969,487.0637512207031,17,323,352,509,576,1024
248348688,0.9078527092933655,129.31619262695312,191.55628967285156,801.1143798828125,497.6683349609375,28,145,902,544,1024,683
249872564,0.8784897327423096,161.52389526367188,312.59136962890625,432.39349365234375,814.6629028320312,120,237,474,890,768,1024
251170813,0.8007820248603821,311.0908203125,210.60507202148438,939.8355712890625,490.3354797363281,216,168,1024,533,1024,768
251979981,0.9023727774620056,193.3865203857422,208.949462890625,485.47735595703125,825.1915283203125,149,116,530,918,768,1024
254864200,0.8818995952606201,134.25009155273438,52.558040618896484,896.85595703125,574.1146850585938,19,0,1012,653,1024,820
255295172,0.9071062803268433,238.33505249023438,157.08560180664062,923.6038818359375,574.4835205078125,135,94,1024,638,1024,768
255843985,0.3900243639945984,177.92266845703125,174.90435791015625,751.6289672851562,426.62860107421875,91,137,838,465,1024,695
257347946,0.6432809233665466,425.23577880859375,205.16249084472656,738.5137329101562,467.4817199707031,378,165,786,507,1024,683
257348074,0.8836129903793335,212.66708374023438,137.08270263671875,493.51849365234375,698.1870727539062,170,52,536,783,768,1024
258813733,0.8966912031173706,197.61849975585938,325.76910400390625,864.6953125,577.2532958984375,97,288,965,615,1024,768
258814175,0.8495744466781616,250.80148315429688,622.6007080078125,473.4474792480469,756.2513427734375,217,602,507,777,768,1024
258814362,0.7230067253112793,310.2236328125,583.7621459960938,417.24346923828125,638.6060180664062,294,575,434,647,768,1024
258815222,0.8323785662651062,90.50425720214844,451.03277587890625,392.0038146972656,544.4758911132812,45,437,438,559,768,1024
260489254,0.9061704874038696,65.4993896484375,149.86990356445312,933.4642333984375,581.354736328125,0,85,1024,647,1024,732
260924996,0.63264399766922,468.79962158203125,238.09690856933594,563.2567749023438,326.9459228515625,454,224,578,341,1024,576
262723429,0.7149337530136108,166.57833862304688,403.9698486328125,402.4324035644531,538.7496337890625,131,383,438,559,1024,768
262882371,0.8907446265220642,26.23291015625,19.005334854125977,997.2015991210938,465.0043640136719,0,0,1024,502,1024,502
263159894,0.3884226083755493,747.1253662109375,24.794065475463867,1025.251220703125,227.63645935058594,705,0,1024,259,1024,576
263159929,0.8495699763298035,448.063232421875,258.545654296875,771.451171875,380.7767333984375,399,240,820,400,1024,576
263160102,0.586700439453125,282.732421875,88.10465240478516,543.4739990234375,216.26809692382812,243,68,583,236,1024,576
263361700,0.8248734474182129,78.0611572265625,198.8903045654297,883.7305297851562,667.6180419921875,0,128,1005,738,1024,768
265334789,0.726671576499939,228.25038146972656,187.72740173339844,640.7162475585938,330.5932922363281,166,166,703,353,1024,613
265816292,0.5998672246932983,77.83476257324219,238.43865966796875,427.6013488769531,714.7021484375,25,166,481,787,614,917
268043275,0.8975616693496704,108.9692611694336,131.25682067871094,882.01513671875,472.50244140625,0,80,945,524,945,630
268364503,0.48589977622032166,197.577392578125,246.10208129882812,749.947265625,470.7298278808594,114,212,833,505,1024,768
270189506,0.6604445576667786,439.69573974609375,299.1473693847656,735.6046752929688,526.426025390625,395,265,780,561,1024,768
270957726,0.4659508466720581,106.055908203125,275.42877197265625,909.2327270507812,623.8823852539062,0,223,1024,677,1024,768
273506058,0.4308384954929352,349.4730224609375,148.6201934814453,629.975341796875,570.74560546875,307,85,673,635,1024,910
274187075,0.6638439297676086,324.04180908203125,440.91656494140625,643.3812255859375,688.3378295898438,276,403,692,726,768,1024
276551996,0.7181640863418579,378.8226623535156,387.6009826660156,499.645751953125,423.7537536621094,360,382,518,430,768,1024
278335834,0.6205806136131287,222.04794311523438,332.9761047363281,653.314453125,589.2460327148438,157,294,719,628,1024,768
278423753,0.8918704390525818,86.107177734375,168.56382751464844,1021.2713623046875,724.7115478515625,0,85,1024,768,1024,768
281447150,0.8189845085144043,128.18467712402344,115.2964096069336,492.7200927734375,765.1529541015625,73,17,548,768,1024,768
281747400,0.7906120419502258,174.302734375,243.8379669189453,883.796630859375,696.3892211914062,67,175,991,765,1024,910
281769507,0.72919100522995,358.99713134765625,262.8044128417969,778.5720825195312,493.379638671875,296,228,842,528,1024,768
281844891,0.5357042551040649,312.43701171875,174.9617156982422,394.0198974609375,216.95338439941406,300,168,407,224,1024,768
283582253,0.7670269012451172,256.2507019042969,458.6125793457031,431.69635009765625,556.057373046875,229,443,459,571,768,1024
285700259,0.8722540140151978,84.86178588867188,377.0899658203125,749.1197509765625,693.3028564453125,0,329,768,741,768,1024
289507578,0.9045493602752686,217.19696044921875,166.65634155273438,987.2827758789062,461.512451171875,101,122,1024,506,1024,768
289686642,0.5947919487953186,169.55364990234375,163.76107788085938,883.373046875,330.0963439941406,62,138,971,356,971,1024
292619822,0.8679178357124329,510.87457275390625,266.9215087890625,852.5380249023438,389.671875,459,248,904,409,1024,768
292997629,0.515237033367157,307.46893310546875,148.87042236328125,493.891845703125,270.6837158203125,279,130,522,289,768,1024
293331003,0.40572303533554077,204.45480346679688,556.5277709960938,364.7745361328125,611.0449829101562,180,548,389,620,576,1024
295337933,0.708448052406311,256.0880126953125,381.60797119140625,754.969482421875,633.943603515625,181,343,830,672,1024,768
295356612,0.45737510919570923,193.29348754882812,108.0278091430664,562.6224365234375,234.75827026367188,137,89,619,254,1024,576
295358381,0.659443736076355,263.3857421875,333.9129638671875,422.747314453125,731.867919921875,239,274,447,792,768,1024
295358769,0.9044845104217529,248.92300415039062,393.2226257324219,457.592041015625,812.9696044921875,217,330,489,876,768,1024
295367915,0.9111356139183044,73.1519775390625,300.7094421386719,967.2706298828125,620.580322265625,0,252,1024,669,1024,768
295380152,0.8017305731773376,207.6846923828125,150.90603637695312,1010.4580078125,542.0953369140625,87,92,1024,601,1024,768
295551445,0.8968665599822998,154.56204223632812,332.019775390625,964.433349609375,676.4619750976562,33,280,1024,729,1024,768
295973888,0.5460730791091919,40.93041229248047,26.175920486450195,780.4205322265625,296.28143310546875,0,0,841,329,841,329
295999444,0.9053533673286438,260.9421081542969,189.6045684814453,956.271728515625,597.1002807617188,156,128,1024,659,1024,768
296013367,0.9142032265663147,114.76849365234375,220.00253295898438,714.0519409179688,457.0097351074219,24,184,804,493,1024,768
296139786,0.8525559306144714,261.9530029296875,343.8680419921875,925.0927734375,622.4287109375,162,302,1024,665,1024,768
296195705,0.9134916067123413,286.7250671386719,290.2724304199219,850.271484375,505.13433837890625,202,258,935,538,1024,768
296195907,0.9004719853401184,307.2507019042969,134.06942749023438,563.7987060546875,885.9228515625,268,21,603,999,768,1024
296196070,0.9119970202445984,221.58074951171875,182.68490600585938,780.4379272460938,394.2754211425781,137,150,865,427,1024,768
296196122,0.9035698771476746,326.4683837890625,338.0253601074219,796.29443359375,514.7764892578125,255,311,867,542,1024,768
296196167,0.9210923314094543,266.3203430175781,315.6527099609375,858.1090087890625,548.2567138671875,177,280,947,584,1024,768
296196352,0.8988785743713379,308.4954833984375,386.97113037109375,678.6917114257812,518.26416015625,252,367,735,538,1024,768
296214007,0.9081255197525024,53.5880126953125,183.62232971191406,995.1749267578125,562.2984619140625,0,126,1024,620,1024,768
296248408,0.8277369141578674,200.49118041992188,270.29803466796875,522.4912109375,400.6015319824219,152,250,571,421,1024,768
296423200,0.8334879875183105,5.44512939453125,236.51637268066406,1002.5228881835938,669.764892578125,0,171,1024,735,1024,768
296475727,0.7714003920555115,101.74774169921875,454.97698974609375,890.162109375,856.9392700195312,0,394,1009,918,1024,1024
296531592,0.6947830319404602,263.96588134765625,227.21717834472656,762.8455200195312,449.4938049316406,189,193,838,483,1024,576
296551518,0.9040015339851379,298.48455810546875,178.22010803222656,872.9501342773438,381.1813659667969,212,147,960,412,1024,576
296556986,0.8925344944000244,245.664794921875,111.35505676269531,928.345703125,405.7744140625,143,67,1024,450,1024,576
296576901,0.8725818991661072,168.76254272460938,271.2223815917969,776.673095703125,491.2834167480469,77,238,868,525,1024,768
296576905,0.8859316110610962,40.02239990234375,95.26512908935547,946.9382934570312,630.031982421875,0,15,1024,711,1024,749
296915123,0.9146701097488403,187.11209106445312,100.02981567382812,581.8057861328125,829.7286376953125,127,0,642,940,768,1024
296974744,0.4771467447280884,178.3907470703125,497.7674560546875,439.0307922363281,789.6964111328125,139,453,479,834,768,1024
296998781,0.8842612504959106,373.0143127441406,228.6435546875,607.9073486328125,856.09814453125,337,134,644,951,768,1024
297032879,0.9141698479652405,214.9746551513672,236.78582763671875,485.18719482421875,1019.9491577148438,174,119,526,1024,768,1024
297043211,0.7062968015670776,216.51992797851562,207.4513702392578,802.2822265625,399.9579162597656,128,178,891,429,1024,576
297043527,0.8245782852172852,98.36972045898438,244.1067352294922,904.7357177734375,591.56201171875,0,191,1024,644,1024,1024
297223679,0.32184940576553345,961.5367431640625,206.64236450195312,1023.192626953125,250.00790405273438,952,200,1024,257,1024,576
297332859,0.8070362210273743,235.31222534179688,372.7490234375,361.266845703125,691.340576171875,216,324,381,740,768,1024
297335365,0.8364206552505493,311.977783203125,559.5094604492188,586.3088989257812,677.5059204101562,270,541,628,696,768,1024
297336173,0.8872870802879333,214.2754669189453,337.48760986328125,484.136962890625,814.0513305664062,173,266,525,886,768,1024
297336404,0.632205069065094,150.55496215820312,444.7514953613281,556.7880859375,630.4515991210938,89,416,618,659,768,1024
297358720,0.8714280724525452,176.02975463867188,360.512939453125,596.915283203125,1008.2374267578125,112,263,661,1024,768,1024
300363084,0.8788028955459595,93.02082824707031,425.7718811035156,701.6223754882812,604.2694091796875,1,398,768,632,768,1024
301295014,0.5718789100646973,153.84152221679688,181.4626007080078,639.9212646484375,514.0986328125,80,131,713,564,1024,880
307016461,0.44146478176116943,256.19140625,251.27682495117188,472.91766357421875,409.2536315917969,223,227,506,433,1024,576
308970449,0.718549907207489,276.1373596191406,304.560546875,442.2994079589844,363.45306396484375,251,295,468,373,1024,684
312451308,0.6130953431129456,473.38983154296875,103.04356384277344,678.2697143554688,529.5765380859375,442,39,710,594,1024,819
316147346,0.8304487466812134,33.3076171875,72.37255859375,971.7727661132812,434.9770202636719,0,17,1024,490,1024,576
316147513,0.5572327375411987,422.212646484375,437.65655517578125,479.8094482421875,589.7531127929688,413,414,489,613,576,1024
317574528,0.8500742316246033,311.57073974609375,282.95599365234375,842.5624389648438,448.4546813964844,231,258,923,474,1024,768
323882619,0.8043122291564941,276.4792785644531,102.29589080810547,608.3796997070312,397.9624938964844,226,57,659,443,836,477
324249687,0.45646992325782776,1.2192230224609375,0.11385685205459595,369.70599365234375,339.0563659667969,0,0,425,390,1024,662
324249690,0.762671172618866,18.382171630859375,251.41021728515625,687.0947265625,486.4914245605469,0,216,788,522,1024,683
324312488,0.9109288454055786,178.63174438476562,133.7431182861328,1024.5372314453125,639.9829711914062,51,57,1024,716,1024,768
325319362,0.4050582945346832,280.03643798828125,305.75018310546875,791.3152465820312,539.1455688476562,203,270,869,575,1024,768
328280240,0.8796279430389404,34.870452880859375,252.1653289794922,905.1429443359375,438.1980285644531,0,224,1024,467,1024,589
328859663,0.8892435431480408,364.554931640625,271.9342346191406,831.173583984375,439.4628601074219,294,246,902,465,1024,683
328885947,0.9302589297294617,78.83912658691406,423.38970947265625,502.6522521972656,713.0176391601562,15,379,567,757,768,1024
329182335,0.9050180912017822,300.763671875,318.05706787109375,872.067138671875,632.4019775390625,215,270,958,680,1024,768
329656054,0.827526330947876,506.80108642578125,175.81556701660156,701.5946655273438,306.5967712402344,477,156,731,327,1024,576
330198859,0.8714870810508728,217.80941772460938,364.5554504394531,620.1944580078125,580.8207397460938,157,332,681,614,768,1024
332211948,0.6191489100456238,458.8492431640625,587.9774169921875,569.1010131835938,802.833984375,442,555,586,836,768,1024
332212021,0.8986107707023621,347.7391357421875,340.8265380859375,551.9224243164062,691.6845703125,317,288,583,745,819,1024
332212149,0.6705023050308228,449.3822937011719,643.4537353515625,553.8385620117188,896.0943603515625,433,605,570,934,768,1024
332212198,0.9022642374038696,327.1243896484375,353.0111083984375,518.1334228515625,677.1702880859375,298,304,547,726,768,1024
332526603,0.8655828833580017,47.410587310791016,179.02418518066406,704.3865356445312,425.33929443359375,0,142,803,463,889,573
332536452,0.3288838565349579,-0.196441650390625,-0.18921661376953125,1023.5975341796875,767.7716064453125,0,0,1024,768,1024,768
332553877,0.5444203019142151,497.4947509765625,502.62408447265625,648.1888427734375,578.778076171875,474,491,671,591,1024,672
332554076,0.8679318428039551,110.97445678710938,197.2084197998047,516.5171508789062,679.0765991210938,50,124,578,752,768,1024
335340512,0.7467396855354309,168.49838256835938,339.3133239746094,521.546630859375,475.6643371582031,115,318,575,497,768,1024
335568287,0.34298133850097656,55.488189697265625,263.4502868652344,456.579345703125,475.3827819824219,0,231,517,508,768,1024
336865269,0.8489091396331787,149.4432373046875,260.40045166015625,767.010009765625,574.6618041992188,56,213,768,622,768,1024
337809025,0.7800618410110474,323.08258056640625,417.0447998046875,454.4042663574219,525.740478515625,303,400,475,543,771,1024
339178532,0.8328003287315369,71.33224487304688,280.3057861328125,960.3446044921875,543.62451171875,0,240,1024,584,1024,768
339740101,0.48134973645210266,274.61907958984375,181.02613830566406,832.1973266601562,498.5393371582031,190,133,916,547,1024,683
339834436,0.8577196598052979,324.3956298828125,198.69163513183594,1025.8614501953125,679.291259765625,219,126,1024,683,1024,683
340018680,0.8652599453926086,268.7761535644531,292.8004150390625,546.695068359375,621.2982177734375,227,243,589,671,1024,768
342001142,0.8700776100158691,38.38167953491211,292.906005859375,434.4116516113281,717.8712158203125,0,229,461,782,461,1024
343445162,0.8124669790267944,288.9617919921875,332.2344665527344,563.2889404296875,461.7113342285156,247,312,605,482,1024,768
345867181,0.8856939673423767,90.22727966308594,373.63079833984375,410.572998046875,620.0272827148438,42,336,459,657,641,1024
347245360,0.8684531450271606,123.75576782226562,199.62144470214844,829.7547607421875,566.1239013671875,17,144,936,622,1024,768
347610105,0.8556663393974304,63.073394775390625,66.09622192382812,936.206787109375,864.4920654296875,0,0,1024,904,1024,904
349796252,0.6217356324195862,236.70330810546875,260.3492431640625,379.8038635253906,408.661865234375,215,238,402,431,576,1024
350010961,0.7689752578735352,305.491455078125,59.99363708496094,1021.665283203125,709.764892578125,198,0,1024,768,1024,768
351842400,0.8938648700714111,81.51611328125,226.6669921875,944.5692138671875,812.30517578125,0,138,1024,901,1024,1024
355099195,0.7665783762931824,209.49798583984375,318.6719055175781,380.8819274902344,402.1727600097656,183,306,407,415,768,1024
358196066,0.8906724452972412,327.5128173828125,273.1837158203125,1020.1669921875,444.8802185058594,223,247,1024,471,1024,682
358287894,0.884340763092041,13.501399040222168,293.56756591796875,508.8071594238281,627.5834350585938,0,243,578,678,578,1024
360419624,0.860846757888794,99.25625610351562,58.770721435546875,527.3792724609375,954.1177978515625,35,0,592,1024,657,1024
364205586,0.8973502516746521,158.50123596191406,295.56268310546875,500.5506591796875,490.13018798828125,107,266,552,520,1024,768
367646733,0.8797916769981384,244.26742553710938,301.3096923828125,625.889404296875,518.0038452148438,187,268,684,551,1024,768
371881029,0.75300532579422,199.9786834716797,422.58221435546875,717.0408935546875,702.3855590820312,122,380,768,745,768,1024
372188305,0.808608889579773,82.49090576171875,133.68421936035156,678.2425537109375,433.0496826171875,0,88,768,478,1024,683
374072349,0.8108410239219666,404.298583984375,191.6280975341797,609.8345336914062,256.4966125488281,373,181,641,267,1024,576
378323117,0.8866538405418396,232.5772705078125,497.47918701171875,426.1842956542969,627.4580688476562,203,477,456,647,768,1024
379224576,0.36379796266555786,238.2410888671875,97.53598022460938,329.1563720703125,173.09994506835938,224,86,343,185,768,1024
379239176,0.8776126503944397,83.72763061523438,281.5975036621094,978.6820068359375,536.4728393554688,0,243,1024,575,1024,819
379933709,0.7715559601783752,141.4376220703125,147.24856567382812,730.6558837890625,462.7735290527344,53,99,820,511,1024,683
386203749,0.7308360934257507,181.67510986328125,223.93075561523438,468.1795654296875,372.37091064453125,138,201,512,395,1024,683
386620821,0.9074010848999023,140.08511352539062,244.61192321777344,1006.1419677734375,625.258544921875,10,187,1024,683,1024,768
387822025,0.761543333530426,87.76628112792969,482.480224609375,245.54417419433594,599.9422607421875,64,464,270,618,1024,768
388234712,0.5355749130249023,432.8433837890625,184.61083984375,691.9793701171875,513.241455078125,393,135,731,563,1024,650
390775183,0.6349688768386841,367.954345703125,347.2365417480469,991.126708984375,601.6727294921875,274,309,1024,640,1024,768
392009370,0.48408424854278564,131.70077514648438,438.0763244628906,290.6380615234375,757.04052734375,107,390,315,805,576,1024
395865313,0.8902093172073364,36.482025146484375,45.4539680480957,988.4508056640625,609.84033203125,0,0,1024,683,1024,683
404737846,0.8835896849632263,70.76570892333984,421.323486328125,741.037841796875,834.58154296875,0,359,768,897,768,1024
4167412,0.8237133622169495,186.16529846191406,408.48846435546875,767.6685180664062,718.2150268554688,98,362,768,765,768,1024
4242738,0.8103100061416626,85.88423156738281,353.1790466308594,462.778076171875,521.8953247070312,29,327,520,548,640,640
4548672,0.9154759645462036,169.97927856445312,207.42088317871094,850.9859619140625,409.20196533203125,67,177,954,440,1024,576
5219293,0.897346019744873,83.11029052734375,219.93975830078125,862.1038818359375,410.4519348144531,0,191,891,440,891,594
6255319,0.8843606114387512,56.205810546875,26.01484489440918,984.9730224609375,440.61480712890625,0,0,1024,459,1024,459
6414791,0.924431324005127,127.587158203125,175.61468505859375,1000.1468505859375,486.1322326660156,0,129,1024,533,1024,682
8834238,0.8981894254684448,12.107269287109375,76.3214111328125,966.93701171875,514.727783203125,0,10,1024,581,1024,652
9456207,0.879500687122345,73.483642578125,142.22837829589844,555.1982421875,317.892333984375,1,115,628,345,640,480
9480476,0.8717471361160278,74.72525024414062,148.69932556152344,581.091796875,319.1714782714844,0,123,640,345,640,480
10981800,0.49371644854545593,343.1854553222656,228.58506774902344,1024.8726806640625,758.1635131835938,240,149,1024,768,1024,768
14216821,0.9052910804748535,160.28811645507812,252.2149658203125,892.0863037109375,564.9833374023438,50,205,1002,612,1024,683
21660306,0.9307535290718079,208.25,232.5897674560547,827.7855224609375,496.8369140625,115,192,921,537,1024,768
21939810,0.9174103736877441,157.46829223632812,291.03912353515625,965.5343017578125,530.6644287109375,36,255,1024,567,1024,768
25017446,0.71791011095047,-0.83038330078125,109.13655090332031,699.3511352539062,434.8912048339844,0,60,805,447,1024,447
27584221,0.8770809173583984,59.860748291015625,75.38446044921875,949.13623046875,452.42816162109375,0,18,1024,509,1024,664
27653420,0.88358074426651,53.1610107421875,142.928466796875,975.039306640625,629.3302612304688,0,69,1024,703,1024,796
27713019,0.8583961725234985,77.85086059570312,18.632389068603516,820.372314453125,340.27099609375,0,0,932,389,1024,448
36474295,0.8174554109573364,361.3182373046875,38.09585189819336,572.410888671875,481.57843017578125,329,0,605,549,1024,681
38649728,0.5635689496994019,30.862091064453125,366.830322265625,800.1575927734375,524.2749633789062,0,343,916,548,1024,768
38951375,0.8698845505714417,189.28146362304688,344.7593994140625,591.372802734375,762.2392578125,128,282,652,825,768,1024
40220650,0.8518401384353638,65.81982421875,114.37277221679688,336.3809509277344,218.40074157714844,25,98,377,235,480,270
44946496,0.8936977386474609,105.06442260742188,180.238525390625,1010.149658203125,530.0064086914062,0,127,1024,583,1024,686
49011760,0.8750186562538147,63.47113037109375,184.809814453125,995.1232299804688,646.46044921875,0,115,1024,716,1024,731
51197313,0.9037394523620605,178.16207885742188,65.12686157226562,498.2168884277344,975.6234130859375,130,0,547,1024,768,1024
51613103,0.8106489181518555,7.08099365234375,137.01998901367188,1012.4503173828125,490.8950500488281,0,83,1024,544,1024,768
53127541,0.8957807421684265,205.63133239746094,78.42633056640625,567.05908203125,1015.6478881835938,151,0,622,1024,768,1024
53354340,0.47928494215011597,32.806453704833984,23.316335678100586,637.25732421875,449.1330261230469,0,0,640,480,640,480
54022709,0.6599928736686707,466.0555419921875,199.63609313964844,864.7503662109375,354.8563232421875,406,176,925,379,1024,683
55771298,0.6581323742866516,348.71002197265625,66.11944580078125,959.4446411132812,911.3941040039062,257,0,1000,1024,1000,1024
56464057,0.8963078856468201,78.72869873046875,203.9918975830078,918.2412109375,607.9797973632812,0,143,1024,669,1024,1024
56721180,0.9147829413414001,120.85848999023438,214.3649444580078,948.7694091796875,516.0845336914062,0,169,1024,562,1024,765
64661239,0.9206508994102478,52.657440185546875,226.20614624023438,907.9031982421875,494.9328918457031,0,185,1024,536,1024,768
67663005,0.7797799110412598,46.037109375,210.6741943359375,824.4028930664062,503.40484619140625,0,166,942,548,1024,678
69975173,0.5650593638420105,185.4288330078125,209.7187957763672,1025.6494140625,487.4429626464844,59,168,1024,530,1024,768
72675867,0.7935327887535095,56.67860794067383,388.50115966796875,419.3125,703.0053100585938,2,341,473,751,473,1024
78815303,0.8101707100868225,260.51434326171875,193.78907775878906,614.3690795898438,363.6721496582031,207,168,668,390,1024,683
82492880,0.7912907600402832,185.86080932617188,216.6645965576172,733.3612060546875,453.4681396484375,103,181,816,489,1024,577
83113493,0.6761432886123657,421.6309509277344,270.48406982421875,968.0482177734375,379.80731201171875,339,254,1024,397,1024,683
83371104,0.8966500759124756,174.68548583984375,379.00164794921875,320.53741455078125,715.8696899414062,152,328,343,767,512,1024
84398331,0.9244274497032166,68.12399291992188,230.9799041748047,948.5443115234375,534.5391845703125,0,185,1024,581,1024,768
85209683,0.7796191573143005,115.106689453125,230.22523498535156,948.561767578125,479.7129821777344,0,192,1024,518,1024,768
105355171,0.30398163199424744,0.7677608728408813,5.146087646484375,230.93377685546875,534.1793212890625,0,0,266,614,396,1024
105825760,0.8415805101394653,359.78228759765625,107.76254272460938,574.2418212890625,958.2677001953125,327,0,607,1024,768,1024
106094071,0.6652399301528931,216.086669921875,609.288330078125,858.2635498046875,759.4845581054688,119,586,955,775,1024,775
106280558,0.7604739665985107,358.77325439453125,342.97149658203125,714.8059692382812,476.04681396484375,305,323,769,497,1024,682
107816219,0.9130513072013855,126.79132080078125,20.71794891357422,769.5146484375,680.2739868164062,30,0,866,768,1024,768
107816456,0.7350622415542603,117.28519439697266,271.3251953125,236.85557556152344,672.9548950195312,99,211,255,734,669,1024
109117519,0.9097094535827637,31.2491455078125,271.29443359375,769.4346923828125,500.93011474609375,0,236,881,536,1024,768
109829033,0.41137605905532837,417.30340576171875,190.35179138183594,830.7570190429688,554.3153686523438,355,135,893,609,1024,683
110249377,0.8554327487945557,-0.0523834228515625,278.0751037597656,429.979248046875,685.2978515625,0,216,495,747,512,1024
112956351,0.8340508341789246,247.93182373046875,344.6309509277344,689.8580932617188,452.54449462890625,181,328,757,469,1024,769
114443027,0.7026641964912415,503.0086669921875,186.79258728027344,725.5452880859375,309.123046875,469,168,759,328,1024,461
115909365,0.5298347473144531,354.83013916015625,65.53266906738281,837.4481811523438,284.8868408203125,282,32,910,318,1024,768
118879096,0.9207631349563599,137.5382080078125,305.314453125,892.4647216796875,628.6343994140625,24,256,1006,678,1024,768
123081248,0.8841193318367004,153.34564208984375,196.37054443359375,506.6212158203125,973.1502075195312,100,79,560,1024,576,1024
125743339,0.6693155765533447,270.06182861328125,131.99169921875,470.45709228515625,966.400390625,240,6,501,1024,768,1024
126631783,0.912872314453125,245.29783630371094,36.4412841796875,525.6235961914062,1012.0106201171875,203,0,568,1024,768,1024
129131744,0.48812735080718994,175.48458862304688,2.306854248046875,625.5372314453125,970.977294921875,107,0,694,1024,768,1024
131575960,0.909400463104248,167.78793334960938,269.2936706542969,798.08056640625,476.3942565917969,73,238,893,508,1024,683
131702679,0.816967248916626,36.042972564697266,50.20703887939453,448.6567687988281,286.6502685546875,0,14,511,323,792,501
133604971,0.9010412096977234,103.13233947753906,255.63119506835938,412.080078125,966.21728515625,56,149,459,1024,576,1024
139307184,0.9088895320892334,111.3380126953125,139.59036254882812,1022.516845703125,543.6160888671875,0,78,1024,605,1024,768
139511310,0.6247853636741638,516.14501953125,414.13079833984375,611.3427734375,561.0659790039062,501,392,626,584,1024,838
139616023,0.8711544871330261,0.087310791015625,258.7034912109375,1023.3721923828125,609.8551635742188,0,206,1024,663,1024,683
139715210,0.8712521195411682,210.21070861816406,68.69003295898438,565.7003784179688,982.279296875,156,0,620,1024,768,1024
140455200,0.6768301725387573,143.09808349609375,287.0965576171875,454.4658203125,716.88525390625,96,222,502,782,768,1024
140608563,0.8748567700386047,202.14515686035156,16.895235061645508,588.8626098632812,989.3504028320312,144,0,647,1000,750,1000
142888343,0.7930352687835693,240.31607055664062,200.88375854492188,443.7868957519531,263.7083435058594,209,191,475,274,1024,768
143011776,0.4163290858268738,72.77828979492188,188.8997039794922,945.9818115234375,559.0894775390625,0,133,1024,615,1024,768
143969851,0.8919568657875061,122.81924438476562,144.99156188964844,998.8134765625,488.9165954589844,0,93,1024,541,1024,576
146404806,0.6625402569770813,-1.397282361984253,64.21569061279297,834.1791381835938,409.68133544921875,0,12,918,462,918,497
147094583,0.5806068778038025,16.56157875061035,73.49017333984375,272.0458068847656,873.4827270507812,0,0,311,994,759,1024
148175371,0.9011285305023193,221.69384765625,371.04290771484375,532.4796142578125,1003.9579467773438,175,276,580,1024,768,1024
149598338,0.8397638201713562,144.58132934570312,183.10391235351562,453.8700256347656,923.1318359375,98,72,501,1024,768,1024
150059878,0.47443002462387085,134.11636352539062,462.40838623046875,387.8630065917969,932.6598510742188,96,391,426,1004,599,1024
151611495,0.9157962203025818,47.07525634765625,235.74114990234375,992.3067016601562,541.2366943359375,0,189,1024,588,1024,768
151794306,0.8178553581237793,217.39984130859375,181.44076538085938,523.9439697265625,896.8463134765625,171,74,570,1005,768,1024
156207099,0.5493177175521851,110.6400146484375,255.0406036376953,904.2594604492188,541.4744262695312,0,212,1024,585,1024,768
156603326,0.5708827972412109,137.90769958496094,123.11404418945312,419.7140197753906,987.0655517578125,95,0,462,1024,471,1024
156856749,0.9036505818367004,386.4497375488281,255.98744201660156,831.708251953125,517.2545166015625,319,216,899,557,1024,768
159181766,0.9281252026557922,70.69268798828125,264.4949035644531,941.1491088867188,567.6931762695312,0,219,1024,614,1024,683
160041504,0.8386451005935669,9.329837799072266,17.336610794067383,282.0242614746094,936.9642333984375,0,0,316,955,316,955
161818967,0.7263665199279785,3.258331298828125,24.224143981933594,1017.34228515625,469.9969482421875,0,0,1024,537,1024,768
162607401,0.8573776483535767,-2.156097412109375,157.50143432617188,912.5433349609375,392.5784912109375,0,122,1024,428,1024,461
163297144,0.5264026522636414,69.6871337890625,267.0841979980469,876.7146606445312,497.220703125,0,232,998,532,1024,683
163456562,0.6781200766563416,52.004112243652344,62.25177001953125,388.269775390625,1007.2432250976562,1,0,439,1024,473,1024
168413453,0.8626531362533569,297.7580261230469,183.91371154785156,1004.1732177734375,488.4842834472656,191,138,1024,535,1024,768
171160800,0.88676518201828,2.274843692779541,125.96318054199219,684.8546752929688,423.7690124511719,0,81,737,469,737,483
171720991,0.8667565584182739,118.16068267822266,406.322509765625,640.4196166992188,633.3580322265625,39,372,719,668,768,1024
174208102,0.6821403503417969,486.6505126953125,99.16574096679688,753.3956298828125,983.1832275390625,446,0,768,1024,768,1024
175473857,0.5065639615058899,26.665184020996094,331.33807373046875,463.3258361816406,584.9132080078125,0,293,461,623,461,1024
175902197,0.5535277724266052,0.704498291015625,164.17697143554688,418.2913513183594,381.21771240234375,0,131,481,414,1024,683
177928613,0.9095621705055237,136.38748168945312,193.11024475097656,920.8291015625,490.9991149902344,18,148,1024,536,1024,683
178453723,0.8441906571388245,192.66146850585938,62.5556640625,450.1634216308594,993.2801513671875,154,0,489,1024,768,1024
179377258,0.5873000621795654,76.71549987792969,86.50448608398438,461.08892822265625,1001.3980712890625,19,0,519,1024,576,1024
181335375,0.7895341515541077,190.1182098388672,298.00030517578125,592.4552001953125,410.3363037109375,129,281,653,428,1024,683
181335377,0.6610705256462097,298.64581298828125,277.37200927734375,621.2152099609375,471.6717529296875,250,248,670,501,1024,683
185132944,0.8529201745986938,346.772216796875,1.272031307220459,687.1749267578125,512.7615966796875,295,0,739,590,1024,682
185317958,0.9162967801094055,182.13204956054688,224.25088500976562,916.101318359375,421.73345947265625,72,194,1024,452,1024,768
186821201,0.5298066139221191,268.4715576171875,265.7442321777344,488.8559875488281,839.664306640625,235,179,522,926,768,1024
187454363,0.9091200232505798,79.03521728515625,97.36072540283203,989.7525024414062,554.1223754882812,0,28,1024,623,1024,768
188067997,0.5693497061729431,193.847412109375,225.74301147460938,784.9750366210938,406.6412353515625,105,198,874,434,1024,595
189014467,0.7315550446510315,44.776641845703125,263.2138671875,918.9140625,525.0419921875,0,223,1024,565,1024,768
190662290,0.49786636233329773,63.28828048706055,157.9222412109375,767.093994140625,989.197021484375,0,33,771,1024,771,1024
193697364,0.884360134601593,1.8216705322265625,383.00860595703125,434.9423828125,487.57525634765625,0,367,500,504,768,1024
194193375,0.9331180453300476,61.276397705078125,232.33023071289062,893.76123046875,524.8167724609375,0,188,1019,569,1024,755
196183049,0.616112470626831,220.41165161132812,240.7030792236328,972.480224609375,375.078125,107,220,1024,396,1024,683
196272768,0.8965629935264587,20.00775146484375,169.1429901123047,682.0987548828125,452.8362731933594,0,126,782,496,1024,683
196534563,0.9120938181877136,195.08645629882812,204.2976837158203,764.997314453125,541.248291015625,109,153,851,592,1024,768
196676606,0.9039651155471802,78.608154296875,171.64584350585938,975.9415283203125,606.5823974609375,0,106,1024,672,1024,768
198273777,0.5630631446838379,129.96844482421875,25.712677001953125,353.888916015625,885.1990966796875,96,0,388,1015,461,1024
198273844,0.8126295208930969,173.6914825439453,153.644775390625,757.9437255859375,926.59814453125,86,37,846,1024,877,1024
199502960,0.8644372224807739,105.92666625976562,299.84686279296875,698.3951416015625,454.5960693359375,17,276,788,478,1024,662
199757919,0.3857700824737549,13.332481384277344,173.72308349609375,768.1868896484375,956.7809448242188,0,56,768,1024,768,1024
200599840,0.8900091648101807,46.295867919921875,171.41610717773438,663.853515625,367.0509033203125,0,142,757,397,1024,480
201251326,0.436535507440567,152.26205444335938,81.67559051513672,941.6820068359375,566.8182373046875,33,8,1024,640,1024,768
202782099,0.8803165555000305,30.424558639526367,-1.8301752805709839,774.719482421875,349.6295471191406,0,0,803,396,803,396
204094095,0.5769447088241577,6.186595916748047,98.24822998046875,365.06201171875,972.6242065429688,0,0,419,1024,768,1024
204329823,0.9314141273498535,1.8184432983398438,393.4531555175781,685.8239135742188,649.0390625,0,355,768,688,768,1024
207886461,0.6792102456092834,91.9385986328125,-3.165435791015625,887.342041015625,424.0830993652344,0,0,1007,489,1024,1024
209890987,0.5897398591041565,146.6107940673828,-1.9797821044921875,462.3800048828125,624.5726928710938,99,0,510,719,1024,768
217448282,0.8687625527381897,175.54421997070312,46.62994384765625,449.25244140625,1013.7506713867188,134,0,491,1024,636,1024
218058846,0.5270872712135315,165.92025756835938,258.1415710449219,445.4702453613281,373.9537353515625,123,240,488,392,1024,683
218529098,0.46700209379196167,202.60496520996094,279.35089111328125,501.4283447265625,1021.3073120117188,157,168,547,1024,768,1024
218562874,0.9081276059150696,126.75454711914062,84.76055908203125,373.2055358886719,856.1997680664062,89,0,411,972,485,1024
221046465,0.8914825320243835,156.18914794921875,2.187164306640625,577.3933715820312,949.3438720703125,93,0,641,1024,768,1024
221047519,0.5301488637924194,391.7752380371094,321.3824157714844,469.7950134277344,352.05096435546875,380,316,482,357,1024,683
222632892,0.8004304766654968,28.806610107421875,148.37802124023438,772.2720947265625,370.8636779785156,0,115,884,405,1024,676
223001001,0.7367138862609863,432.0664978027344,189.39889526367188,574.9752197265625,560.6271362304688,410,133,597,617,1024,700
223001010,0.5329688787460327,585.2647705078125,98.33788299560547,769.921875,640.446044921875,557,17,798,700,1024,700
223006657,0.8470266461372375,164.69522094726562,294.295654296875,981.0921630859375,569.0977172851562,42,253,1024,611,1024,669
223006660,0.8932830691337585,104.43994140625,283.9554138183594,898.2696533203125,473.5289611816406,0,255,1018,502,1024,658
223201646,0.9030161499977112,275.17413330078125,143.665771484375,757.6959838867188,841.8424072265625,202,38,831,947,1024,1024
223453144,0.5509271621704102,562.9539184570312,278.0581970214844,963.6350708007812,371.0553894042969,502,264,1024,386,1024,690
223951276,0.3282000422477722,207.0891571044922,562.863525390625,372.21466064453125,769.3668212890625,182,531,397,801,670,1024
225673812,0.6935954093933105,628.4201049804688,313.8807067871094,711.5712280273438,518.6759643554688,615,283,725,550,1024,697
228785419,0.6592761874198914,536.285400390625,57.12844467163086,843.018310546875,681.0317993164062,490,0,890,747,1024,747
234317547,0.5163537859916687,361.8291015625,149.55667114257812,574.5811767578125,937.0533447265625,329,31,607,1024,768,1024
234993090,0.7095345258712769,286.6850280761719,261.29962158203125,832.699951171875,440.4667663574219,204,234,915,468,1024,682
235235144,0.6093135476112366,200.66159057617188,74.07473754882812,506.8588562011719,809.8138427734375,154,0,553,921,576,1024
236859658,0.6036331057548523,394.5368957519531,215.90907287597656,692.689208984375,704.3814697265625,349,142,738,778,768,1024
240897295,0.5820834040641785,635.4127807617188,379.7392883300781,896.2078247070312,570.9805908203125,596,351,936,600,1024,683
246562352,0.7985290288925171,329.9532470703125,309.87567138671875,465.6424255371094,612.6165161132812,309,264,486,659,771,1024
247731133,0.9239453673362732,71.67758178710938,295.44268798828125,935.640625,535.92333984375,0,259,1024,572,1024,768
247854650,0.822968065738678,234.87149047851562,350.9266662597656,792.2208251953125,404.41998291015625,151,342,876,413,1024,772
247858177,0.906369686126709,65.25213623046875,208.6178741455078,954.729248046875,616.5739135742188,0,147,1024,678,1024,768
248378129,0.8889563083648682,118.5794677734375,284.615966796875,987.9088134765625,626.9656372070312,0,233,1024,679,1024,768
250118938,0.9186862707138062,258.2185974121094,223.00071716308594,708.5909423828125,537.130859375,190,175,777,585,1024,768
250945730,0.7101383805274963,252.33828735351562,339.1933898925781,761.52294921875,496.69390869140625,175,315,838,521,1024,690
252712363,0.6052848696708679,99.95487213134766,26.9266357421875,310.6326904296875,980.8514404296875,68,0,343,1024,768,1024
253053022,0.6703933477401733,241.29295349121094,15.588592529296875,580.4498901367188,947.0057373046875,190,0,632,1024,768,1024
255235867,0.9028509855270386,174.59991455078125,191.178466796875,700.6771850585938,438.1673278808594,95,154,780,476,1024,683
255739611,0.9111793637275696,253.66561889648438,446.9256591796875,603.760009765625,648.793212890625,201,416,657,680,768,1024
257342051,0.8623973727226257,199.80453491210938,121.5078125,505.102783203125,884.3534545898438,154,7,551,999,576,1024
257741117,0.7859543561935425,310.3533935546875,195.88754272460938,641.8108520507812,267.6273193359375,260,185,692,279,1024,461
258337727,0.7109290361404419,41.444671630859375,75.39842224121094,978.683837890625,362.7792053222656,0,32,1024,406,1024,519
258373909,0.9069196581840515,159.54531860351562,105.01679992675781,838.6741943359375,541.7990112304688,57,39,941,608,1024,768
259184094,0.9080520868301392,74.98556518554688,311.12078857421875,973.8408203125,481.3946228027344,0,285,1024,507,1024,768
259430126,0.4506984055042267,238.14111328125,98.43351745605469,848.9775390625,351.5014343261719,146,60,941,390,1024,768
260245913,0.9143180251121521,24.716644287109375,213.46188354492188,926.22998046875,772.6514892578125,0,129,1024,857,1024,1024
261061516,0.8723211288452148,120.03158569335938,40.386390686035156,808.8092041015625,392.95391845703125,16,0,913,435,1024,435
261440000,0.7826781272888184,202.11441040039062,479.29736328125,400.8340759277344,581.5198974609375,172,463,431,597,576,1024
264326551,0.5620397329330444,275.755859375,256.49267578125,622.1608276367188,407.6886291503906,223,233,675,431,1024,682
264465778,0.8890835046768188,72.40919494628906,11.6912841796875,569.7620239257812,979.399169921875,0,0,645,1024,786,1024
265371430,0.895893931388855,155.73394775390625,419.745849609375,577.6734008789062,709.096923828125,92,376,641,753,768,1024
265541629,0.8795872926712036,200.34112548828125,2.185302734375,458.53125,838.9686279296875,161,0,498,965,663,1024
266173250,0.44881531596183777,39.876678466796875,335.4725036621094,900.543212890625,588.352294921875,0,297,1024,627,1024,769
267213421,0.8506659865379333,112.13923645019531,67.14291381835938,345.3802185058594,915.289306640625,77,0,381,1024,473,1024
269078493,0.49402856826782227,0.8256454467773438,311.72113037109375,693.0284423828125,573.3296508789062,0,272,768,613,768,1024
269078551,0.49402856826782227,0.8256454467773438,311.72113037109375,693.0284423828125,573.3296508789062,0,272,768,613,768,1024
269725410,0.9180683493614197,34.89239501953125,187.63951110839844,971.5921020507812,498.8475341796875,0,140,1024,546,1024,683
269914308,0.8152493834495544,0.446624755859375,176.22109985351562,753.8916015625,480.69537353515625,0,130,867,527,1024,768
271367722,0.9081084132194519,13.357696533203125,163.2172393798828,993.93603515625,571.3880004882812,0,101,1024,633,1024,768
271418748,0.9017174243927002,44.690704345703125,149.16024780273438,955.1317138671875,571.5955810546875,0,85,1024,635,1024,728
271894309,0.3005426526069641,141.37454223632812,146.84823608398438,813.5960693359375,420.4534606933594,40,105,915,462,1024,606
273148212,0.9009485840797424,22.889617919921875,2.2346854209899902,969.2103271484375,284.86724853515625,0,0,1024,328,1024,398
273204617,0.7534832954406738,151.39161682128906,1.16473388671875,447.62286376953125,1023.5866088867188,106,0,493,1024,768,1024
273213826,0.8700803518295288,143.20608520507812,-5.273651123046875,624.04931640625,866.81298828125,71,0,697,998,768,1024
273284840,0.9048424363136292,209.7011260986328,484.6119689941406,429.3296203613281,617.101318359375,176,464,463,637,608,1024
274450061,0.5847557187080383,146.8040313720703,1.722686767578125,601.8276977539062,1024.973876953125,78,0,671,1024,768,1024
274577090,0.9050730466842651,145.12725830078125,118.2533187866211,892.8052368164062,470.8622131347656,32,65,1005,524,1024,582
275834302,0.9014154076576233,249.52976989746094,241.27328491210938,710.0991821289062,591.8509521484375,180,188,780,645,1024,768
276528003,0.6852227449417114,24.8900146484375,444.6945495605469,881.9258422851562,665.9837036132812,0,411,1011,700,1024,834
278974217,0.883640706539154,90.6903076171875,241.22113037109375,986.864990234375,506.03900146484375,0,201,1024,546,1024,768
280165234,0.7856284976005554,23.95850372314453,168.93161010742188,319.65283203125,835.3157958984375,0,68,365,936,576,1024
283861776,0.4750233292579651,71.08013916015625,37.11235809326172,376.77398681640625,211.3296356201172,25,10,423,238,480,306
284780047,0.8910506963729858,209.26736450195312,218.14950561523438,694.7220458984375,380.1312255859375,136,193,768,405,1024,768
289396033,0.6442878842353821,325.25811767578125,209.1375732421875,416.96075439453125,760.7422485351562,311,126,431,844,768,1024
289775070,0.7286232113838196,141.77230834960938,71.16683197021484,1016.5384521484375,583.408203125,10,0,1024,661,1024,683
291725986,0.5857784152030945,17.2042236328125,172.56100463867188,94.4679183959961,221.06765747070312,5,165,107,229,1024,768
292993684,0.7367330193519592,218.56370544433594,75.9384765625,470.258056640625,912.0694580078125,180,0,509,1024,768,1024
293624867,0.4756303131580353,361.93414306640625,316.3418884277344,744.5526733398438,531.3995361328125,304,284,802,564,1024,683
294792525,0.8840542435646057,230.8663330078125,30.4757080078125,484.99224853515625,924.1394653320312,192,0,524,1024,768,1024
296185268,0.8112519383430481,160.52658081054688,106.5381851196289,977.8682861328125,337.87652587890625,37,71,1024,373,1024,461
296948929,0.921183168888092,139.71710205078125,223.28746032714844,888.2471313476562,468.0561218261719,27,186,1001,505,1024,768
297008903,0.4200189709663391,143.9432830810547,79.7000732421875,334.94720458984375,653.6006469726562,115,0,364,740,576,1024
297203763,0.7651594281196594,351.36859130859375,459.2936096191406,712.0003051757812,630.9838256835938,297,433,767,657,1024,768
299119715,0.8997222185134888,43.7843017578125,235.6639404296875,291.0977783203125,860.2054443359375,6,141,329,954,576,1024
299473382,0.8931065797805786,130.63333129882812,176.17788696289062,680.4658203125,1014.314208984375,48,50,763,1024,768,1024
299754506,0.874705970287323,263.7493896484375,294.2785339355469,451.98834228515625,562.0819091796875,235,254,481,603,768,1024
301160591,0.40371742844581604,322.6717834472656,70.53705596923828,850.5765380859375,298.3074035644531,243,36,930,333,1024,768
302786377,0.6685705184936523,252.5401153564453,441.3030090332031,509.17791748046875,599.8799438476562,214,417,548,624,768,1024
304864704,0.4112008213996887,282.0783996582031,319.9664306640625,309.9540100097656,376.7979431152344,277,311,315,386,1024,683
305741839,0.7213759422302246,64.904296875,513.0441284179688,704.20751953125,740.1298217773438,0,478,768,775,768,1024
309502730,0.5971333384513855,378.66552734375,65.29612731933594,528.9562377929688,531.55078125,356,0,552,602,768,1024
310730957,0.9121518135070801,66.4346923828125,173.98773193359375,920.012451171875,457.13775634765625,0,131,1024,500,1024,657
311393019,0.7868517637252808,307.0727233886719,0.8272790908813477,843.6063232421875,259.9126281738281,226,0,925,299,1024,576
311881894,0.7277528643608093,263.67498779296875,169.32481384277344,1027.132080078125,452.81011962890625,149,126,1024,496,1024,768
314938408,0.7790146470069885,341.28131103515625,110.99568176269531,645.6187133789062,631.3294677734375,295,32,692,683,1024,683
314939502,0.8620014190673828,233.10414123535156,104.68087005615234,731.6304321289062,471.7879638671875,158,49,807,527,1024,590
314939504,0.8326297998428345,267.51727294921875,70.02528381347656,779.5899047851562,554.3433837890625,190,0,857,627,1024,683
315268150,0.3115992844104767,677.66357421875,672.99560546875,766.12158203125,757.39111328125,664,660,768,771,768,1024
315295304,0.5078877210617065,409.55047607421875,306.18768310546875,436.1031494140625,363.72650146484375,405,297,441,373,768,1024
316334609,0.6341685056686401,146.3966064453125,255.82730102539062,547.1914672851562,379.89013671875,86,237,608,399,733,522
318156569,0.6411954164505005,301.2734069824219,122.06573486328125,852.30859375,213.33499145507812,218,108,935,228,1024,575
318463187,0.7416719794273376,95.54483032226562,465.3212585449219,261.1286315917969,540.5625,70,454,286,552,1024,896
318625030,0.6681163907051086,234.48316955566406,119.36624145507812,417.9745788574219,877.7657470703125,206,5,446,992,683,1024
318716174,0.908379077911377,125.47406005859375,148.89151000976562,1015.3590698242188,336.181884765625,0,120,1024,365,1024,486
318716181,0.9058107137680054,147.466796875,291.7179870605469,912.9364013671875,404.12579345703125,32,274,1024,421,1024,683
318717440,0.44389960169792175,152.66632080078125,279.2135009765625,1002.2539672851562,426.9163513183594,25,257,1024,450,1024,683
319052124,0.9092106819152832,136.1548614501953,253.63720703125,492.71221923828125,1020.9249267578125,82,138,547,1024,768,1024
319706424,0.561454713344574,171.72756958007812,154.55148315429688,376.7735290527344,337.5621643066406,140,127,408,366,1024,581
320348117,0.44414421916007996,217.39617919921875,2.061044692993164,760.5147705078125,548.9378051757812,135,0,842,631,1024,684
321547848,0.6099658608436584,0.715911865234375,76.8570556640625,943.54931640625,441.8940124511719,0,22,1024,497,1024,768
321719359,0.5152989029884338,204.99758911132812,198.07704162597656,903.0548095703125,488.27056884765625,100,154,1008,532,1024,768
322514188,0.7853135466575623,-3.203033447265625,180.63754272460938,951.6328125,663.5325927734375,0,108,1024,736,1024,768
323135966,0.9026826024055481,34.280731201171875,118.16525268554688,994.925048828125,538.1415405273438,0,55,1024,602,1024,683
325872799,0.5873622894287109,-1.66021728515625,118.88882446289062,383.1224670410156,226.17559814453125,0,102,441,243,1024,768
325872859,0.6777496933937073,71.26904296875,253.98060607910156,858.3173828125,495.5432434082031,0,217,977,532,1024,683
325872884,0.7409979701042175,216.21095275878906,287.6819152832031,695.5936889648438,503.4425354003906,144,255,768,536,1024,768
326256757,0.8890419602394104,315.8133850097656,170.4236297607422,802.096923828125,635.7274169921875,242,100,876,706,1024,768
326609294,0.41171130537986755,1.560791015625,252.25257873535156,951.5545043945312,672.0090942382812,0,189,1024,682,1024,682
329840988,0.5762746930122375,7.4531707763671875,512.2072143554688,291.26531982421875,686.6541748046875,0,486,334,713,1024,768
330146913,0.6762939691543579,251.76849365234375,234.39710998535156,763.5748291015625,369.5115661621094,174,214,841,390,1024,661
331526772,0.861285388469696,136.29046630859375,175.5935516357422,632.82861328125,447.40008544921875,61,134,708,489,768,1024
331741952,0.8872023224830627,140.27670288085938,155.08383178710938,367.0630798339844,805.0228271484375,106,57,402,903,576,1024
332520289,0.8351755738258362,113.44113159179688,3.7285523414611816,1007.094482421875,403.810302734375,0,0,1024,464,1024,948
332857475,0.7769545316696167,159.77967834472656,227.93057250976562,604.8010864257812,455.2391662597656,93,193,672,490,1024,577
333410109,0.4531741142272949,351.4172058105469,250.14353942871094,687.4498291015625,552.0518798828125,301,204,738,598,1024,769
333849559,0.8399262428283691,77.27481079101562,106.57575225830078,972.67236328125,656.6187133789062,0,24,1024,740,1024,744
334909077,0.6171024441719055,0.9781837463378906,639.7889404296875,152.33705139160156,1020.4573974609375,0,582,176,1024,768,1024
336842829,0.46123814582824707,1.1232104301452637,276.84136962890625,123.63491821289062,985.6461791992188,0,170,143,1024,576,1024
337568137,0.8764314651489258,201.35780334472656,418.5771789550781,464.560546875,759.892333984375,161,367,505,812,576,1024
340737165,0.7990684509277344,82.44827270507812,263.0472717285156,727.0632934570312,889.9993896484375,0,169,768,985,768,1024
340805265,0.7669729590415955,-0.548492431640625,83.28817749023438,474.2659912109375,788.3074951171875,0,0,546,895,768,1024
344454655,0.8795239329338074,80.19912719726562,84.68266296386719,1009.34716796875,477.912109375,0,25,1024,537,1024,685
344644631,0.8308759927749634,241.50022888183594,123.52371215820312,586.8154296875,936.816650390625,189,1,639,1024,768,1024
344645047,0.8661263585090637,159.78890991210938,205.52383422851562,511.6627197265625,1022.534423828125,107,82,565,1024,768,1024
344857787,0.9125193357467651,54.758026123046875,249.13742065429688,868.9661865234375,564.7421875,0,201,992,613,1024,768
345029378,0.903120756149292,195.83248901367188,166.70263671875,546.302001953125,920.3919677734375,143,53,599,1024,768,1024
345601281,0.399196594953537,210.7823944091797,143.93807983398438,453.4338684082031,1022.967041015625,174,12,490,1024,683,1024
348261298,0.7716620564460754,121.45161437988281,237.63438415527344,420.72857666015625,571.83447265625,76,187,466,622,768,1024
351660381,0.8993204832077026,103.76144409179688,2.1717910766601562,975.459716796875,571.8409423828125,0,0,1024,658,1024,768
355289941,0.90245121717453,162.28976440429688,114.9080810546875,428.3341979980469,682.1127319335938,122,29,469,768,576,1024
357092926,0.8747535347938538,260.38641357421875,4.17864990234375,500.81951904296875,657.2864379882812,224,0,537,756,768,1024
358253608,0.5785784721374512,301.6553955078125,298.7145080566406,754.058837890625,455.93902587890625,233,275,822,480,1024,683
359818839,0.7675842046737671,83.1166763305664,310.7716064453125,200.0053253173828,714.4560546875,65,250,218,776,463,1024
360779050,0.8652012348175049,284.1258544921875,495.64544677734375,547.0599975585938,589.1814575195312,244,481,587,604,768,1024
362320075,0.8951740264892578,169.8889923095703,350.0812072753906,347.292236328125,869.280517578125,143,272,374,948,473,1024
362946507,0.5066773891448975,140.36204528808594,77.23828125,430.3882751464844,1003.753173828125,96,0,474,1024,576,1024
364520522,0.9138290286064148,97.75312042236328,277.5905456542969,565.2308349609375,926.079345703125,27,180,636,1024,768,1024
365008226,0.3916144073009491,287.4312744140625,165.37596130371094,463.0018310546875,629.092041015625,261,95,490,699,1024,768
365697184,0.9007106423377991,154.71890258789062,233.254638671875,539.2565307617188,955.681884765625,97,124,597,1024,768,1024
367260317,0.9157578945159912,107.57769012451172,454.2728271484375,706.9678955078125,635.5787353515625,17,427,768,663,768,1024
367847565,0.5021940469741821,199.60443115234375,107.02951049804688,668.836181640625,780.5091552734375,129,6,740,882,768,1024
368964146,0.9168547987937927,16.43145751953125,235.5504913330078,921.0861206054688,573.3130493164062,0,184,1024,624,1024,768
370522211,0.859641969203949,106.33197021484375,326.04754638671875,797.8018188476562,656.71533203125,2,276,902,707,1024,768
371916985,0.42529556155204773,261.4549560546875,406.94854736328125,466.36126708984375,496.701416015625,230,393,498,511,768,1024
372533270,0.8665030002593994,103.86126708984375,215.06610107421875,992.2683715820312,517.8636474609375,0,169,1024,564,1024,768
372895682,0.712729811668396,146.15264892578125,159.93899536132812,374.5542907714844,934.4578857421875,111,43,409,1024,768,1024
372896026,0.663505494594574,127.72068786621094,538.38818359375,626.1058959960938,676.8673095703125,52,517,701,698,768,1024
373918618,0.9196956157684326,36.40447998046875,138.70127868652344,983.0146484375,528.5796508789062,0,80,1024,588,1024,683
375413165,0.7555602788925171,3.749053955078125,255.0541534423828,999.900146484375,592.3726196289062,0,204,1024,643,1024,771
376795798,0.8896809816360474,3.26727294921875,118.04569244384766,1018.511474609375,390.0829162597656,0,77,1024,431,1024,577
378315166,0.5786167979240417,-0.24297523498535156,155.72769165039062,138.47299194335938,860.69091796875,0,49,160,967,768,1024
378340446,0.7749636769294739,36.75897216796875,105.81885528564453,898.1400756835938,486.88909912109375,0,48,1024,545,1024,683
379891233,0.9081716537475586,17.88427734375,134.589599609375,961.340576171875,573.1329345703125,0,68,1024,639,1024,768
382876458,0.9120591282844543,287.80413818359375,262.6290283203125,771.2905883789062,444.648681640625,215,235,844,472,1024,683
383852182,0.718232274055481,161.6065673828125,81.14958190917969,877.4072265625,729.8782348632812,54,0,985,828,1024,863
384566581,0.9004928469657898,339.4415283203125,200.37319946289062,733.1741943359375,433.84234619140625,280,165,793,469,1024,683
386619940,0.9241615533828735,202.43182373046875,161.96627807617188,914.5519409179688,455.2110290527344,95,117,1022,500,1024,619
386781538,0.8638561964035034,69.50726318359375,177.22991943359375,922.7989501953125,508.5614318847656,0,127,1024,559,1024,768
391257789,0.918412983417511,76.11181640625,158.73887634277344,979.2449951171875,514.7445068359375,0,105,1024,569,1024,768
391609565,0.5498160719871521,22.67622184753418,148.15582275390625,176.1906280517578,265.7942810058594,0,130,200,284,768,1024
394080854,0.18743985891342163,373.9200744628906,404.73419189453125,393.3592834472656,417.6607360839844,371,402,397,420,1024,709
394646259,0.9045588970184326,345.76873779296875,191.2659912109375,551.6723022460938,750.4562377929688,314,107,583,835,768,1024
397704635,0.8932880163192749,72.77898406982422,63.34649658203125,280.21832275390625,191.95614624023438,41,44,312,212,362,271
399181648,0.8988674879074097,224.1053924560547,160.53610229492188,500.2667236328125,885.463623046875,182,51,542,995,768,1024
399669509,0.8709390759468079,58.24072265625,56.22505187988281,982.2808837890625,360.25018310546875,0,10,1024,406,1024,512
402433077,0.8595644235610962,78.34957885742188,221.77818298339844,904.0599365234375,391.789306640625,0,196,1024,418,1024,683
403123906,0.8669525980949402,39.36870574951172,359.176513671875,593.54541015625,615.8563842773438,0,320,677,655,768,1024
403467726,0.9007787108421326,126.01732635498047,107.4473876953125,593.8662109375,891.8528442382812,55,0,665,1010,768,1024
403480429,0.8605825901031494,163.77725219726562,392.35345458984375,594.9219970703125,752.1729125976562,99,338,660,807,768,1024
403795908,0.7228462100028992,64.50871276855469,297.9232482910156,356.8263854980469,375.0257263183594,20,286,401,387,576,1024
403834713,0.8837296962738037,150.67022705078125,37.558929443359375,571.2310180664062,963.9779052734375,87,0,576,1024,576,1024
403835519,0.7838001847267151,104.90379333496094,164.14682006835938,556.580322265625,888.2010498046875,37,55,576,997,576,1024
403839165,0.5690422654151917,243.94174194335938,419.43609619140625,417.43597412109375,527.65771484375,217,403,444,544,576,1024
403840065,0.8993070721626282,113.91345977783203,345.9016418457031,525.3773193359375,636.237060546875,52,302,576,680,576,1024
404618118,0.603310763835907,236.30455017089844,174.87240600585938,445.15533447265625,854.254638671875,204,72,477,957,576,1024
406286066,0.806812584400177,123.20683288574219,546.2735595703125,375.6429748535156,638.1302490234375,85,532,414,652,576,1024
4589443,0.8242145776748657,198.5823974609375,182.97244262695312,908.5997314453125,526.7808837890625,92,131,1016,579,1024,715
5434910,0.8442555069923401,183.11773681640625,81.86378479003906,872.5267944335938,491.76080322265625,79,20,976,554,1024,576
6955494,0.8019209504127502,49.33837890625,98.4909896850586,752.9949340820312,499.53277587890625,0,38,859,560,1024,768
7534614,0.808009147644043,286.8408508300781,141.25094604492188,858.9888916015625,511.7406921386719,201,85,945,568,1024,693
9470015,0.8783295750617981,153.77374267578125,-0.319732666015625,629.5341796875,855.50537109375,82,0,701,984,768,1024
11094555,0.9185875058174133,1.3428497314453125,369.49188232421875,655.9277954101562,629.2796630859375,0,330,755,669,768,1024
11955614,0.7941079139709473,423.21856689453125,350.134765625,898.9949340820312,504.16510009765625,351,327,971,528,1024,768
14275953,0.8479065895080566,343.6919250488281,169.87843322753906,539.712890625,309.1983947753906,314,148,570,331,1024,683
15962601,0.4086628258228302,135.50006103515625,195.14138793945312,738.1895751953125,453.131103515625,45,156,829,492,1024,582
16003078,0.8339787125587463,318.89947509765625,290.4031982421875,640.8367309570312,397.57208251953125,270,274,690,414,1024,576
19423315,0.8908571004867554,162.17169189453125,126.8434066772461,875.3441772460938,555.8466796875,55,62,983,576,1024,576
19469108,0.8885599374771118,100.66604614257812,189.07260131835938,947.278076171875,457.2401428222656,0,148,1024,498,1024,614
23286777,0.7322953939437866,349.34906005859375,369.86346435546875,814.8464965820312,462.01641845703125,279,356,885,476,1024,768
29107884,0.8735101819038391,111.12312316894531,295.33685302734375,374.5354309082031,743.9874877929688,71,228,415,812,498,1024
29108665,0.794824481010437,229.2954559326172,267.39263916015625,462.2041320800781,597.6640014648438,194,217,498,648,498,1024
30587250,0.669324517250061,279.8687744140625,394.44512939453125,783.945068359375,663.196044921875,204,354,860,704,1024,768
32892623,0.7992279529571533,172.08384704589844,89.15331268310547,649.4721069335938,480.58880615234375,100,30,722,540,1024,765
34427162,0.928565502166748,80.0223388671875,211.88511657714844,827.9088134765625,568.5462646484375,0,158,941,623,1024,768
34471885,0.8972510099411011,146.0819091796875,213.87184143066406,889.17578125,619.2716064453125,34,153,1001,681,1024,683
34955071,0.5606626868247986,20.505615234375,168.98275756835938,988.8736572265625,614.8189086914062,0,102,1024,682,1024,730
36815523,0.7125428318977356,358.34716796875,99.67459106445312,757.2572021484375,388.94720458984375,298,56,818,433,1024,576
37015949,0.5716890096664429,240.0613555908203,378.67742919921875,527.3156127929688,468.97998046875,196,365,571,483,1024,768
37079721,0.5025720596313477,48.1513557434082,47.3223876953125,592.45751953125,299.68328857421875,0,9,675,338,687,354
38367548,0.5965292453765869,493.4535217285156,233.10189819335938,660.31103515625,364.31158447265625,468,213,686,384,1024,681
40829188,0.4859189987182617,126.7584228515625,354.0654602050781,385.1247863769531,682.4904174804688,88,304,424,683,1024,683
42269459,0.7585737109184265,150.67727661132812,153.94650268554688,535.5478515625,941.32958984375,92,35,594,1024,664,1024
43651813,0.8327821493148804,200.5802001953125,63.44297790527344,720.8160400390625,373.74090576171875,122,16,799,421,1024,577
44086494,0.40753796696662903,13.68133544921875,109.46614074707031,1022.0578002929688,491.8022766113281,0,52,1024,550,1024,683
56174823,0.3550100028514862,-3.699859619140625,191.07498168945312,619.0042724609375,637.6448974609375,0,124,713,640,1024,640
57314058,0.8837286829948425,92.03546142578125,72.66509246826172,995.5653686523438,487.3230285644531,0,10,1024,550,1024,563
71177492,0.5295502543449402,318.95782470703125,442.822998046875,498.6907653808594,722.5753173828125,291,400,526,765,768,1024
72881690,0.9051644802093506,141.547119140625,255.56002807617188,920.6884765625,682.6451416015625,24,191,1024,747,1024,1024
72896414,0.9095040559768677,197.07620239257812,193.77911376953125,841.9964599609375,937.9091186523438,100,82,939,1024,1024,1024
72993703,0.8336280584335327,54.4813117980957,114.97059631347656,277.75872802734375,531.4636840820312,20,52,312,594,576,1024
73534329,0.6819953322410583,714.67236328125,373.9791259765625,866.007080078125,472.13677978515625,691,359,889,487,1024,768
74522658,0.86968594789505,56.159423828125,284.9712219238281,1020.76416015625,526.1192626953125,0,248,1024,563,1024,683
77403545,0.6361445784568787,154.54812622070312,74.93885803222656,889.646728515625,985.7881469726562,44,0,1000,998,1024,998
77521992,0.8193565607070923,219.36639404296875,163.6381378173828,781.6185913085938,328.8843688964844,135,138,866,354,1024,462
78466827,0.9049581289291382,159.71392822265625,197.29225158691406,871.5016479492188,579.1284790039062,52,140,979,637,1024,834
80732536,0.5542690753936768,132.10635375976562,481.2621765136719,168.43006896972656,574.3497314453125,126,467,174,589,576,1024
80752103,0.8764910101890564,334.6379699707031,399.91070556640625,666.5736083984375,485.279541015625,284,387,717,499,768,1024
82461767,0.8260748386383057,50.2540283203125,58.04734420776367,215.158447265625,470.3717041015625,25,0,240,531,283,531
83991826,0.873828649520874,388.741943359375,115.21880340576172,565.042236328125,425.6726989746094,362,68,592,473,1024,785
84437395,0.8741162419319153,179.56222534179688,212.45472717285156,739.091552734375,382.2762451171875,95,186,824,408,1024,683
85970449,0.8558453917503357,462.115478515625,204.67462158203125,937.376220703125,359.5708923339844,390,181,1009,383,1024,705
86111550,0.87042635679245,136.9123992919922,148.625732421875,416.7374267578125,678.0886840820312,94,69,459,758,576,1024
87212938,0.5655106902122498,110.9597396850586,682.188232421875,279.1651916503906,814.9659423828125,85,662,305,835,768,1024
88278302,0.8931865692138672,152.7740020751953,105.16400146484375,524.7998657226562,984.9841918945312,96,0,581,1024,768,1024
88637883,0.8076519966125488,28.810684204101562,275.98211669921875,503.73016357421875,372.0454406738281,0,261,575,387,1024,603
89610998,0.862460196018219,90.71966552734375,386.31427001953125,936.1875610351562,586.9183959960938,0,356,1024,618,1024,1024
91600342,0.7405670285224915,338.5520935058594,515.9673461914062,719.8531494140625,668.2220458984375,281,493,778,692,1024,768
91683154,0.8862681984901428,21.722686767578125,39.872779846191406,1001.9329833984375,570.758544921875,0,0,1024,619,1024,619
93752599,0.8783057928085327,126.94537353515625,283.30108642578125,849.3224487304688,394.1138916015625,18,266,958,411,1024,683
95436574,0.6513946056365967,177.145751953125,381.2773132324219,392.10235595703125,787.7664794921875,144,320,425,849,768,1024
96286060,0.8655410408973694,148.97804260253906,443.6513366699219,667.7236328125,694.0751342773438,71,406,746,732,768,1024
99959690,0.8888382911682129,55.406455993652344,351.487548828125,560.7138671875,695.9127197265625,0,299,637,748,768,1024
100812364,0.6442534923553467,371.65521240234375,163.64744567871094,698.9365844726562,477.4342041015625,322,116,749,525,1024,768
102944742,0.8439280986785889,53.13100814819336,114.78227996826172,715.3518676757812,349.6778564453125,0,79,800,385,800,445
104371789,0.8965900540351868,132.28880310058594,350.0778503417969,685.9581909179688,641.3172607421875,49,306,768,686,768,1024
106292118,0.7662391066551208,50.62910842895508,131.8538055419922,844.03466796875,498.3170166015625,0,76,892,554,892,629
111568217,0.8390341401100159,197.62100219726562,237.54525756835938,810.5863037109375,465.4247741699219,105,203,903,500,1024,683
111712445,0.7750993967056274,259.56939697265625,153.83908081054688,760.6945190429688,782.5037841796875,184,59,836,877,1024,1024
112032113,0.5177825689315796,291.03448486328125,84.28289031982422,690.572509765625,649.505615234375,231,0,751,683,1024,683
113674831,0.7146098613739014,264.10272216796875,285.73480224609375,585.3925170898438,380.5279846191406,215,271,634,395,1024,576
114094789,0.7300970554351807,-0.156494140625,-2.278923988342285,743.817626953125,459.5663146972656,0,0,856,529,1024,683
115782821,0.6280806064605713,89.64822387695312,400.0442199707031,931.1419677734375,575.4290771484375,0,373,1024,602,1024,999
116359529,0.8703562021255493,71.39599609375,12.688934326171875,981.9212646484375,726.293212890625,0,0,1024,768,1024,768
117225505,0.8729056119918823,136.6629638671875,348.6515808105469,549.6784057617188,669.2366943359375,74,300,612,718,768,1024
118227615,0.905914306640625,77.64236450195312,282.54974365234375,873.958984375,572.6325073242188,0,239,994,617,1024,768
119683884,0.6197882294654846,577.7620239257812,498.2791748046875,710.4735717773438,534.27294921875,557,492,731,540,1024,768
120183252,0.7174901366233826,428.606201171875,283.3567810058594,584.5348510742188,392.065185546875,405,267,608,409,1024,768
122039401,0.7342614531517029,475.9771728515625,295.30242919921875,705.3055419921875,509.41461181640625,441,263,740,542,1024,768
124202004,0.48152077198028564,101.68797302246094,211.71682739257812,497.79119873046875,432.9052734375,42,178,558,467,1024,604
125862541,0.7867813110351562,366.288818359375,322.63970947265625,777.020263671875,443.9718017578125,304,304,839,463,1024,683
125873762,0.693997859954834,189.43698120117188,196.33203125,805.9857177734375,473.54058837890625,96,154,899,516,1024,683
126614899,0.6954028606414795,258.4151611328125,452.40765380859375,848.2073364257812,623.8434448242188,169,426,937,650,967,1024
129785268,0.8683818578720093,54.776275634765625,212.754638671875,634.7017211914062,848.6329345703125,0,117,722,945,768,1024
129985244,0.9065291285514832,361.9956359863281,151.40179443359375,743.829833984375,406.68536376953125,304,113,802,445,1024,684
130524608,0.7624038457870483,156.88406372070312,346.26116943359375,705.6419677734375,518.089599609375,74,320,768,544,768,1024
131066281,0.8796496987342834,174.36322021484375,183.51414489746094,742.9052124023438,520.6666870117188,89,132,829,572,1024,683
134176538,0.5527559518814087,411.21820068359375,73.55996704101562,732.4458618164062,493.90863037109375,363,10,781,557,1024,768
137236801,0.6694588661193848,207.85263061523438,190.20242309570312,701.8006591796875,519.915771484375,133,140,776,570,1024,768
137764299,0.8947671055793762,329.66217041015625,363.3448791503906,513.93310546875,695.9881591796875,302,313,542,746,768,1024
139931172,0.70350581407547,362.6798400878906,296.54150390625,676.947265625,421.1650695800781,315,277,725,440,1024,683
141186317,0.8399360775947571,170.09475708007812,174.43490600585938,525.0026245117188,945.16162109375,116,58,579,1024,725,1024
144758502,0.6188282370567322,244.120361328125,304.3043212890625,392.1326904296875,546.2852172851562,221,268,415,583,1024,768
150764340,0.8891479969024658,135.77252197265625,266.25848388671875,844.00341796875,563.4893188476562,29,221,951,609,1024,840
150816357,0.8182324767112732,231.86544799804688,304.99310302734375,842.7357177734375,531.5521850585938,140,271,935,566,1024,797
155683892,0.3826013207435608,425.20782470703125,290.51617431640625,639.632568359375,522.1375122070312,393,255,672,557,768,1024
158411326,0.6800459623336792,187.16796875,211.26576232910156,698.9880981445312,527.9275512695312,110,163,776,576,1024,768
161919939,0.9242068529129028,147.3968505859375,248.1896209716797,943.18408203125,549.5119018554688,28,202,1024,595,1024,768
164913468,0.880935788154602,337.88812255859375,322.2862548828125,674.7350463867188,545.7904052734375,287,288,726,580,1024,768
165607716,0.6899259090423584,368.9499816894531,339.837890625,852.8468017578125,468.6878356933594,296,320,926,489,1024,768
166513223,0.5190252065658569,249.81695556640625,170.19204711914062,324.6008605957031,303.0162048339844,238,150,336,323,576,1024
168701024,0.5510117411613464,404.683349609375,758.3905639648438,512.3566284179688,797.2421264648438,388,752,529,804,768,1024
169489638,0.9025216102600098,201.80242919921875,218.3536376953125,925.5525512695312,555.506591796875,93,167,1024,607,1024,768
170272198,0.8973982930183411,37.91815185546875,32.658836364746094,969.7767944335938,552.5098876953125,0,0,1024,626,1024,626
175741269,0.49883660674095154,274.5099182128906,202.3485565185547,651.027099609375,457.8235778808594,218,164,708,497,1024,683
178350839,0.6932579278945923,522.0775146484375,448.2535400390625,735.1799926757812,493.7926025390625,490,441,768,501,768,1024
179039612,0.9029600620269775,250.74609375,231.22055053710938,816.199462890625,472.3927001953125,165,195,902,509,1024,683
180643879,0.9243609309196472,169.31790161132812,254.04556274414062,888.2674560546875,565.855224609375,61,207,997,613,1024,768
181672380,0.8665744662284851,283.0459899902344,254.50262451171875,817.177490234375,499.71417236328125,202,217,898,537,1024,766
182875657,0.822860836982727,209.58892822265625,290.46282958984375,822.6428833007812,482.50421142578125,117,261,915,512,1024,768
182875698,0.8389295339584351,33.90850830078125,272.637451171875,859.9583740234375,532.3009643554688,0,233,984,572,1024,768
187407020,0.8762279152870178,68.6751480102539,363.0379638671875,715.4737548828125,850.899658203125,0,289,768,925,768,1024
187410531,0.8778770565986633,87.13664245605469,372.77593994140625,740.4639282226562,805.9464721679688,0,307,768,871,768,1024
187540666,0.8725118637084961,39.864288330078125,178.44308471679688,950.814208984375,706.9100952148438,0,99,1024,787,1024,821
190147677,0.8696314692497253,310.9947204589844,262.55316162109375,650.1951904296875,440.97442626953125,260,235,702,468,1024,768
190628466,0.9200412034988403,482.4939880371094,187.58544921875,632.7947998046875,530.36865234375,459,136,656,582,1024,814
191863445,0.8780258297920227,391.50640869140625,248.6920623779297,771.9176635742188,383.25030517578125,334,228,829,404,1024,576
192192425,0.7527409791946411,322.6258544921875,455.55645751953125,447.5736083984375,563.976806640625,303,439,467,581,768,1024
193741099,0.7423352599143982,186.84213256835938,291.48150634765625,516.6512451171875,489.60565185546875,137,261,567,520,1024,768
194316187,0.8741925954818726,6.911865234375,61.667030334472656,1016.5045776367188,776.602294921875,0,0,1024,823,1024,823
195391921,0.9101860523223877,70.308837890625,157.39305114746094,969.302001953125,591.62060546875,0,92,1024,657,1024,683
197976647,0.881489634513855,90.78070831298828,121.41458129882812,461.6351623535156,942.4163818359375,35,0,518,1024,597,1024
198472224,0.5276772975921631,328.4689636230469,268.353759765625,908.5960693359375,440.2555847167969,241,242,996,467,1024,683
198578020,0.9072288274765015,248.24005126953125,228.53036499023438,756.1341552734375,488.84930419921875,172,189,833,528,1024,768
198676778,0.8904100060462952,235.74575805664062,257.7830810546875,960.0233154296875,600.8790283203125,127,206,1024,653,1024,768
200577042,0.612966001033783,354.25665283203125,290.9438781738281,745.1139526367188,436.84149169921875,295,269,804,459,1024,683
200577044,0.6823714375495911,49.81732177734375,273.2288513183594,799.3822631835938,513.9120483398438,0,237,912,551,1024,683
203877356,0.761743426322937,402.83380126953125,258.5915222167969,786.6632690429688,473.0616760253906,345,226,845,506,1024,683
203989763,0.4402938187122345,423.62939453125,259.1568603515625,770.7076416015625,430.8363952636719,371,233,823,457,1024,738
204565532,0.7081859111785889,275.83038330078125,245.59628295898438,722.4288330078125,413.88909912109375,208,220,790,440,1024,683
205146669,0.9058837890625,39.1070556640625,68.22557067871094,913.9356079101562,513.6053466796875,0,1,1024,581,1024,709
205219683,0.8934215903282166,393.34967041015625,195.99925231933594,898.3630981445312,454.322998046875,317,157,975,494,1024,768
205412680,0.7861146926879883,247.64205932617188,526.9520263671875,487.70123291015625,813.7249755859375,211,483,524,857,768,1024
206592063,0.31005534529685974,66.78963470458984,506.2035827636719,261.44415283203125,575.3922119140625,37,495,291,586,1024,887
207832801,0.8970251679420471,190.62451171875,232.62002563476562,826.8069458007812,521.744384765625,95,189,923,566,1024,768
207832844,0.8557540774345398,223.54977416992188,249.690673828125,795.3245849609375,530.8441162109375,137,207,882,574,1024,768
208522461,0.8353961706161499,264.595458984375,317.6718444824219,915.375,466.5322570800781,166,295,1013,489,1024,683
209872222,0.7891254425048828,275.822021484375,245.64456176757812,814.7440185546875,434.29107666015625,194,217,896,463,1024,768
214458672,0.8005297780036926,258.4659423828125,580.1268310546875,514.551025390625,676.654296875,220,565,553,692,768,1024
217748085,0.8639760613441467,399.34149169921875,562.630126953125,570.581787109375,855.041015625,373,518,597,899,768,1024
219405450,0.6375481486320496,634.0020751953125,184.24168395996094,963.562744140625,377.4471435546875,584,155,1013,407,1024,768
220159094,0.8966162204742432,299.0017395019531,297.0102844238281,602.2147216796875,402.2450256347656,253,281,648,419,1024,683
220359758,0.38030779361724854,183.47186279296875,349.479736328125,925.3878784179688,611.486083984375,72,310,1024,651,1024,824
220461129,0.6556462049484253,303.036865234375,418.0613708496094,649.173095703125,491.2749328613281,251,407,702,503,768,1024
220766151,0.9015702605247498,224.02163696289062,203.97198486328125,836.3583984375,359.2288513183594,132,180,929,383,1024,768
221016315,0.6006803512573242,146.99285888671875,164.47047424316406,799.063720703125,414.9900207519531,49,126,897,453,1024,659
222804657,0.6931046843528748,301.0978088378906,472.3973083496094,424.93084716796875,535.2764282226562,282,462,444,545,768,1024
226597209,0.8993241786956787,100.26141357421875,48.76679992675781,1021.7794799804688,530.12744140625,0,0,1024,603,1024,768
227878185,0.6406572461128235,295.76544189453125,267.24517822265625,580.591796875,401.40789794921875,253,247,624,422,1024,768
228720342,0.9081404805183411,104.57463073730469,253.77496337890625,365.8955993652344,857.1404418945312,65,163,406,948,473,1024
229728687,0.8843141794204712,-0.40771484375,121.64689636230469,789.8858642578125,614.9273681640625,0,47,909,689,1024,768
231179923,0.8950322270393372,297.1026611328125,262.2568359375,549.210693359375,621.2443237304688,259,208,588,676,768,1024
231711752,0.5632252097129822,418.2236022949219,604.4947509765625,462.8123474121094,711.6351318359375,411,588,470,728,768,1024
234982947,0.9059443473815918,96.19082641601562,262.55645751953125,886.2952880859375,544.0828247070312,0,220,1005,587,1024,768
236561824,0.7385240197181702,181.400146484375,266.32354736328125,772.69482421875,399.57550048828125,92,246,862,420,1024,683
237083798,0.8823111057281494,266.11602783203125,348.13250732421875,684.6494140625,406.5577392578125,203,339,748,416,1024,678
237788937,0.8074746131896973,38.1375732421875,223.0635528564453,878.3572998046875,422.6769104003906,0,193,1005,453,1024,683
240878615,0.8965431451797485,89.5831298828125,194.28878784179688,824.423583984375,904.662841796875,0,87,875,1012,875,1024
241604579,0.7263553738594055,285.95721435546875,439.2817687988281,551.0805053710938,622.1286010742188,246,411,591,650,768,1024
242598780,0.7425177097320557,160.72879028320312,486.9500427246094,585.4197998046875,668.2509765625,97,459,650,696,768,1024
243451478,0.8846372365951538,11.717254638671875,147.36074829101562,954.0274658203125,633.06201171875,0,74,1024,706,1024,768
243780583,0.8199025392532349,304.1972351074219,401.2193603515625,506.4342956542969,496.517578125,273,386,537,511,768,1024
245594633,0.8704068660736084,328.90081787109375,244.12158203125,759.2063598632812,687.4326782226562,264,177,824,754,1024,869
249217856,0.8883624076843262,189.81219482421875,124.80194091796875,615.4571533203125,973.9938354492188,125,0,680,1024,768,1024
255425009,0.6892856955528259,29.964599609375,147.0754852294922,907.8310546875,495.7369384765625,0,94,1024,549,1024,613
256787743,0.6314154267311096,617.88720703125,312.52679443359375,907.5352783203125,519.5291748046875,574,281,951,551,1024,768
258028986,0.6193199157714844,665.8129272460938,237.81907653808594,802.1895141601562,575.7769775390625,645,187,823,627,1024,682
259553030,0.5791760087013245,157.9566192626953,269.9491882324219,613.7496948242188,350.96319580078125,89,257,683,364,1024,683
260980562,0.6496332883834839,758.7476196289062,341.01641845703125,955.3327026367188,393.5400695800781,729,333,985,402,1024,768
261188063,0.4211887717247009,113.9976806640625,373.5731201171875,605.4490356445312,765.1295166015625,40,314,680,768,1024,768
262449104,0.9050176739692688,99.47122192382812,197.1031036376953,976.384521484375,544.3229370117188,0,145,1024,597,1024,768
262813499,0.9049647450447083,136.11480712890625,269.49359130859375,948.2211303710938,541.2308349609375,14,228,1024,582,1024,746
263993691,0.8902303576469421,116.33951568603516,208.037109375,387.4736022949219,561.166748046875,75,155,429,615,768,1024
265071465,0.8721547722816467,352.73486328125,249.64700317382812,724.2041015625,549.9721069335938,297,204,780,596,1024,768
266921109,0.793919563293457,267.0702209472656,312.3861999511719,802.181396484375,463.9014587402344,186,289,883,487,1024,768
267365541,0.8425543308258057,62.614906311035156,389.5892333984375,650.4913330078125,764.3621826171875,0,333,739,821,768,1024
269554286,0.8582266569137573,117.98339080810547,27.95892906188965,702.6202392578125,529.5376586914062,30,0,791,573,800,573
270756118,0.8847761750221252,128.9709930419922,314.0509033203125,679.02685546875,807.657470703125,46,240,762,882,794,1024
270980052,0.8756197690963745,491.3000793457031,181.62582397460938,897.1259765625,317.4246520996094,430,161,958,338,1024,768
271043358,0.5175577998161316,261.0716857910156,514.9476318359375,477.08172607421875,571.6884765625,228,506,510,581,768,1024
274163727,0.8896259069442749,264.547607421875,303.3158264160156,721.4332885742188,466.705322265625,196,278,790,492,1024,731
274311382,0.636719822883606,0.07266730070114136,284.54656982421875,250.704345703125,451.40313720703125,0,259,289,477,683,1024
274808186,0.9103195071220398,36.956016540527344,310.2364807128906,767.827880859375,820.125244140625,0,233,768,897,768,1024
275175469,0.8916600942611694,168.56155395507812,202.92483520507812,897.12744140625,628.61181640625,59,139,1007,693,1024,768
277019329,0.6399277448654175,207.56658935546875,360.5141296386719,372.80633544921875,462.810791015625,182,345,398,479,1024,768
277807911,0.8077899813652039,195.1998291015625,126.47703552246094,512.3012084960938,302.9783935546875,147,100,560,330,1024,595
278422801,0.4753377139568329,325.3685302734375,0.8373261094093323,609.4200439453125,519.9634399414062,282,0,653,578,1024,578
280282880,0.7784560918807983,240.61477661132812,342.74114990234375,491.5447692871094,449.96002197265625,202,326,530,467,1024,768
283837983,0.8703898191452026,246.91864013671875,355.78240966796875,538.2871704101562,547.2070922851562,203,327,582,576,1024,768
287605427,0.7033634781837463,306.9488220214844,451.2005920410156,585.869140625,532.677978515625,265,438,628,545,768,1024
287639325,0.8236914277076721,469.6695556640625,250.7686004638672,597.314208984375,699.0372924804688,450,183,617,767,768,1024
288079693,0.8387391567230225,137.5413055419922,124.684326171875,883.2177124023438,822.93701171875,25,19,909,928,909,1024
289199569,0.892505943775177,199.98558044433594,264.0964660644531,663.4541625976562,479.0578308105469,130,231,733,512,1024,683
289716989,0.7460163831710815,252.5908660888672,234.01112365722656,491.77728271484375,373.6758728027344,216,213,528,395,640,395
291335436,0.8888828754425049,297.2209167480469,257.5693359375,1008.694580078125,541.2943115234375,190,215,1024,584,1024,683
296360805,0.8970516324043274,333.918212890625,237.2813262939453,683.700439453125,490.5190124511719,281,199,737,529,1024,683
298065451,0.7518371343612671,192.62200927734375,266.21221923828125,782.3316650390625,415.7661437988281,104,243,871,439,1024,768
304760242,0.8812217712402344,41.951873779296875,29.9832820892334,973.287109375,501.8125,0,0,1024,573,1024,583
304962514,0.8922227025032043,95.84796142578125,129.05389404296875,716.9591064453125,544.06787109375,2,66,811,607,1024,768
305348384,0.7677224278450012,355.68267822265625,204.46200561523438,838.9933471679688,417.8301086425781,283,172,912,450,1024,768
306766012,0.8136066794395447,307.6693115234375,391.1555480957031,479.058349609375,693.4395751953125,281,345,505,739,768,1024
308354203,0.8749108910560608,357.5100402832031,209.79739379882812,792.1461181640625,505.1158142089844,292,165,858,550,1024,684
311169518,0.8317993879318237,255.15237426757812,500.09454345703125,515.58642578125,593.0662231445312,216,486,555,608,768,1024
311539722,0.9081096053123474,314.90087890625,355.079833984375,481.0921936035156,680.7576904296875,289,306,507,730,771,1024
311768012,0.5994138717651367,492.9515380859375,339.51922607421875,655.2374877929688,436.657958984375,468,324,680,452,768,1024
311865341,0.7547084093093872,150.97213745117188,589.152099609375,717.06494140625,754.7828369140625,66,564,768,780,768,1024
312833123,0.8950709104537964,315.99468994140625,255.1102752685547,673.2636108398438,534.2675170898438,262,213,727,577,1024,788
315422832,0.7898105382919312,266.3228759765625,207.28565979003906,664.9038696289062,330.501953125,206,188,725,349,1024,683
316434454,0.8698383569717407,83.71304321289062,215.525146484375,947.4029541015625,621.679443359375,0,154,1024,683,1024,768
321360525,0.7775062322616577,260.42974853515625,344.82025146484375,457.0828857421875,409.03985595703125,230,335,487,419,768,1024
322071836,0.7217243313789368,12.367645263671875,240.86953735351562,965.7259521484375,450.8384704589844,0,209,1024,483,1024,752
322660459,0.9159364700317383,172.71188354492188,227.9593048095703,809.8524169921875,563.2760620117188,77,177,906,614,1024,768
322757620,0.6958702206611633,82.1871337890625,38.8680534362793,933.5745239257812,807.7012329101562,0,0,1024,924,1024,940
323755251,0.8007964491844177,99.375244140625,80.5482406616211,945.8009033203125,359.8480224609375,0,38,1024,402,1024,494
323759933,0.6061927676200867,337.5119934082031,554.1759033203125,723.5699462890625,681.414306640625,279,535,782,701,1024,768
326494421,0.8229731917381287,215.58279418945312,470.1363525390625,449.92791748046875,553.4430541992188,180,457,486,566,768,1024
329298375,0.9031104445457458,36.061798095703125,104.91741180419922,991.150146484375,547.6077880859375,0,38,1024,615,1024,683
331155394,0.41630303859710693,324.64459228515625,178.95257568359375,565.756591796875,687.8499145507812,288,102,602,765,768,1024
332189087,0.7872428894042969,75.54098510742188,212.25787353515625,506.1422119140625,977.5288696289062,10,97,571,1024,768,1024
332574937,0.6850607991218567,248.8738555908203,375.03912353515625,584.4534912109375,460.30322265625,198,362,635,474,1024,768
332680545,0.8674330711364746,305.5089111328125,1.2925620079040527,960.2186279296875,570.2664184570312,207,0,1024,656,1024,683
333242943,0.7135120034217834,333.88238525390625,99.69084930419922,917.1242065429688,375.5845947265625,246,58,1005,417,1024,490
333242951,0.7309696674346924,238.1736602783203,92.80805206298828,674.5199584960938,354.5756530761719,172,53,740,394,1024,514
333781489,0.8573958873748779,262.2861022949219,189.6113739013672,710.0086059570312,503.3979187011719,195,142,778,551,981,736
335762618,0.4453337788581848,604.2561645507812,385.83551025390625,669.3269653320312,478.4361572265625,594,371,680,493,1024,716
335773127,0.8176909685134888,326.689208984375,290.61981201171875,673.7236328125,515.250244140625,274,256,726,549,1024,768
336173194,0.6720975637435913,225.52137756347656,723.343505859375,441.36395263671875,775.35546875,193,715,474,784,771,1024
337514316,0.9003106951713562,142.60812377929688,144.66403198242188,717.1632080078125,361.47833251953125,56,112,804,395,1024,576
337568231,0.803826093673706,253.310791015625,211.43289184570312,718.65283203125,323.1466064453125,183,194,789,340,1024,562
338223958,0.44369521737098694,402.4729309082031,185.44190979003906,788.40234375,424.9051208496094,344,149,847,461,1024,683
338298777,0.8660224080085754,253.79066467285156,15.166665077209473,722.0791015625,464.5758056640625,183,0,793,532,1024,769
339529641,0.6848438382148743,340.6175537109375,229.08251953125,891.374755859375,387.41162109375,258,205,974,412,1024,683
339678634,0.6184201240539551,97.13650512695312,183.53961181640625,241.1132354736328,434.14398193359375,75,145,263,472,768,1024
339679334,0.7789795398712158,300.72216796875,419.69659423828125,468.66046142578125,683.4728393554688,275,380,494,724,768,1024
340403150,0.7799333930015564,380.01361083984375,339.0848388671875,673.9146118164062,452.15545654296875,335,322,718,470,1024,768
340403215,0.8314225077629089,191.388427734375,242.95468139648438,880.7059326171875,510.7034912109375,87,202,985,551,1024,768
340909633,0.8964491486549377,264.08087158203125,122.73193359375,844.4274291992188,512.6907958984375,177,64,932,572,1024,683
340977703,0.8363072872161865,195.30569458007812,267.9017333984375,798.2281494140625,459.0173034667969,104,239,889,488,1024,768
341095395,0.7890241146087646,222.0415496826172,299.5555419921875,720.416015625,475.088623046875,147,273,796,502,1024,768
341222657,0.7323427796363831,294.42852783203125,288.05682373046875,685.0703125,555.3402709960938,235,247,744,596,1024,768
341255369,0.8761828541755676,186.51547241210938,100.52047729492188,764.095703125,848.7138671875,99,0,768,961,768,1024
341618150,0.8391607403755188,290.916015625,228.15899658203125,697.3681640625,527.3133544921875,229,183,759,573,1024,768
341618680,0.8941211700439453,339.2427673339844,258.0870361328125,630.4581298828125,537.6930541992188,295,216,675,580,1024,768
343481334,0.4115649461746216,245.98294067382812,600.4959716796875,688.6248779296875,767.8331298828125,179,575,756,793,768,1024
343818186,0.3145705759525299,443.26318359375,67.48924255371094,467.49591064453125,80.01466369628906,439,65,472,82,768,1024
343918378,0.39968425035476685,647.8949584960938,259.98974609375,819.2034301757812,410.0882263183594,622,237,845,433,1024,771
344741913,0.7253312468528748,89.2855453491211,494.39935302734375,521.5146484375,607.3975219726562,24,477,587,625,768,1024
346632713,0.7367540597915649,150.04583740234375,407.8480529785156,415.13531494140625,516.4155883789062,110,391,455,533,576,1024
346936358,0.8214311599731445,220.2667694091797,303.1484375,609.9955444335938,683.5015258789062,161,246,669,741,795,1024
348557214,0.7650328278541565,132.5730743408203,452.5034484863281,633.8345336914062,712.0855712890625,57,413,710,752,768,1024
350661494,0.5433509349822998,181.41786193847656,413.26019287109375,397.1900634765625,655.3544311523438,149,376,430,692,768,1024
351032875,0.9041712880134583,46.6800537109375,376.670654296875,1005.2177734375,630.084716796875,0,338,1024,669,1024,1024
351227221,0.8144142627716064,107.67716217041016,249.4208526611328,568.3843994140625,353.9049072265625,38,233,638,370,768,1024
351238121,0.9052342772483826,43.7623291015625,281.2970886230469,982.0888671875,781.291259765625,0,206,1024,857,1024,1024
351491211,0.5201709866523743,209.76425170898438,366.9130859375,563.8961181640625,623.8096313476562,156,328,618,663,768,1024
351877783,0.6637640595436096,589.8502197265625,147.81427001953125,943.595703125,433.66656494140625,536,104,997,477,1024,682
353983622,0.426381915807724,352.3955383300781,225.0380859375,854.0916748046875,451.7082824707031,277,191,930,486,1024,768
354766137,0.42144104838371277,272.0446472167969,195.79330444335938,475.673583984375,299.644287109375,241,180,507,316,768,1024
356478990,0.33907800912857056,333.59051513671875,62.819698333740234,549.5692138671875,180.6605224609375,301,45,582,199,768,1024
356910841,0.8884187340736389,196.62625122070312,286.65374755859375,852.7208251953125,594.4287719726562,98,240,952,641,1024,768
357798363,0.873715877532959,152.7638702392578,225.1501922607422,728.4273071289062,522.5237426757812,66,180,815,568,914,694
359647715,0.9034487009048462,1.2982864379882812,301.4535217285156,766.050537109375,731.36669921875,0,236,768,796,768,1024
360483608,0.7827584743499756,141.5802001953125,289.6385498046875,924.798828125,698.9154052734375,24,228,1024,761,1024,1024
360884881,0.6411051750183105,452.727783203125,2.5480804443359375,761.0112915039062,200.2605743408203,406,0,768,230,768,1024
362192856,0.7002208232879639,208.8634033203125,316.468505859375,566.2333374023438,604.363037109375,155,273,620,648,771,1024
363670213,0.8178825378417969,195.53477478027344,455.4328918457031,456.61962890625,558.3460693359375,156,439,496,574,576,1024
363746610,0.8373980522155762,164.37655639648438,333.50872802734375,526.5436401367188,517.0355834960938,110,305,581,545,768,1024
363771668,0.4236000180244446,327.12335205078125,243.6453094482422,879.5407104492188,620.4644775390625,244,187,963,677,1024,768
365769026,0.8757442831993103,275.33880615234375,286.53411865234375,516.708984375,792.1405639648438,239,210,553,868,768,1024
366153332,0.8884932994842529,312.5581359863281,554.504638671875,545.1383056640625,643.5723876953125,277,541,581,657,768,1024
366478310,0.4100184142589569,45.74270248413086,380.77294921875,466.9025573730469,529.4270629882812,0,358,472,552,472,1024
368764428,0.8876013159751892,175.52394104003906,170.5379638671875,625.60595703125,1019.826416015625,108,43,694,1024,768,1024
370144207,0.8712857961654663,85.04537200927734,368.54144287109375,672.0151977539062,686.8818969726562,0,320,761,735,768,1024
372388340,0.7297584414482117,57.85245132446289,198.74337768554688,842.9749755859375,395.8260498046875,0,169,877,426,877,585
372488554,0.864224374294281,207.47109985351562,178.39340209960938,852.14501953125,461.76702880859375,110,135,949,505,1024,684
372789052,0.847650945186615,337.9909973144531,284.11505126953125,856.7332763671875,559.7499389648438,260,242,935,602,1024,768
377530859,0.404900461435318,274.1986389160156,392.8255920410156,363.7286071777344,424.0015869140625,260,388,378,429,1024,768
377530966,0.8700673580169678,450.54644775390625,340.5794677734375,808.7315063476562,630.1468505859375,396,297,863,674,1024,768
377589551,0.6271800398826599,235.63128662109375,318.5669860839844,355.5392761230469,392.6480407714844,217,307,374,404,576,1024
377863995,0.7423238754272461,241.19967651367188,372.82470703125,749.1494750976562,696.8404541015625,165,324,768,746,768,1024
378115407,0.676658034324646,136.65603637695312,492.70611572265625,505.1461486816406,722.7667846679688,81,458,561,758,768,1024
380072835,0.8614030480384827,-2.877899169921875,245.43394470214844,866.7493896484375,472.1463928222656,0,211,998,507,1024,683
381231359,0.5988921523094177,563.311767578125,542.5902099609375,770.4271240234375,764.1893920898438,532,509,802,768,1024,768
381258796,0.8905717730522156,74.23800659179688,196.443603515625,924.229248046875,435.2499694824219,0,160,1024,472,1024,683
382651329,0.9176393151283264,67.07025146484375,568.5911254882812,626.9505615234375,860.3898315429688,0,524,711,905,768,1024
384481088,0.8027238845825195,269.49371337890625,286.0099182128906,685.3261108398438,423.51837158203125,207,265,748,445,1024,678
385061672,0.7392246723175049,127.7680435180664,456.6638488769531,239.5000457763672,489.2483215332031,111,451,257,495,473,1024
386422672,0.8813441395759583,166.14212036132812,321.433349609375,356.9718322753906,627.570068359375,137,275,386,674,473,1024
386769675,0.8774539232254028,6.431236267089844,360.72149658203125,593.0721435546875,717.6887817382812,0,307,682,772,768,1024
388446195,0.8710831999778748,284.3448181152344,136.5520782470703,799.6142578125,437.0196533203125,207,91,877,483,1024,576
389297363,0.8878290057182312,239.45358276367188,117.56086730957031,787.14990234375,393.69500732421875,157,76,870,436,1024,576
389324586,0.8946555256843567,73.57159423828125,93.85189819335938,867.1005249023438,481.6810607910156,0,35,987,540,1024,637
389706525,0.8867272138595581,316.12677001953125,278.6630859375,770.8554077148438,531.336181640625,247,240,840,570,1024,769
390989838,0.5597124099731445,204.06671142578125,310.1595764160156,867.4284057617188,433.01470947265625,104,291,967,452,1024,683
391165776,0.8839573860168457,174.72366333007812,7.300388336181641,743.3690185546875,599.8788452148438,89,0,829,689,1024,726
392767647,0.8100107908248901,189.39901733398438,208.43350219726562,771.5230712890625,652.55908203125,102,141,859,720,1024,768
393452332,0.26876863837242126,361.2676086425781,65.53661346435547,524.2967529296875,115.45633697509766,336,58,549,123,576,1024
396048750,0.8549264669418335,62.14764404296875,258.36761474609375,858.8385009765625,428.6438903808594,0,232,979,455,1024,683
396177647,0.9171577095985413,81.31686401367188,150.27589416503906,751.7313232421875,435.3861083984375,0,107,853,479,1024,681
398453945,0.6895375847816467,164.47952270507812,105.88269805908203,779.9100341796875,670.0740356445312,72,21,873,755,1024,858
398648941,0.6783255338668823,508.2490234375,185.93138122558594,670.3934326171875,259.31396484375,483,174,695,271,1024,768
400992131,0.5629660487174988,321.7127380371094,565.2792358398438,442.0008544921875,594.8599243164062,303,560,461,600,768,1024
401382926,0.859122633934021,298.9074401855469,536.867919921875,442.747314453125,773.58056640625,277,501,465,810,768,1024
401718002,0.8754874467849731,464.4815368652344,142.4059295654297,621.23388671875,546.8471069335938,440,81,645,608,1024,683
401927556,0.8576573729515076,59.34000015258789,209.64898681640625,759.0594482421875,356.32305908203125,0,187,800,379,800,600
402211070,0.8393490314483643,392.7570495605469,244.81187438964844,921.1527099609375,553.3395385742188,313,198,1001,600,1024,768
404622240,0.5542641878128052,368.4500732421875,343.9287414550781,436.769287109375,528.274169921875,358,316,448,556,768,1024
2367592,0.9121289253234863,72.95419311523438,112.1990737915039,974.238525390625,406.97711181640625,0,67,1024,452,1024,535
2905893,0.9196228981018066,181.46124267578125,240.34048461914062,996.0079956054688,493.97613525390625,59,202,1024,533,1024,768
4976894,0.9270684123039246,147.07229614257812,303.1147766113281,772.647705078125,435.75885009765625,53,283,867,456,1024,768
7061967,0.9197971820831299,97.82037353515625,246.80177307128906,1013.1471557617188,519.3662719726562,0,205,1024,561,1024,768
7216618,0.8619633316993713,180.80245971679688,236.78143310546875,943.3028564453125,508.3556213378906,66,196,1024,550,1024,768
8248323,0.42482808232307434,0.10901689529418945,-2.882744789123535,999.1815795898438,583.389404296875,0,0,1000,664,1000,664
8248329,0.5721525549888611,424.5564880371094,52.532798767089844,565.546630859375,96.31690216064453,403,45,587,103,1000,664
8248348,0.5319995880126953,68.48873138427734,118.49610900878906,125.07136535644531,186.8077392578125,60,108,134,198,1000,664
8248391,0.5299399495124817,306.9949645996094,54.682701110839844,421.68109130859375,101.09647369384766,289,47,439,109,1000,556
8248507,0.5060426592826843,665.7422485351562,106.86001586914062,780.6251831054688,161.51779174804688,648,98,798,170,1000,445
8248865,0.4084800183773041,671.081298828125,171.1258087158203,753.803466796875,206.1577911376953,658,165,767,212,960,577
8898890,0.603213906288147,425.78131103515625,51.41844940185547,519.2132568359375,117.01251220703125,411,41,534,127,781,541
10043295,0.7523136138916016,194.21994018554688,121.01789855957031,919.3494873046875,409.309814453125,85,77,1024,453,1024,670
10635953,0.9063757061958313,81.568603515625,80.31674194335938,958.908447265625,414.4993896484375,0,30,1024,465,1024,508
10996435,0.7735788226127625,74.86398315429688,132.1995086669922,991.2117919921875,523.3506469726562,0,73,1024,583,1024,591
12180930,0.5815096497535706,330.38507080078125,62.484100341796875,695.8368530273438,182.05128479003906,275,44,751,200,1024,576
12925857,0.9033851027488708,197.09075927734375,127.62458038330078,823.6574096679688,576.7208251953125,103,60,918,645,1024,683
12925858,0.875971794128418,139.84783935546875,151.9414825439453,939.7517700195312,545.8187866210938,19,92,1024,605,1024,683
12925859,0.7822515368461609,27.91265869140625,226.32498168945312,868.9219970703125,500.39599609375,0,185,996,542,1024,683
13945045,0.908921480178833,183.40933227539062,120.08165740966797,957.2318115234375,407.7275390625,67,76,1024,451,1024,576
15444032,0.47405725717544556,72.81912231445312,0.7431700229644775,1020.896728515625,483.5898132324219,0,0,1024,557,1024,682
16421901,0.9053777456283569,104.02328491210938,205.26239013671875,827.7001953125,377.80242919921875,0,179,937,404,1024,512
16799280,0.9154237508773804,192.85797119140625,126.85427856445312,893.4959106445312,380.91064453125,87,88,999,420,1024,512
18887198,0.9176684021949768,94.7724609375,228.62155151367188,961.488037109375,549.7642822265625,0,180,1024,598,1024,768
20485657,0.9052704572677612,58.08782958984375,233.17404174804688,901.4781494140625,486.7609558105469,0,195,1024,525,1024,682
22875262,0.9090853929519653,67.31295776367188,198.68557739257812,994.320068359375,545.2080078125,0,146,1024,598,1024,768
22875332,0.9153135418891907,135.58065795898438,249.46664428710938,846.5306396484375,510.3353576660156,28,210,954,550,1024,768
22879128,0.9158139824867249,53.446258544921875,127.63910675048828,987.9527587890625,460.8040466308594,0,77,1024,511,1024,594
27585843,0.8676954507827759,33.30320739746094,56.227195739746094,644.288330078125,278.6844177246094,0,22,651,313,651,411
27587766,0.8922214508056641,64.36610412597656,162.8805389404297,850.6853637695312,425.5035705566406,0,123,933,465,933,651
27647476,0.8518435955047607,39.28863525390625,212.3308868408203,867.626220703125,486.06976318359375,0,171,992,528,1024,729
31513253,0.8613848686218262,26.01507568359375,15.555697441101074,843.2540283203125,403.046142578125,0,0,966,462,1024,758
32088354,0.927791953086853,24.649566650390625,203.67376708984375,921.1378173828125,528.24072265625,0,154,1024,577,1024,759
36933256,0.8068451285362244,131.8758544921875,252.47450256347656,252.15377807617188,605.3896484375,113,199,271,640,378,640
37908851,0.5446959137916565,183.2467041015625,82.16796875,1017.79736328125,333.5036315917969,58,44,1024,372,1024,470
42934646,0.8973585963249207,43.816925048828125,29.831649780273438,959.3233642578125,373.9671325683594,0,0,1024,426,1024,436
55766957,0.3705978989601135,371.5567626953125,444.9931335449219,628.9564819335938,1018.338134765625,332,358,668,1024,768,1024
56910772,0.9147360324859619,1.937225341796875,245.84750366210938,953.519775390625,655.881103515625,0,184,1024,718,1024,765
59762459,0.8800983428955078,-1.162750244140625,184.993896484375,974.371337890625,537.511474609375,0,132,1024,576,1024,576
61633217,0.8588142991065979,256.85577392578125,122.80868530273438,542.7951049804688,848.1412353515625,213,14,586,957,768,1024
62689155,0.9097074270248413,12.14312744140625,64.50827026367188,1013.7083129882812,481.9018859863281,0,1,1024,506,1024,506
62689156,0.8637021780014038,137.54095458984375,264.817626953125,1008.8314819335938,611.248779296875,6,212,1024,664,1024,683
62779587,0.9113839864730835,90.20651245117188,117.48751831054688,988.020263671875,446.2687072753906,0,68,1024,496,1024,567
62787732,0.9097415804862976,81.43209838867188,82.45136260986328,963.6671142578125,385.95947265625,0,36,1024,432,1024,497
63000324,0.8894230723381042,108.21530151367188,74.10455322265625,997.2757568359375,419.06689453125,0,22,1024,471,1024,576
66466076,0.7208099961280823,350.33404541015625,290.4185791015625,632.9057006835938,424.2645263671875,307,270,676,445,1024,767
66722847,0.8985493779182434,127.61611938476562,112.22222900390625,817.700439453125,743.47509765625,24,17,922,768,1024,768
67003226,0.47832486033439636,33.007568359375,140.98333740234375,1023.3634033203125,752.2769775390625,0,49,1024,768,1024,768
67697687,0.91697096824646,37.859375,145.62393188476562,1005.0701904296875,518.7870483398438,0,89,1024,575,1024,768
68789420,0.8640282154083252,63.21522903442383,0.9291200041770935,783.9242553710938,197.8659210205078,0,0,807,211,807,211
72853343,0.8916046619415283,271.05145263671875,263.7425231933594,416.5128173828125,622.97216796875,249,209,439,677,768,1024
83113591,0.6956202387809753,254.2236785888672,283.8431091308594,601.0607299804688,405.7059020996094,202,265,654,424,1024,683
85366660,0.9053299427032471,204.88031005859375,225.14181518554688,825.0320434570312,723.851318359375,111,150,919,768,1024,768
85988785,0.738309919834137,199.95068359375,143.29852294921875,777.5615234375,288.46478271484375,113,121,865,311,1024,453
88588248,0.6295731663703918,473.0942077636719,222.55201721191406,637.669921875,462.98681640625,448,186,663,500,1024,768
98937645,0.9200050830841064,102.8211669921875,131.86241149902344,956.1182861328125,494.9815673828125,0,77,1024,550,1024,682
101996122,0.9032590985298157,267.1590270996094,264.3279113769531,511.5238037109375,901.2989501953125,230,168,549,997,768,1024
104470428,0.46756333112716675,140.23956298828125,330.2528381347656,652.1262817382812,463.4188537597656,63,310,729,484,814,767
105829584,0.8209832310676575,321.7165832519531,182.37045288085938,500.063232421875,888.875732421875,294,76,527,995,768,1024
106424781,0.9049682021141052,211.74066162109375,209.07363891601562,444.2141418457031,885.39404296875,176,107,480,987,768,1024
107374967,0.8906280994415283,417.1750793457031,285.3433532714844,614.4879760742188,374.2934265136719,387,272,645,388,1024,683
107945600,0.9140554666519165,22.292877197265625,199.46621704101562,990.790771484375,465.15045166015625,0,159,1024,506,1024,637
110723685,0.9037095308303833,290.3351745605469,253.379150390625,859.72509765625,475.7062683105469,204,220,946,510,1024,768
113754712,0.8905200362205505,222.44482421875,1.892608642578125,594.931640625,943.1341552734375,166,0,651,1024,768,1024
117701360,0.5388980507850647,597.849365234375,329.7563171386719,843.21484375,520.8941040039062,561,301,881,550,1024,1024
118879081,0.9212390184402466,113.14370727539062,187.81166076660156,919.2425537109375,449.21661376953125,0,148,1024,489,1024,768
118879120,0.9252741932868958,58.265533447265625,221.71231079101562,887.04541015625,475.8746337890625,0,183,1012,514,1024,768
129131759,0.4896399676799774,28.046173095703125,130.03173828125,944.5782470703125,426.9150085449219,0,85,1024,472,1024,492
129252479,0.9120628833770752,289.35150146484375,77.00839233398438,527.3134765625,996.7586669921875,253,0,564,1024,768,1024
131680236,0.8048664331436157,22.9833984375,200.2687225341797,1007.224853515625,555.0023193359375,0,147,1024,609,1024,768
134416645,0.9082508087158203,179.3012237548828,247.9444580078125,630.493408203125,890.56787109375,111,151,699,987,768,1024
134416737,0.8908774256706238,245.6763153076172,102.69952392578125,511.3115234375,766.3497314453125,205,3,552,866,768,1024
138015256,0.9128642678260803,60.746124267578125,77.8388442993164,953.762939453125,461.17559814453125,0,20,1024,519,1024,684
139073724,0.9110846519470215,170.81646728515625,-0.356292724609375,507.6199035644531,1022.65234375,120,0,559,1024,768,1024
139073787,0.8836718201637268,230.87002563476562,57.933013916015625,480.0055847167969,920.5489501953125,193,0,518,1024,768,1024
141329426,0.9246101379394531,205.09442138671875,184.6580352783203,963.0702514648438,451.97784423828125,91,144,1024,493,1024,576
141360783,0.8675548434257507,159.74160766601562,72.36377716064453,490.9537353515625,970.4772338867188,110,0,541,1018,750,1018
141672078,0.9325813055038452,41.212890625,219.19064331054688,941.2551879882812,470.72918701171875,0,181,1024,509,1024,768
142114437,0.910076379776001,75.23171997070312,236.9271240234375,976.4752197265625,705.1739501953125,0,166,1024,768,1024,768
143703738,0.8896075487136841,50.807891845703125,64.49383544921875,939.270751953125,352.52984619140625,0,21,1024,396,1024,576
144464962,0.7176140546798706,156.18858337402344,124.12960815429688,396.3495788574219,983.9285888671875,120,0,433,1024,517,1024
144592029,0.8156203627586365,278.43206787109375,55.69995880126953,945.3734741210938,266.79180908203125,178,24,1024,299,1024,300
145249426,0.8977785110473633,112.5019760131836,5.42578125,461.4781799316406,923.2467041015625,60,0,514,1024,576,1024
146402775,0.9156048893928528,77.01461791992188,273.08837890625,962.73583984375,510.05401611328125,0,237,1024,546,1024,768
147404406,0.9137513041496277,33.963653564453125,126.19093322753906,1005.00927734375,480.4090881347656,0,73,1024,534,1024,684
147887646,0.9272096753120422,34.92901611328125,221.18991088867188,1016.1592407226562,462.6229248046875,0,184,1024,499,1024,768
148496486,0.5777497887611389,70.46237182617188,36.08111572265625,988.7586669921875,436.68157958984375,0,0,1024,497,1024,528
150904865,0.919907808303833,285.8731384277344,190.06637573242188,591.6754760742188,944.6822509765625,240,76,638,1024,768,1024
153658961,0.6555207371711731,4.041748046875,15.169615745544434,1017.96142578125,530.2361450195312,0,0,1024,524,1024,524
154565344,0.9220744371414185,101.360107421875,162.29483032226562,915.881591796875,578.7264404296875,0,99,1024,642,1024,768
157028909,0.8946813941001892,141.70391845703125,62.909637451171875,410.86700439453125,956.774658203125,101,0,452,1024,576,1024
163500347,0.9115281701087952,228.78964233398438,286.21661376953125,884.160888671875,393.2082824707031,130,270,983,410,1024,682
173710160,0.9229134917259216,249.03497314453125,190.11160278320312,507.00604248046875,905.2462158203125,210,82,546,1013,768,1024
175355229,0.9158700704574585,40.049896240234375,213.9258270263672,960.08984375,566.3209838867188,0,161,1024,620,1024,768
177005507,0.876290500164032,266.5522155761719,305.4097900390625,437.6981201171875,990.328857421875,240,202,464,1024,768,1024
177143825,0.8272008299827576,205.83740234375,395.8852844238281,870.075439453125,539.498779296875,106,374,970,562,1024,768
185998280,0.5532028079032898,174.76634216308594,80.47028350830078,370.5938415527344,665.0333251953125,145,0,371,694,371,694
186041927,0.8857256174087524,203.09371948242188,246.32174682617188,401.8722839355469,764.9654541015625,173,168,432,843,768,1024
186525105,0.9197706580162048,126.6070556640625,262.3370361328125,920.345703125,530.7652587890625,7,222,1024,572,1024,768
186525126,0.9147635102272034,66.23333740234375,216.484619140625,885.2150268554688,748.94873046875,0,136,1009,768,1024,768
187852475,0.6103699207305908,41.568992614746094,-0.397430419921875,501.7837829589844,974.6226806640625,0,0,571,1024,768,1024
193697888,0.6911349892616272,195.28765869140625,128.32395935058594,432.30810546875,617.6707153320312,159,54,468,692,768,1024
194256954,0.9279129505157471,-1.920440673828125,206.7946014404297,997.8895263671875,458.9591064453125,0,168,1024,497,1024,768
196401884,0.8487567901611328,57.77581787109375,124.19115447998047,412.3373718261719,348.1663818359375,4,90,413,364,413,364
196957114,0.6740590929985046,442.549560546875,306.076904296875,614.6383056640625,357.6712646484375,416,298,641,366,1024,683
199103782,0.7896367311477661,10.917020797729492,29.39167594909668,641.4913330078125,465.2538146972656,0,0,651,466,651,466
200375781,0.578324556350708,433.3790588378906,20.877899169921875,590.7916259765625,534.6947021484375,409,0,615,612,768,1024
201062665,0.8934476971626282,240.27532958984375,136.61932373046875,540.4432983398438,937.1720581054688,195,16,586,1024,768,1024
203459726,0.5005502700805664,0.261627197265625,178.94081115722656,768.4007568359375,457.4048156738281,0,137,884,500,1024,576
203463046,0.847800076007843,15.30596923828125,164.2642059326172,832.5369873046875,493.6925964355469,0,114,956,544,1024,645
203698352,0.8925560116767883,112.83938598632812,266.14678955078125,992.7520751953125,626.9449462890625,0,212,1024,659,1024,659
204254664,0.9369244575500488,212.1845703125,155.06752014160156,796.765869140625,375.5881042480469,124,121,885,409,1024,577
207886460,0.6702772974967957,108.79263305664062,4.95953369140625,1004.937255859375,631.2252807617188,0,0,1024,726,1024,1024
209466339,0.5587908029556274,63.5477294921875,395.14947509765625,835.5022583007812,667.7833251953125,0,354,952,709,1024,768
225480841,0.8838810324668884,109.87637329101562,187.9542236328125,524.7977294921875,1024.568603515625,47,62,588,1024,768,1024
226198132,0.42367660999298096,146.63172912597656,-0.733306884765625,601.6729736328125,1021.7158203125,78,0,670,1024,768,1024
231548935,0.8419528603553772,323.1908874511719,-2.401947021484375,716.9444580078125,982.39111328125,264,0,768,1024,768,1024
231773386,0.9046187996864319,43.541595458984375,301.3927917480469,976.843017578125,534.54541015625,0,266,1024,570,1024,768
235023374,0.8515998721122742,44.964202880859375,160.35986328125,966.4903564453125,526.5213623046875,0,105,1024,582,1024,768
236054554,0.8831587433815002,13.149871826171875,29.950307846069336,1016.4683837890625,379.88897705078125,0,0,1024,414,1024,414
241238155,0.9067946076393127,2.372467041015625,250.8760528564453,1018.4652099609375,600.4349365234375,0,198,1024,653,1024,768
243267693,0.6665736436843872,340.3354187011719,335.2720947265625,653.7689208984375,461.1407470703125,293,316,701,481,1024,768
243954412,0.8906667828559875,23.678436279296875,99.13532257080078,1008.994384765625,626.9597778320312,0,19,1024,692,1024,692
244262883,0.9243163466453552,11.427520751953125,294.78619384765625,911.6170654296875,511.855712890625,0,262,1024,545,1024,768
244710826,0.8807373046875,132.97027587890625,62.12274169921875,542.0477905273438,999.5133666992188,71,0,604,1024,768,1024
244860178,0.542950451374054,11.156916618347168,82.20516967773438,275.66326904296875,872.1295166015625,0,0,316,991,576,1024
245893421,0.8510838150978088,300.3853759765625,386.4872741699219,513.73828125,967.2611083984375,268,299,546,1024,768,1024
248744303,0.5479362607002258,445.5298767089844,261.23272705078125,574.9664916992188,729.0328979492188,426,191,595,800,771,1024
253099462,0.846936821937561,45.97918701171875,287.8306884765625,719.0794677734375,485.45953369140625,0,258,821,516,1024,768
253099463,0.896365225315094,101.349365234375,297.1116638183594,922.6690673828125,538.604736328125,0,260,1024,575,1024,768
253099464,0.8037487864494324,170.0447998046875,316.68109130859375,684.6875,481.59027099609375,92,291,762,507,1024,768
253099466,0.8807476758956909,168.52120971679688,326.7959289550781,725.4573974609375,456.98309326171875,84,307,809,477,1024,768
253099467,0.8157162666320801,132.22500610351562,227.51417541503906,795.9395751953125,487.7244873046875,32,188,896,527,1024,768
253099469,0.9171521067619324,128.3824462890625,321.0455322265625,816.8515014648438,538.6229248046875,25,288,921,572,1024,768
253099472,0.9153469204902649,268.9766845703125,309.7968444824219,767.1739501953125,445.5535583496094,194,289,842,466,1024,768
253099479,0.8480924367904663,144.24807739257812,287.8695373535156,728.24755859375,468.80584716796875,56,260,816,496,1024,768
253099482,0.9101943969726562,87.5814208984375,266.05181884765625,869.2382202148438,530.4690551757812,0,226,987,571,1024,768
253099484,0.864304780960083,286.6580810546875,324.24346923828125,669.9124755859375,421.65081787109375,229,309,728,437,1024,768
253099485,0.7077003121376038,220.25462341308594,369.10845947265625,683.6063232421875,503.335205078125,150,348,754,524,1024,768
253099488,0.8993014097213745,386.2738342285156,346.5565185546875,733.630859375,467.76959228515625,334,328,786,486,1024,768
253099489,0.8888868093490601,191.30224609375,307.579345703125,644.9446411132812,487.953125,123,280,713,516,1024,768
253099490,0.8843225836753845,338.63189697265625,319.41387939453125,700.4266967773438,443.27691650390625,284,300,755,462,1024,768
253099491,0.9267071485519409,264.5430908203125,329.2821960449219,788.2869873046875,483.68756103515625,185,306,867,507,1024,768
253352277,0.4697100520133972,2.7021560668945312,5.238433837890625,669.8819580078125,983.369140625,0,0,768,1024,768,1024
254294623,0.9100774526596069,277.9750671386719,97.47708129882812,1025.6214599609375,599.2245483398438,165,22,1024,675,1024,682
254474323,0.679480254650116,248.4912872314453,304.0099792480469,492.5402526855469,932.2431640625,211,209,530,1024,768,1024
255042269,0.4291013181209564,13.93707275390625,73.68440246582031,1000.0853881835938,472.300048828125,0,13,1024,533,1024,538
255127329,0.8723223805427551,6.7646484375,17.543365478515625,688.8773803710938,925.4305419921875,0,0,768,1024,768,1024
255165127,0.517628014087677,260.65789794921875,314.9870300292969,573.2759399414062,387.6643981933594,213,304,621,399,897,673
255837017,0.6415027379989624,28.35418701171875,68.14653015136719,1023.8460083007812,506.3768005371094,0,2,1024,513,1024,513
255837278,0.9125956892967224,4.50250244140625,155.27276611328125,1013.93798828125,484.6961364746094,0,105,1024,535,1024,756
255901870,0.6011701822280884,29.50262451171875,19.54526138305664,951.4647216796875,320.84991455078125,0,0,1024,367,1024,391
256394517,0.691491961479187,11.46868896484375,278.8890380859375,983.0164184570312,518.3434448242188,0,242,1024,555,1024,772
256452723,0.84391850233078,327.37274169921875,307.8666076660156,580.0093383789062,1024.3408203125,289,200,618,1024,768,1024
256772008,0.9008632302284241,39.488922119140625,316.417724609375,927.7611083984375,523.8211669921875,0,285,1024,555,1024,769
257806643,0.46796172857284546,20.526763916015625,128.10398864746094,1023.730224609375,533.0909423828125,0,67,1024,532,1024,532
257807163,0.7613077759742737,11.216033935546875,39.85633850097656,1004.89599609375,533.9517822265625,0,0,1024,599,1024,599
257807336,0.9232598543167114,29.387054443359375,193.28196716308594,1007.9737548828125,541.5228881835938,0,141,1024,594,1024,683
258013103,0.4805957078933716,31.67437744140625,27.2087459564209,254.29913330078125,429.7654724121094,0,0,288,433,1024,433
258388814,0.6622811555862427,249.07537841796875,86.1646499633789,774.8629760742188,611.019775390625,170,7,854,690,1024,768
258390835,0.7256202697753906,145.25469970703125,211.94879150390625,875.13623046875,475.33306884765625,35,172,985,515,1024,768
258913286,0.6503687500953674,-0.437283456325531,0.4183371365070343,256.7122802734375,87.99271392822266,0,0,296,102,706,389
258913364,0.6314907670021057,44.782989501953125,348.5438537597656,568.24853515625,545.2412719726562,0,319,647,575,1024,907
260052095,0.9151301383972168,3.2262496948242188,448.57232666015625,641.21875,640.5104370117188,0,419,737,670,768,1024
260099068,0.8727636337280273,127.86923217773438,242.9398193359375,994.1419677734375,451.6475830078125,0,211,1024,483,1024,693
260136400,0.811217725276947,346.798828125,328.8265380859375,865.2188720703125,457.4323425292969,269,309,943,477,1024,768
260285952,0.9139482378959656,170.44512939453125,158.9527130126953,983.5469360351562,389.7318420410156,48,124,1024,425,1024,578
260285956,0.8972292542457581,122.71682739257812,56.23207473754883,972.8323974609375,440.35687255859375,0,0,1024,498,1024,578
261221063,0.8422838449478149,4.6124267578125,36.127933502197266,843.075439453125,379.2890319824219,0,0,969,431,1024,541
261221086,0.8836550116539001,1.634796142578125,145.74063110351562,1021.7991943359375,511.5364685058594,0,90,1024,515,1024,515
261661445,0.6579915285110474,426.25390625,336.9427490234375,601.33642578125,524.973876953125,399,308,628,554,1024,683
261661448,0.8760233521461487,164.5103759765625,224.73423767089844,693.3054809570312,420.7977600097656,85,195,773,451,1024,683
262356024,0.482340544462204,87.21893310546875,659.9603881835938,357.9051513671875,1020.1969604492188,46,605,399,1024,768,1024
262782884,0.9385256767272949,118.51690673828125,156.9532928466797,990.7055053710938,470.493408203125,0,109,1024,518,1024,639
263595525,0.9089186191558838,338.0876770019531,44.697269439697266,687.842041015625,680.5509643554688,285,0,741,750,1024,750
265908681,0.8993850946426392,-3.1374893188476562,180.40866088867188,660.7435913085938,800.25048828125,0,87,761,894,768,1024
267878192,0.47352686524391174,50.819915771484375,244.99217224121094,942.29345703125,499.8653259277344,0,206,1024,539,1024,683
270804192,0.8529054522514343,60.839935302734375,239.9002685546875,818.14013671875,771.3331909179688,0,160,932,852,1024,1024
272632878,0.6932191252708435,62.888336181640625,171.4331512451172,923.7115478515625,404.98406982421875,0,136,1024,441,1024,571
272995352,0.6916655898094177,22.908166885375977,33.9915771484375,264.8922424316406,1017.266357421875,0,0,302,1024,488,1024
273199654,0.47215691208839417,284.821533203125,22.834808349609375,572.412109375,1021.7928466796875,241,0,616,1024,768,1024
273203107,0.8893598914146423,234.75830078125,214.24252319335938,821.2508544921875,435.9224853515625,146,180,910,470,1024,768
275328620,0.4457823932170868,158.1045684814453,306.17138671875,465.140380859375,633.6104125976562,112,257,512,683,662,715
275435144,0.365011990070343,1.9057655334472656,90.10948944091797,171.5267791748047,506.4630126953125,0,27,197,569,410,729
275440860,0.5780211091041565,-1.4095171689987183,49.46513748168945,739.7483520507812,527.6849365234375,0,0,783,532,783,532
275446834,0.5033315420150757,138.87432861328125,262.41900634765625,312.7057189941406,797.8986206054688,112,182,339,879,791,1024
277127245,0.4904416501522064,197.194091796875,30.183515548706055,640.66943359375,149.5255584716797,130,12,708,168,1024,458
278713685,0.8938210606575012,286.32733154296875,237.62738037109375,514.4686279296875,822.4718627929688,252,149,549,911,768,1024
279411158,0.8975784778594971,14.561492919921875,-0.917057991027832,991.2340087890625,354.75537109375,0,0,1024,409,1024,419
279411300,0.48673561215400696,20.140838623046875,205.08450317382812,987.431640625,477.7081604003906,0,164,1024,519,1024,595
279435647,0.9279165863990784,135.2452392578125,266.94403076171875,1024.93310546875,567.8941650390625,1,221,1024,614,1024,768
279591217,0.5008692145347595,29.568115234375,54.34550476074219,832.3816528320312,572.4903564453125,0,0,953,576,1024,576
280290315,0.8735164403915405,34.767669677734375,87.92040252685547,993.7703857421875,486.19683837890625,0,28,1024,546,1024,593
283860345,0.7885464429855347,167.1179656982422,87.17802429199219,482.7647705078125,767.4736938476562,119,0,531,768,1024,768
283860366,0.9054268002510071,125.59959411621094,128.07327270507812,471.83154296875,765.5650634765625,73,32,524,768,1024,768
285882924,0.7164044380187988,256.98455810546875,184.48899841308594,416.5665588378906,569.1848754882812,233,126,441,627,612,1024
286716089,0.9330219626426697,49.222625732421875,198.1056671142578,931.855224609375,496.2470397949219,0,153,1024,541,1024,676
286719764,0.7828594446182251,203.56814575195312,186.88079833984375,431.26641845703125,763.904541015625,169,100,466,851,768,1024
287208889,0.3839339315891266,200.44737243652344,196.6588897705078,457.164306640625,400.4451599121094,161,166,496,432,1024,616
287208891,0.5286465883255005,397.8229064941406,260.2132873535156,768.8170166015625,459.5652770996094,342,230,825,490,1024,683
289267216,0.9315537810325623,70.67326354980469,350.83172607421875,767.2315673828125,601.2924194335938,0,313,768,639,768,1024
290833631,0.6549491286277771,826.6201171875,180.5946044921875,1022.1942138671875,309.12042236328125,797,161,1024,329,1024,768
291725882,0.8684220314025879,155.79104614257812,93.05978393554688,772.4322509765625,608.4329833984375,63,15,865,686,1024,768
292104838,0.9065712690353394,57.795867919921875,204.31246948242188,1025.736328125,607.1819458007812,0,143,1024,668,1024,768
292563987,0.9291456937789917,2.105438232421875,199.31211853027344,976.2547607421875,541.6969604492188,0,147,1024,594,1024,683
294876167,0.8947182297706604,24.706268310546875,105.03519439697266,1017.765380859375,560.77685546875,0,36,1024,577,1024,577
295662649,0.8326061964035034,326.8746337890625,330.0888671875,521.2063598632812,861.0177001953125,297,250,551,941,768,1024
296950734,0.7467954158782959,405.17974853515625,409.12872314453125,504.55780029296875,735.2620239257812,390,360,520,785,768,1024
298885885,0.7885464429855347,167.1179656982422,87.17802429199219,482.7647705078125,767.4736938476562,119,0,531,768,1024,768
303307023,0.8907344341278076,141.87538146972656,250.88938903808594,373.5758972167969,715.055419921875,107,181,409,785,576,1024
305191842,0.8891853094100952,205.10389709472656,72.08782958984375,496.1208801269531,961.8403930664062,161,0,540,1024,768,1024
305192081,0.9272096753120422,34.92901611328125,221.18991088867188,1016.1592407226562,462.6229248046875,0,184,1024,499,1024,768
306399448,0.6107125878334045,34.778072357177734,235.434814453125,444.63323974609375,831.462158203125,0,146,490,921,490,1024
306703876,0.9001650214195251,271.739013671875,72.2730712890625,525.7088623046875,1019.4229736328125,233,0,564,1024,768,1024
311068313,0.6682481169700623,247.6926727294922,182.43429565429688,445.8865966796875,786.429931640625,217,91,476,878,768,1024
311092176,0.8851243257522583,123.00267028808594,130.50421142578125,330.7828369140625,861.5731811523438,91,20,362,972,576,1024
311351819,0.7835921049118042,40.76428985595703,412.1683349609375,487.4217224121094,531.6046142578125,0,394,555,550,576,1024
311637241,0.7874016761779785,129.708984375,456.3787536621094,714.7855224609375,640.1744384765625,41,428,803,668,1024,682
311886395,0.9425650238990784,33.833892822265625,268.1137390136719,819.23974609375,553.3214111328125,0,225,938,597,1024,768
312821477,0.881436824798584,1.908738374710083,549.7568359375,563.589111328125,962.3282470703125,0,487,648,1024,697,1024
313807143,0.8845052719116211,243.45205688476562,267.7872619628906,453.2622985839844,902.3038330078125,211,172,485,998,768,1024
313824927,0.9021191000938416,222.36300659179688,1.7366943359375,528.3335571289062,987.0361938476562,176,0,575,1024,768,1024
314516000,0.8989899158477783,93.87883758544922,355.0826110839844,858.489501953125,663.4044189453125,0,308,860,710,860,1024
314939505,0.8120908141136169,135.88470458984375,67.83769226074219,906.3367309570312,445.8078918457031,20,11,1022,503,1024,559
316436017,0.4666840136051178,180.65785217285156,89.20944213867188,643.897705078125,956.1304931640625,111,0,714,1024,751,1024
317718927,0.86075758934021,38.9093017578125,156.6346893310547,998.313720703125,408.8391418457031,0,118,1024,447,1024,576
318165958,0.8500231504440308,136.2537078857422,126.95073699951172,383.49273681640625,208.5768280029297,99,114,421,221,544,354
318717435,0.8852005004882812,1.70953369140625,223.56800842285156,926.2625122070312,516.592529296875,0,179,1024,561,1024,683
318717436,0.7367185354232788,355.17987060546875,18.98222541809082,627.4446411132812,603.593994140625,314,0,669,683,1024,683
318717606,0.8911046385765076,104.36044311523438,150.92788696289062,875.7408447265625,519.1268310546875,0,95,992,575,1024,683
321451877,0.8406575322151184,90.99468994140625,83.08590698242188,892.1722412109375,631.8931274414062,0,0,1013,715,1024,758
322506620,0.9264497756958008,83.98506164550781,127.37047576904297,750.5618286132812,344.45953369140625,0,94,851,378,900,506
322509811,0.8534486293792725,324.3630065917969,5.702342987060547,573.4273071289062,554.6195678710938,287,0,611,637,900,675
322510048,0.9194335341453552,30.9150333404541,245.416259765625,861.6221313476562,534.1754760742188,0,202,900,578,900,847
323492738,0.8195294141769409,147.40631103515625,203.98931884765625,933.7545776367188,427.33160400390625,29,170,1024,461,1024,683
323830598,0.8565731048583984,252.68162536621094,1.777679443359375,598.2788696289062,863.8077392578125,200,0,651,994,683,1024
324115896,0.6471530795097351,86.57299041748047,283.5115966796875,421.66796875,463.6799011230469,36,256,472,491,849,666
325872796,0.5561698079109192,149.22897338867188,352.5635986328125,649.537841796875,474.0438537597656,74,334,725,493,1024,768
325872798,0.7319019436836243,262.3555603027344,282.28814697265625,605.81494140625,522.745849609375,210,246,658,559,1024,768
325872885,0.46352702379226685,21.637344360351562,91.99697875976562,518.452880859375,363.89874267578125,0,51,593,405,1024,768
328603447,0.9153119325637817,59.41351318359375,45.85448455810547,927.811279296875,382.0366516113281,0,0,1024,433,1024,473
329849087,0.8674253821372986,121.8050308227539,273.87335205078125,765.76806640625,906.6956176757812,25,178,768,1002,768,1024
332268650,0.8880718946456909,250.93997192382812,250.39288330078125,460.1993408203125,825.9432983398438,219,164,492,913,768,1024
332520043,0.8356627225875854,41.06714630126953,365.6753845214844,719.6438598632812,591.9434814453125,0,331,768,626,768,1024
334334894,0.910284161567688,156.70791625976562,142.123779296875,611.5458984375,828.2651977539062,88,39,680,932,768,1024
334692477,0.8961327075958252,294.92584228515625,398.63079833984375,489.607666015625,885.9804077148438,265,325,519,960,768,1024
334817711,0.652925431728363,389.1844787597656,244.51266479492188,835.4066162109375,597.151123046875,322,191,903,651,1024,768
336058349,0.5768775939941406,327.1293640136719,248.61073303222656,549.3824462890625,711.4150390625,293,179,583,781,1024,891
336065310,0.7047328352928162,341.6427307128906,451.3034973144531,468.1890869140625,678.1646728515625,322,417,488,713,768,1024
337625285,0.6050681471824646,102.48391723632812,268.212890625,828.62255859375,578.552001953125,0,221,938,626,1024,768
338693011,0.5734299421310425,370.7732238769531,331.6271057128906,610.8015747070312,418.0720520019531,334,318,647,432,768,1024
340329325,0.6199759840965271,136.47158813476562,310.9056701660156,1018.1904296875,511.0333557128906,4,280,1024,542,1024,768
342521630,0.8879254460334778,55.12066650390625,175.25315856933594,962.095458984375,449.9901428222656,0,134,1024,474,1024,474
343023555,0.8912485837936401,230.27993774414062,208.59983825683594,880.01220703125,523.1931762695312,132,161,978,571,1024,768
343396535,0.9232220649719238,133.33026123046875,149.50498962402344,1003.1875610351562,482.8092956542969,2,99,1024,533,1024,768
343770123,0.7769975066184998,96.89778900146484,412.8409118652344,763.8612670898438,599.9522094726562,0,384,768,629,768,1024
344411553,0.5144476890563965,320.1123046875,168.22019958496094,664.05322265625,591.8793334960938,268,104,716,656,1024,683
344644359,0.8772180080413818,59.08551025390625,129.74453735351562,469.4684143066406,920.926513671875,0,11,471,1024,471,1024
344994899,0.9114341139793396,139.25811767578125,272.2325439453125,899.3837280273438,523.284423828125,25,234,1014,561,1024,768
346206354,0.9097608327865601,220.25564575195312,139.37353515625,579.1412353515625,974.178955078125,166,14,633,1024,768,1024
347508279,0.6082991361618042,11.311796188354492,-0.294036865234375,358.23297119140625,1018.03662109375,0,0,411,1024,610,1024
347804750,0.9180868268013,153.367431640625,54.186248779296875,507.69085693359375,903.77490234375,100,0,561,1024,768,1024
348904533,0.8996511101722717,28.397369384765625,85.53913879394531,872.181396484375,548.9569091796875,0,16,999,619,1024,768
350814013,0.3854059875011444,96.44808959960938,485.25177001953125,912.5548095703125,701.317138671875,0,452,1024,734,1024,768
351480354,0.8060702681541443,37.082611083984375,288.5570068359375,904.654541015625,572.270751953125,0,245,1024,615,1024,695
351666553,0.8955729603767395,239.8167724609375,80.66201782226562,578.5382080078125,979.7740478515625,189,0,630,1024,768,1024
361970145,0.8681924343109131,238.25843811035156,246.88018798828125,525.8939208984375,982.1546020507812,195,136,570,1024,768,1024
363878854,0.9128067493438721,110.68255615234375,153.84385681152344,915.4943237304688,348.6357116699219,0,124,1024,378,1024,563
364621914,0.44130295515060425,129.092529296875,402.91070556640625,768.0101318359375,705.1463012695312,33,357,768,751,768,1024
365572414,0.9233136177062988,74.33294677734375,262.23736572265625,852.9273681640625,491.67852783203125,0,227,970,527,1024,768
366992545,0.37414270639419556,-1.33062744140625,309.8524475097656,886.7815551757812,562.2039794921875,0,271,1020,601,1024,768
367637743,0.4609162211418152,511.94439697265625,102.3480224609375,697.82373046875,584.8778686523438,484,29,726,658,768,1024
368964143,0.8930123448371887,65.29312133789062,138.58314514160156,1017.1240234375,627.701171875,0,65,1024,702,1024,768
370045604,0.7071700096130371,272.4693908691406,182.57803344726562,489.9485778808594,588.6284790039062,239,121,523,650,1024,683
371527052,0.4263538420200348,89.45304870605469,147.65928649902344,392.1679992675781,520.1270141601562,44,91,438,576,576,1024
373210175,0.8710424900054932,137.57589721679688,360.8580322265625,299.6231384277344,817.3775634765625,113,292,324,886,768,1024
373889541,0.7923926711082458,290.52496337890625,167.42691040039062,529.230712890625,889.9586181640625,254,59,566,999,768,1024
373889578,0.9049515724182129,291.0436096191406,218.37417602539062,500.56036376953125,815.4783935546875,259,128,532,906,768,1024
377612756,0.7095893025398254,86.59823608398438,470.22662353515625,571.2925415039062,696.4774780273438,13,436,576,731,576,1024
378049462,0.8941646814346313,76.65325927734375,236.84156799316406,971.8798217773438,537.9730834960938,0,191,1024,584,1024,768
379932089,0.800687313079834,228.34628295898438,258.165771484375,909.1055908203125,411.365478515625,126,235,1012,435,1024,768
381376385,0.720438539981842,53.12799072265625,87.65747833251953,704.1502685546875,270.14703369140625,0,60,802,298,1024,683
382105099,0.8833613395690918,232.6450653076172,335.576171875,473.93975830078125,906.1112060546875,196,249,511,992,768,1024
382522228,0.8771241903305054,173.954833984375,226.62588500976562,931.3651123046875,424.2674560546875,60,196,1024,454,1024,768
382876461,0.8223872184753418,583.735107421875,288.296630859375,849.1732177734375,373.47381591796875,543,275,889,387,1024,683
385918407,0.6160195469856262,177.51614379882812,57.0167236328125,511.97607421875,903.383056640625,127,0,563,1024,768,1024
392467630,0.9073542356491089,129.75088500976562,210.93572998046875,807.9798583984375,544.494384765625,28,160,910,576,1024,576
394645993,0.8914949297904968,45.62131881713867,95.93319702148438,753.9212036132812,886.5299072265625,0,0,807,1006,807,1024
397737646,0.6384304761886597,316.06524658203125,312.1857604980469,718.4608764648438,386.0686340332031,255,301,779,398,1024,768
399814629,0.5250930190086365,626.2374267578125,115.68848419189453,708.4788208007812,188.65945434570312,613,104,711,200,711,533
403505492,0.48061126470565796,184.9980926513672,392.26593017578125,262.38812255859375,422.91357421875,173,387,274,428,576,1024
404901478,0.6154870986938477,412.7078857421875,692.16796875,570.0242919921875,792.6817626953125,389,677,594,808,768,1024
405983791,0.5410087704658508,86.52899169921875,265.3426513671875,377.50555419921875,374.5849609375,42,248,422,391,1024,768
406258416,0.8988475203514099,142.70599365234375,275.95843505859375,610.74169921875,777.2775268554688,72,200,681,853,768,1024
2315004,0.6824935078620911,20.43239974975586,167.1909637451172,596.9453125,358.8198547363281,0,138,684,388,800,534
4639196,0.807503342628479,104.68868255615234,224.11593627929688,696.8302612304688,401.982421875,15,197,786,429,900,506
9573665,0.43021300435066223,311.0638427734375,143.17330932617188,844.998779296875,589.7999267578125,230,76,926,657,1024,768
13763977,0.7881045341491699,286.2937316894531,212.0133514404297,729.8515625,324.6180725097656,219,195,797,342,1024,498
14227613,0.7377340793609619,131.85171508789062,118.4835205078125,791.6422119140625,269.91046142578125,32,95,891,293,1024,576
16203309,0.8084149360656738,285.92877197265625,213.82998657226562,730.3306274414062,324.5826721191406,219,197,797,342,1024,498
16416617,0.5717338919639587,399.72674560546875,200.9741668701172,895.0083618164062,326.0942077636719,325,182,970,345,1024,576
16588863,0.4223421514034271,245.7167205810547,223.25296020507812,611.9689331054688,423.3988952636719,190,193,667,454,1024,498
16588866,0.5467010736465454,-3.294708251953125,-0.2834737300872803,659.8858642578125,305.49737548828125,0,0,760,352,1024,498
24502829,0.8380963802337646,235.30511474609375,148.7245635986328,708.4719848632812,368.0887451171875,164,115,780,401,1024,439
24502830,0.41446420550346375,439.5247802734375,99.45724487304688,706.63671875,286.4870910644531,399,71,747,315,1024,439
24582191,0.7608182430267334,356.516357421875,123.4817123413086,721.68017578125,374.5639343261719,301,85,777,413,1024,439
24986284,0.5681691765785217,191.7308349609375,45.27328872680664,553.9571533203125,365.16668701171875,137,0,609,414,1024,439
24986287,0.40398964285850525,178.66580200195312,17.26721954345703,1020.0281982421875,430.852294921875,52,0,1024,439,1024,439
25675615,0.566712498664856,300.18389892578125,125.73603820800781,768.4378051757812,242.7042999267578,229,108,839,261,1024,498
26000618,0.382956326007843,356.07586669921875,222.54721069335938,574.669677734375,365.6541442871094,323,201,608,388,1024,439
26387075,0.5772325396537781,187.8480682373047,166.5115966796875,330.491455078125,793.645751953125,166,72,352,888,498,1024
26488628,0.8133485913276672,84.81825256347656,260.3292541503906,606.8095703125,576.99462890625,6,212,686,625,768,1024
26672620,0.7279784679412842,186.97256469726562,3.149026393890381,898.7572021484375,349.18359375,80,0,1006,402,1024,439
28058066,0.7257170081138611,135.00439453125,266.9739074707031,728.59375,519.930419921875,45,229,818,558,1024,801
28662698,0.6811853647232056,233.6879119873047,185.85044860839844,625.560546875,333.9919738769531,174,163,685,357,1024,498
28712927,0.7854090929031372,33.037506103515625,279.045166015625,1006.0772705078125,662.9541015625,0,221,1024,721,1024,768
28734839,0.43105795979499817,197.37791442871094,155.55545043945312,565.5042724609375,299.1585998535156,142,134,621,321,1024,439
32685637,0.7889538407325745,458.8326416015625,150.2010040283203,604.0838623046875,739.7091674804688,437,61,626,768,1024,768
37019098,0.35812726616859436,271.65606689453125,54.47072982788086,796.0075073242188,719.8051147460938,193,0,875,820,1024,942
39185469,0.4144109785556793,396.0491943359375,114.0047378540039,723.814208984375,446.20294189453125,346,64,773,497,1024,768
43319618,0.30881184339523315,349.8015441894531,176.16053771972656,738.6298828125,285.8648681640625,291,159,797,303,1024,498
47242947,0.4403820037841797,101.93639373779297,419.684326171875,386.577392578125,619.981689453125,59,389,430,651,576,1024
48229924,0.8635499477386475,220.08685302734375,-0.8824047446250916,849.9326782226562,298.3807067871094,125,0,945,344,1024,498
55883770,0.5353246331214905,-0.11627197265625,515.6447143554688,927.2122802734375,631.7409057617188,0,498,1024,650,1024,768
55895607,0.873060405254364,3.522552490234375,183.3299102783203,886.9742431640625,576.8719482421875,0,124,1020,636,1024,768
56511516,0.4804370105266571,120.90054321289062,142.62301635742188,988.166259765625,620.7398071289062,0,70,1024,693,1024,768
61486404,0.4584159851074219,226.81320190429688,362.4018249511719,605.2860717773438,894.311767578125,170,282,663,975,768,1024
62503588,0.8543652892112732,3.014190673828125,241.51553344726562,881.6146240234375,766.8272705078125,0,162,1014,768,1024,768
64153422,0.8473196029663086,1.394134521484375,204.79934692382812,827.6336669921875,522.1419677734375,0,157,952,570,1024,768
76069299,0.3111681640148163,285.13824462890625,329.3734130859375,744.0875854492188,519.3441162109375,216,300,813,548,1024,768
76082828,0.5592971444129944,-2.0145950317382812,346.8949279785156,543.6696166992188,543.22314453125,0,317,626,573,768,1024
77640259,0.5751262307167053,127.45791625976562,149.90223693847656,838.6995849609375,516.2454223632812,20,94,946,572,1024,768
83276916,0.8733628392219543,215.3241729736328,237.23524475097656,660.2180786132812,659.9830932617188,148,173,727,682,1024,682
83380213,0.7668624520301819,184.01751708984375,236.01358032226562,636.7938232421875,738.89013671875,116,160,705,815,768,1024
84828304,0.768883228302002,133.8380126953125,248.16905212402344,1021.869140625,507.0648193359375,0,209,1024,546,1024,686
95639347,0.6456479430198669,392.8446044921875,59.33173370361328,723.526611328125,544.9625244140625,343,0,774,618,1024,768
102156216,0.7775654792785645,191.03411865234375,159.6393585205078,954.9332885742188,558.5034790039062,76,99,1024,619,1024,768
102236344,0.7157965898513794,163.7161407470703,121.33432006835938,349.6722106933594,783.874755859375,135,21,378,884,575,1024
105603137,0.5989755392074585,234.4581756591797,277.9372863769531,514.3101196289062,766.1378173828125,192,204,557,840,819,1024
106160806,0.7922086119651794,320.741943359375,245.05235290527344,631.9700927734375,681.8275756835938,274,179,679,684,1024,684
109799850,0.397215873003006,121.68299865722656,0.9053428173065186,845.4884033203125,286.2610168457031,13,0,848,330,848,798
110814383,0.4364115297794342,196.869384765625,2.1535263061523438,1018.2236328125,762.3352661132812,73,0,1024,768,1024,768
112853210,0.8449991941452026,468.93267822265625,225.81373596191406,583.8034057617188,556.8551635742188,451,176,602,607,1024,683
120453370,0.39257994294166565,-1.855560302734375,121.46806335449219,920.1932373046875,515.5743408203125,0,62,1024,575,1024,619
120768300,0.625760018825531,452.3885498046875,-1.42852783203125,748.6419677734375,938.479248046875,407,0,794,1024,1024,1024
122944149,0.6604036688804626,57.76202392578125,32.774444580078125,485.7506103515625,963.3857421875,0,0,550,1024,574,1024
126976988,0.4084208905696869,529.2958984375,802.2437744140625,576.0460815429688,831.689208984375,522,797,584,837,768,1024
127095963,0.6709795594215393,103.39410400390625,341.9083557128906,929.7960815429688,557.79443359375,0,309,1024,591,1024,768
127651669,0.7934615015983582,95.92959594726562,50.903045654296875,751.433837890625,693.466552734375,0,0,850,768,1024,768
129539276,0.6623257994651794,89.99227905273438,380.6278076171875,518.8961181640625,612.6243286132812,25,345,576,648,576,1024
129961285,0.40074723958969116,95.46661376953125,69.6523208618164,863.8890991210938,681.9378051757812,0,0,980,683,1024,683
130269020,0.39791280031204224,244.78338623046875,249.92327880859375,505.0157775878906,880.8256225585938,205,155,545,976,768,1024
135126126,0.2642287611961365,167.6401824951172,148.16497802734375,386.5958251953125,333.69830322265625,134,120,420,362,723,839
136391221,0.8040547370910645,389.7677917480469,271.1298828125,674.952392578125,421.6642150878906,346,248,718,445,1024,683
137474688,0.8232197761535645,194.67019653320312,23.38300323486328,939.11376953125,528.127197265625,83,0,1024,604,1024,768
137682317,0.825057327747345,206.07321166992188,167.28713989257812,590.0083618164062,881.375,148,60,648,989,871,1024
138471803,0.7140690088272095,103.76225280761719,4.35272216796875,761.7508544921875,606.7996215820312,5,0,768,698,768,1024
139504658,0.4163188338279724,227.78909301757812,183.37791442871094,796.9102783203125,548.9248046875,142,128,883,604,1024,768
140234229,0.4278388023376465,225.11642456054688,384.07781982421875,766.3890380859375,974.5062866210938,143,295,768,1024,768,1024
142124873,0.5115260481834412,298.9627685546875,416.652099609375,550.3292846679688,854.7926025390625,261,350,589,921,768,1024
142155683,0.7617612481117249,219.32855224609375,101.58395385742188,697.6223754882812,975.5452880859375,147,0,770,1024,974,1024
143861148,0.7530925869941711,425.38922119140625,1.2806413173675537,745.7477416992188,357.712646484375,377,0,794,412,1024,461
143861867,0.5387862920761108,187.86199951171875,343.75042724609375,317.19805908203125,653.509521484375,168,297,337,700,461,1024
148317608,0.4625781178474426,443.9753112792969,110.77226257324219,894.12548828125,478.26605224609375,376,55,962,534,1024,683
150119412,0.8748553991317749,437.2972412109375,158.9698486328125,1024.0643310546875,386.13482666015625,349,124,1024,421,1024,768
150591992,0.6399574875831604,159.58090209960938,402.1222229003906,947.3369140625,499.92498779296875,41,387,1024,515,1024,768
154304880,0.8284156322479248,121.99154663085938,360.1722412109375,654.6497802734375,795.12744140625,42,294,735,861,768,1024
154502112,0.8658221364021301,198.45004272460938,291.40966796875,1017.29931640625,416.9761047363281,75,272,1024,436,1024,768
154502138,0.5925126671791077,0.16362404823303223,245.80743408203125,418.5023498535156,649.3073120117188,0,185,482,710,618,1024
154824975,0.5736842155456543,3.3014373779296875,5.060516357421875,758.9625244140625,970.4964599609375,0,0,768,1024,768,1024
159057988,0.6089934706687927,727.2979736328125,566.6455078125,910.2232666015625,663.65771484375,699,552,938,679,1024,768
161459383,0.39530155062675476,434.64697265625,172.65504455566406,912.497314453125,678.5950927734375,362,96,985,683,1024,683
163248092,0.8954808115959167,169.07131958007812,199.1264190673828,1018.7318115234375,713.5011596679688,41,121,1024,768,1024,768
165124793,0.6850335597991943,-0.136322021484375,222.43496704101562,660.1119995117188,802.47265625,0,135,760,890,768,1024
165851307,0.6032581329345703,98.2351303100586,23.677825927734375,492.19287109375,908.603271484375,39,0,552,1024,576,1024
166732611,0.49030405282974243,59.83054733276367,369.26220703125,509.9211120605469,840.114013671875,0,298,576,911,576,1024
167734643,0.43208619952201843,301.0092468261719,205.40869140625,668.188232421875,409.48883056640625,245,174,724,441,768,1024
170418836,0.6032783389091492,228.22659301757812,260.2694091796875,665.521728515625,655.0883178710938,162,201,732,715,768,1024
170418838,0.6356458067893982,235.84552001953125,333.7496337890625,761.0577392578125,658.710693359375,157,285,768,708,768,1024
170778060,0.7219735383987427,229.0390625,244.50930786132812,501.23077392578125,744.346923828125,188,169,543,820,766,1024
172134432,0.8733701705932617,414.732666015625,168.3697967529297,1022.313232421875,613.0955200195312,323,101,1024,680,1024,683
172498009,0.444362998008728,1.081146240234375,242.45660400390625,716.1296997070312,867.7598266601562,0,148,768,962,768,1024
175340483,0.6956263184547424,69.39625549316406,139.44314575195312,315.9935302734375,694.861572265625,32,56,353,779,473,1024
175761415,0.8753243684768677,312.8782958984375,148.19354248046875,784.427490234375,764.7738037109375,242,55,856,768,1024,768
178170593,0.42756032943725586,404.94970703125,332.811767578125,626.2384033203125,409.9193115234375,371,321,660,422,1024,768
178801009,0.5564321279525757,390.4131164550781,2.4323272705078125,978.912353515625,484.0434265136719,302,0,1024,557,1024,768
181296757,0.7862952351570129,255.47845458984375,393.067138671875,1025.12890625,684.6561279296875,140,349,1024,729,1024,768
181485801,0.8530501127243042,282.1134338378906,245.09475708007812,434.8673400878906,549.05859375,259,199,458,595,768,1024
181689254,0.820435643196106,238.25030517578125,131.8187255859375,854.4961547851562,592.161376953125,145,62,947,662,1024,768
182263995,0.5557445287704468,408.56195068359375,255.1217041015625,868.7040405273438,577.4751586914062,339,206,938,626,1024,684
184733825,0.4865400493144989,382.1482238769531,149.60186767578125,1000.535400390625,764.3347778320312,289,57,1024,768,1024,768
189786197,0.4544655978679657,3.300994873046875,-1.3129780292510986,713.9556884765625,280.8915100097656,0,0,821,324,1024,683
190118856,0.4652477204799652,0.10907480120658875,11.029903411865234,247.3135986328125,311.8420715332031,0,0,285,313,397,313
190120759,0.5336315631866455,73.00789642333984,366.737548828125,471.1511535644531,605.2896728515625,13,330,473,642,473,1024
190221718,0.5846162438392639,370.3998718261719,341.5799255371094,653.1435546875,479.2393798828125,327,320,696,500,1024,683
191671243,0.6409409642219543,166.204345703125,290.9802551269531,877.2027587890625,764.5054931640625,59,219,984,768,1024,768
193678922,0.41920867562294006,-0.4578094482421875,482.44122314453125,438.61334228515625,553.4806518554688,0,471,505,565,768,1024
193803001,0.579142153263092,351.1226806640625,266.14825439453125,932.85546875,765.2089233398438,263,191,1021,768,1024,768
194505675,0.8399103283882141,71.57281494140625,218.55592346191406,984.3829956054688,490.9544982910156,0,177,1024,532,1024,683
195441307,0.29151129722595215,292.7846374511719,1.1685580015182495,1029.5672607421875,423.9653625488281,182,0,1024,488,1024,684
195453090,0.5609903931617737,-0.00863957405090332,0.606658935546875,770.6626586914062,1024.36962890625,0,0,771,1024,771,1024
196489791,0.5153545141220093,191.3577117919922,320.330322265625,818.0807495117188,728.388427734375,97,259,823,790,823,1024
200576714,0.5588874816894531,192.9107666015625,504.65771484375,547.5414428710938,761.5927734375,139,466,601,801,768,1024
201740150,0.8764626979827881,1.1065673828125,291.9068908691406,829.84765625,683.161865234375,0,233,955,742,1024,1024
204106569,0.8717501759529114,93.263916015625,277.40557861328125,1021.904296875,382.55621337890625,0,261,1024,399,1024,683
204548120,0.7746628522872925,62.811588287353516,462.18597412109375,649.4860229492188,664.6973266601562,0,431,738,696,771,1024
208154556,0.39847201108932495,116.85204315185547,611.32958984375,169.7821502685547,750.9024658203125,108,590,178,772,473,1024
208441734,0.36587104201316833,9.876953125,145.39987182617188,1017.92138671875,681.1285400390625,0,65,1024,762,1024,768
215238624,0.6884100437164307,182.357177734375,157.451416015625,890.72119140625,619.325439453125,76,88,997,684,1024,684
218326754,0.7084643840789795,175.31736755371094,213.90927124023438,441.0525207519531,1019.868408203125,135,93,481,1024,576,1024
219322028,0.43745777010917664,510.6993713378906,267.6521301269531,644.6575927734375,392.4866943359375,490,248,665,412,1024,768
219936903,0.5204792022705078,115.41867065429688,264.1216125488281,952.351318359375,647.4215087890625,0,206,1024,705,1024,781
221765198,0.8167068362236023,259.7584228515625,446.8846435546875,411.25079345703125,692.2281494140625,237,410,434,730,768,1024
221972610,0.4931589365005493,277.689453125,41.46459197998047,656.3158569335938,573.6679077148438,220,0,714,654,1024,683
222183593,0.7053700089454651,11.052764892578125,-3.947462797164917,922.9764404296875,509.02081298828125,0,0,1024,586,1024,683
223417526,0.5752633810043335,266.0406799316406,81.76544952392578,1029.432861328125,459.35369873046875,151,25,1024,516,1024,683
226345226,0.8095479011535645,243.603515625,199.1827392578125,978.980712890625,763.2791748046875,133,114,1024,768,1024,768
227701321,0.8179111480712891,5.566802978515625,58.67961502075195,919.376953125,329.5542297363281,0,18,1024,371,1024,467
228131630,0.5348578691482544,155.98260498046875,277.4927673339844,950.7625122070312,532.8870849609375,36,239,1024,572,1024,768
228181470,0.462632954120636,167.98980712890625,245.61106872558594,653.04736328125,653.2326049804688,95,184,726,715,768,1024
229088409,0.48293712735176086,0.45417022705078125,1.488922119140625,767.0894165039062,1024.64453125,0,0,768,1024,768,1024
230437917,0.5553431510925293,16.092803955078125,2.6762008666992188,996.141357421875,727.2152099609375,0,0,1024,768,1024,768
233504656,0.7527844905853271,117.81999969482422,248.54031372070312,306.6288757324219,540.0433349609375,89,204,335,584,473,1024
234671604,0.2582925260066986,-0.07358551025390625,4.31390380859375,767.8824462890625,1028.3037109375,0,0,768,1024,768,1024
235366507,0.6156954765319824,450.09930419921875,518.7744750976562,700.0188598632812,787.4732055664062,412,478,738,828,768,1024
235732347,0.41426974534988403,147.91262817382812,512.0316772460938,696.467041015625,603.3547973632812,65,498,768,618,768,1024
235749359,0.5885274410247803,13.69384765625,235.0382537841797,763.239013671875,763.6414794921875,0,155,876,768,1024,768
235892346,0.39996880292892456,496.42132568359375,220.83470153808594,654.0437622070312,530.2339477539062,472,174,678,577,1024,690
236495220,0.4013960063457489,246.77047729492188,353.8938903808594,791.052001953125,764.956787109375,165,292,873,768,1024,768
236695121,0.6908583045005798,255.67767333984375,429.3426208496094,619.77197265625,984.0206298828125,201,346,675,1024,768,1024
239065555,0.4394962191581726,369.33966064453125,247.36282348632812,676.1375122070312,700.4849853515625,323,179,723,768,1024,768
241058711,0.6506506204605103,92.21957397460938,32.755157470703125,927.740966796875,573.6495361328125,0,0,1024,615,1024,615
241069962,0.49439921975135803,236.47293090820312,338.22576904296875,813.01708984375,599.6327514648438,149,299,900,639,1024,768
241522379,0.6427251100540161,83.17861938476562,74.45909118652344,942.12890625,517.8268432617188,0,7,1024,585,1024,640
242217337,0.6042292714118958,72.84634399414062,158.63186645507812,884.6702880859375,465.824462890625,0,112,1007,512,1024,768
242744298,0.5804479122161865,61.38835525512695,126.53750610351562,795.968017578125,993.624267578125,0,0,907,1024,993,1024
244098249,0.7506856322288513,19.645233154296875,204.86805725097656,991.9766845703125,340.5797424316406,0,184,1024,361,1024,768
244926840,0.6378774046897888,196.6168212890625,157.1763153076172,1024.21044921875,648.9083251953125,72,83,1024,723,1024,768
244934172,0.8195602297782898,40.77789306640625,249.16943359375,776.1341552734375,465.1187438964844,0,216,887,498,1024,768
245395296,0.7280193567276001,0.5515365600585938,232.20448303222656,477.094482421875,586.9444580078125,0,178,549,641,768,1024
245771199,0.4265046715736389,158.7841796875,107.99639892578125,808.996337890625,411.3452453613281,61,62,907,457,1024,577
246597557,0.7856309413909912,177.88827514648438,121.5308837890625,471.1474304199219,637.4716186523438,133,44,473,715,473,1024
247806523,0.8988803029060364,64.21051025390625,274.1357421875,918.2171020507812,459.5995178222656,0,246,1024,488,1024,771
248865533,0.8003338575363159,231.8665008544922,191.40740966796875,489.12445068359375,618.1323852539062,193,127,528,683,768,1024
249574424,0.479408323764801,-5.468017578125,238.44639587402344,993.5773315429688,640.6236572265625,0,178,1024,683,1024,683
250066430,0.7745376825332642,45.553070068359375,83.69082641601562,972.17138671875,276.68255615234375,0,54,1024,306,1024,441
250235845,0.5193963646888733,230.63128662109375,359.5428466796875,641.6007080078125,611.8759155273438,168,321,704,650,768,1024
251113891,0.7796704769134521,229.61819458007812,375.1722412109375,766.6729736328125,628.8988647460938,149,337,768,667,768,1024
253851898,0.569468080997467,309.80078125,13.152130126953125,512.8814697265625,845.8363037109375,279,0,544,971,768,1024
255690787,0.6443156003952026,241.29945373535156,213.64010620117188,534.2857055664062,286.94525146484375,197,202,579,298,768,1024
256271312,0.4117586016654968,310.0796813964844,268.5755920410156,663.330322265625,444.73284912109375,257,242,717,472,1024,683
256742687,0.4112006425857544,388.59576416015625,103.1340560913086,1024.727783203125,622.646484375,293,25,1024,701,1024,732
257059065,0.8495963215827942,78.88626098632812,238.42129516601562,942.7999267578125,363.2489013671875,0,219,1024,382,1024,768
257802848,0.7676194310188293,147.55618286132812,18.6944580078125,914.6636962890625,983.90869140625,32,0,1024,1024,1024,1024
257888262,0.4460093379020691,426.4569091796875,406.561767578125,639.1290283203125,562.1798095703125,394,383,672,586,1024,684
257965486,0.8386361002922058,154.28289794921875,430.0190734863281,573.8897705078125,827.78271484375,91,370,576,888,576,1024
259322658,0.46244388818740845,-1.7218780517578125,166.6524200439453,289.36151123046875,622.1925048828125,0,98,334,683,1024,683
259907093,0.3287055492401123,344.39361572265625,552.4389038085938,509.3359375,789.1900024414062,319,516,535,825,768,1024
259989221,0.7918773889541626,225.10084533691406,81.08203125,503.69805908203125,612.584228515625,183,1,546,693,768,1024
260853936,0.37891885638237,173.63363647460938,117.39102172851562,595.1366577148438,969.3145751953125,110,0,659,1024,683,1024
261521802,0.7961643934249878,197.92352294921875,290.4656677246094,610.558837890625,677.4365234375,136,232,673,736,768,1024
261685422,0.5505767464637756,0.4830322265625,0.439727783203125,1022.9027099609375,768.1781005859375,0,0,1024,768,1024,768
261727407,0.6723657250404358,409.0661315917969,387.8841247558594,738.610595703125,543.3857421875,359,364,768,567,768,1024
261787153,0.4692062437534332,106.09027099609375,106.73361206054688,884.4146118164062,945.454345703125,0,0,1002,1024,1024,1024
261934482,0.7641343474388123,218.5295867919922,95.11578369140625,681.1491088867188,548.0686645507812,149,27,751,617,1024,768
264100394,0.34848088026046753,55.0068359375,126.671630859375,1018.0936279296875,764.4891357421875,0,30,1024,768,1024,768
264283697,0.4229559004306793,139.83322143554688,260.79779052734375,344.3628845214844,756.6299438476562,109,186,376,832,469,1024
266801359,0.7629242539405823,342.4292907714844,116.40648651123047,637.299072265625,660.1632080078125,298,34,682,742,1024,768
269013971,0.4578598737716675,152.57806396484375,88.80656433105469,941.0648803710938,576.7654418945312,34,15,1024,650,1024,682
271974185,0.4700973927974701,343.41461181640625,463.066162109375,457.65203857421875,591.702880859375,326,443,475,611,1024,768
272668804,0.4460550844669342,169.36102294921875,283.10015869140625,692.728271484375,721.3971557617188,90,217,768,788,768,1024
277274751,0.4737304747104645,224.1649932861328,163.04795837402344,701.3165283203125,385.6401062011719,152,129,773,420,1024,576
278267985,0.8488909602165222,1.215545654296875,500.65087890625,663.9600830078125,796.0648193359375,0,456,764,841,768,1024
280369489,0.49428433179855347,248.08779907226562,514.9791259765625,418.61798095703125,771.82763671875,222,476,445,811,768,1024
281451321,0.6465662717819214,140.599365234375,335.6419677734375,843.4270629882812,459.8372497558594,35,317,949,479,1024,768
284831523,0.7847891449928284,111.10137939453125,198.56619262695312,820.6517333984375,544.6544189453125,4,146,928,597,1024,682
285567237,0.5105087161064148,682.2877807617188,-0.17535781860351562,1023.0232543945312,280.9461669921875,631,0,1024,324,1024,768
285623895,0.5953143835067749,228.46678161621094,199.1437530517578,658.9183959960938,524.112548828125,163,150,724,573,1024,683
285751597,0.6576887369155884,385.609619140625,101.9063720703125,630.164794921875,1005.49365234375,348,0,667,1024,891,1024
286741964,0.43407154083251953,-2.012908935546875,47.70036315917969,597.412353515625,663.3779296875,0,0,688,683,1024,683
291536049,0.5138711333274841,119.14373779296875,154.6505126953125,1014.6069946289062,361.99053955078125,0,123,1024,394,1024,768
291808703,0.6967543959617615,222.35842895507812,190.65325927734375,737.844970703125,1020.8806762695312,145,66,768,1024,768,1024
293402015,0.7893720865249634,484.1759033203125,257.83673095703125,572.5694580078125,491.3134765625,470,222,586,527,1024,683
293418670,0.554140567779541,-5.771369934082031,-2.810333251953125,499.2353210449219,905.529296875,0,0,575,1024,768,1024
293710614,0.817605197429657,192.04339599609375,97.85748291015625,502.310302734375,790.4977416992188,145,0,549,895,768,1024
294188484,0.439991295337677,219.10650634765625,603.03173828125,565.935791015625,943.59228515625,167,551,618,995,768,1024
294618443,0.8456807136535645,237.03067016601562,214.048095703125,422.5448303222656,1026.501953125,209,92,451,1024,771,1024
295309540,0.6015800833702087,326.2667236328125,302.5994567871094,557.8505249023438,399.8152160644531,291,288,593,415,1024,683
296031129,0.8091659545898438,141.36245727539062,289.1639099121094,715.3614501953125,739.201416015625,55,221,768,807,768,1024
296166658,0.8594081997871399,71.83245849609375,467.6558532714844,985.8906860351562,642.8231201171875,0,441,1024,670,1024,768
296658442,0.5485456585884094,66.78409576416016,459.43670654296875,246.74435424804688,542.7967529296875,39,446,274,556,1024,768
297463042,0.6841891407966614,285.7583312988281,155.92376708984375,516.2939453125,749.0230712890625,251,66,551,838,768,1024
298121368,0.7728665471076965,172.3226318359375,167.4600067138672,947.987060546875,469.540771484375,55,122,1024,515,1024,683
302354710,0.7328386902809143,202.72903442382812,255.98350524902344,646.6973876953125,498.5159606933594,136,219,714,535,1024,663
303780304,0.3809211850166321,115.38304138183594,242.7559814453125,636.2127685546875,750.3480224609375,37,166,715,827,768,1024
304690701,0.4970661699771881,-1.322021484375,223.29867553710938,943.813232421875,589.8658447265625,0,168,1024,645,1024,768
306113445,0.6475308537483215,386.91729736328125,220.66204833984375,713.7034301757812,596.058349609375,337,164,763,653,1024,768
306518054,0.5355660319328308,-13.472991943359375,327.937744140625,562.4999389648438,946.322509765625,0,235,649,1024,768,1024
308323208,0.4263487756252289,42.704933166503906,474.3221435546875,408.89947509765625,591.6240234375,0,456,464,610,619,1024
308326461,0.3899804651737213,218.94244384765625,185.58596801757812,435.2962646484375,631.9569091796875,186,118,468,699,768,1024
309272978,0.8013437390327454,6.0465087890625,391.2973327636719,979.2540283203125,527.3207397460938,0,370,1024,548,1024,683
310444024,0.652103066444397,3.665924072265625,2.3118209838867188,1019.185791015625,765.60888671875,0,0,1024,768,1024,768
312184821,0.766376793384552,449.17401123046875,226.9301300048828,954.6117553710938,315.9532470703125,373,213,1024,330,1024,577
312706459,0.6800421476364136,337.08343505859375,250.72975158691406,787.9326782226562,499.74310302734375,269,213,856,538,1024,768
314027550,0.6049720048904419,1.6596908569335938,329.8389892578125,425.6487121582031,644.692138671875,0,282,490,692,768,1024
314033827,0.43775254487991333,265.51513671875,348.96087646484375,572.566650390625,856.5785522460938,219,272,619,933,768,1024
314049218,0.5875970125198364,27.195741653442383,297.0788879394531,426.4268798828125,575.128662109375,0,255,487,617,498,1024
314646433,0.7557991147041321,191.20465087890625,220.0177001953125,613.8491821289062,473.56585693359375,127,181,678,512,1024,768
314841592,0.6936538219451904,307.9627685546875,57.03165817260742,693.1261596679688,578.4893188476562,250,0,751,578,1024,578
315325683,0.8345493674278259,258.3364562988281,113.53652954101562,766.5079345703125,664.190673828125,182,30,768,747,768,1024
315524760,0.8124510049819946,159.05221557617188,250.48532104492188,989.103759765625,401.3885192871094,34,227,1024,425,1024,768
316001791,0.8486558198928833,-1.818145751953125,178.9183807373047,612.8001708984375,383.37847900390625,0,148,705,415,1024,683
316966977,0.49660900235176086,134.13365173339844,393.4267578125,497.8618469238281,583.939208984375,79,364,553,613,768,1024
317173344,0.5627102851867676,205.38558959960938,235.12770080566406,730.9976806640625,449.04052734375,126,203,810,482,1024,768
319169090,0.5154704451560974,571.3624877929688,185.7471466064453,693.8232421875,261.8072204589844,552,174,713,274,771,1024
319169179,0.668443500995636,379.67535400390625,153.6839599609375,653.2876586914062,585.9419555664062,338,88,695,651,1024,771
319249288,0.5278269648551941,54.459320068359375,5.6049604415893555,917.4534912109375,504.32379150390625,0,0,1024,580,1024,646
319708912,0.6627687215805054,25.671142578125,192.43905639648438,1001.5267333984375,485.8619689941406,0,148,1024,530,1024,683
320586961,0.5406985878944397,268.50860595703125,187.037841796875,503.44549560546875,480.53729248046875,233,143,539,525,1024,768
322172714,0.7975159287452698,1.77752685546875,269.7874755859375,786.4913330078125,614.1148071289062,0,218,905,666,1024,683
322172734,0.3484438359737396,15.23492431640625,274.9794921875,734.2703247070312,521.0625,0,238,843,558,1024,683
322206232,0.7410309910774231,316.216552734375,185.73733520507812,769.339599609375,488.09759521484375,248,140,838,534,1024,768
322325465,0.8204565644264221,301.4618225097656,302.37188720703125,648.1513671875,473.7821960449219,249,276,701,500,1024,683
323774785,0.48417651653289795,303.64495849609375,165.29116821289062,878.2599487304688,762.936767578125,217,75,965,768,1024,768
325055125,0.8709514141082764,32.00970458984375,226.80795288085938,673.4815673828125,647.464111328125,0,163,770,711,1024,768
325351867,0.5639183521270752,277.7212829589844,193.810302734375,438.79937744140625,786.80126953125,253,104,463,876,768,1024
325442367,0.6272141337394714,430.8729248046875,170.7134246826172,741.430419921875,371.64385986328125,384,140,789,402,1024,768
325658501,0.5322652459144592,179.98284912109375,179.3307342529297,873.8344116210938,536.0247802734375,75,125,978,590,1024,768
326318046,0.8511502146720886,110.86163330078125,253.93020629882812,745.5386352539062,451.2697448730469,15,224,841,481,1024,576
327209617,0.47300758957862854,25.163022994995117,223.9215087890625,601.14404296875,829.6866455078125,0,133,688,921,690,1024
329670550,0.5422677397727966,12.996856689453125,2.6680755615234375,1022.5284423828125,765.7080078125,0,0,1024,768,1024,768
332222806,0.5668126344680786,228.01852416992188,240.7581024169922,798.2032470703125,733.5549926757812,142,166,884,768,1024,768
332405822,0.6771121025085449,230.99728393554688,160.22174072265625,637.002685546875,933.3073120117188,170,44,698,1024,768,1024
333829043,0.43676063418388367,303.9348449707031,154.3010711669922,781.18603515625,537.2000732421875,232,96,853,595,1024,683
334732559,0.49412524700164795,226.26318359375,50.440269470214844,725.7678833007812,523.7484130859375,151,0,801,595,1024,768
336820098,0.31502866744995117,433.7077331542969,248.96551513671875,856.912109375,773.9204711914062,370,170,921,853,1024,1024
337207590,0.42244818806648254,173.48675537109375,113.27845001220703,701.1790771484375,717.4573974609375,94,22,781,768,1024,768
337514046,0.7846085429191589,41.635498046875,199.07830810546875,861.704833984375,379.7098083496094,0,171,985,407,1024,576
337809495,0.7192205190658569,279.4111633300781,323.19171142578125,509.08355712890625,756.9810180664062,244,258,544,823,768,1024
343302058,0.5386873483657837,84.30322265625,164.23529052734375,469.2607421875,890.4879760742188,26,55,528,1000,768,1024
344098156,0.3289308249950409,323.2200927734375,305.0487365722656,563.9205932617188,678.5594482421875,287,249,601,735,1024,768
344583727,0.4692249298095703,78.94064331054688,97.44412994384766,1025.8253173828125,686.226318359375,0,9,1024,768,1024,768
344630909,0.43317684531211853,270.0517272949219,167.55026245117188,628.013427734375,747.7828369140625,216,80,682,835,768,1024
346356288,0.5295450091362,135.57215881347656,456.36029052734375,185.2467041015625,513.0828857421875,128,447,193,522,768,1024
347062456,0.6318648457527161,547.7880249023438,225.83560180664062,811.2899780273438,372.091064453125,508,203,851,395,1024,725
347063025,0.42833441495895386,-2.104705810546875,182.03585815429688,436.33953857421875,707.1597900390625,0,103,503,786,1024,915
348884151,0.8529888391494751,194.12289428710938,118.62959289550781,810.291748046875,685.708251953125,101,33,903,768,1024,768
349180156,0.3519996702671051,225.62049865722656,497.67071533203125,485.94378662109375,771.7556762695312,186,456,525,813,768,1024
349423479,0.7309939861297607,77.97534942626953,134.63381958007812,712.297607421875,887.2242431640625,0,21,768,1001,768,1024
350178664,0.512273371219635,141.20321655273438,495.35943603515625,481.6608581542969,608.7020874023438,90,478,533,626,768,1024
355243470,0.6237419247627258,254.63092041015625,1.228464126586914,1026.279296875,681.6154174804688,138,0,1024,683,1024,683
355847178,0.6618028283119202,-0.502166748046875,394.6226806640625,720.6900634765625,618.1015625,0,361,829,652,1024,768
356897736,0.44162487983703613,249.0867919921875,108.53950500488281,808.238525390625,638.0006103515625,165,29,893,683,1024,683
358615337,0.3549060821533203,267.20611572265625,285.5792236328125,560.1094970703125,884.8358154296875,223,195,605,975,768,1024
360151187,0.4042659103870392,670.7167358398438,236.0811004638672,846.4562377929688,285.3563537597656,644,228,873,293,1024,683
360228295,0.6537266969680786,153.07118225097656,12.146484375,550.9147338867188,852.6900024414062,93,0,611,979,768,1024
360818335,0.85618656873703,5.891265869140625,210.95928955078125,862.7080078125,460.62872314453125,0,173,992,499,1024,768
360840311,0.6608290076255798,161.47198486328125,139.85861206054688,1008.2332153320312,437.8926696777344,34,95,1024,483,1024,771
362260789,0.7656309008598328,58.38538360595703,127.42474365234375,430.90509033203125,905.6248168945312,2,10,487,1023,576,1024
364538284,0.5212066769599915,315.63861083984375,330.6398620605469,763.0433959960938,557.9423828125,248,296,831,593,1024,683
368023975,0.29975956678390503,533.9603271484375,547.982666015625,663.19970703125,679.3502197265625,514,528,683,700,1024,1024
370651217,0.6576404571533203,222.28802490234375,237.56942749023438,631.9780883789062,841.194091796875,160,147,694,932,768,1024
371936933,0.5852276086807251,1.0664291381835938,249.109619140625,446.7944030761719,530.0257568359375,0,206,514,573,576,1024
372813888,0.8396651744842529,114.32257080078125,33.03369140625,1019.6360473632812,763.9365234375,0,0,1024,768,1024,768
374950960,0.5350103378295898,115.03579711914062,277.42120361328125,957.6474609375,461.8270568847656,0,249,1024,490,1024,768
375221245,0.5399619936943054,73.00733184814453,4.3670654296875,631.77197265625,824.5912475585938,0,0,716,948,768,1024
375979629,0.6981961131095886,196.9061279296875,452.0469665527344,491.5282287597656,538.75146484375,152,439,536,552,577,1024
376792203,0.4642276167869568,271.8701171875,141.59292602539062,463.994384765625,975.626220703125,243,16,493,1024,768,1024
377427012,0.79758620262146,188.23248291015625,172.2536163330078,918.2015991210938,362.9519348144531,78,143,1024,392,1024,572
377431541,0.5153343081474304,104.35372924804688,0.4135279655456543,906.0311279296875,555.2161254882812,0,0,1024,577,1024,577
377967313,0.7701101899147034,305.11419677734375,175.51690673828125,385.86767578125,900.5620727539062,293,66,398,1010,768,1024
379124595,0.7020492553710938,362.6443786621094,275.91473388671875,515.1765747070312,619.6425170898438,339,224,539,672,768,1024
379713158,0.4114726781845093,56.5863037109375,171.42906188964844,1016.45654296875,550.3343505859375,0,114,1024,576,1024,576
381980597,0.9004055857658386,360.6551513671875,-1.4788508415222168,1025.30029296875,428.44476318359375,260,0,1024,493,1024,683
382510712,0.6712625026702881,333.0436706542969,236.53793334960938,734.60546875,585.2660522460938,272,184,795,638,1024,768
382612010,0.7432064414024353,200.73809814453125,468.16766357421875,634.8017578125,802.4586791992188,135,418,700,853,768,1024
382946279,0.6901590824127197,134.7952423095703,79.59991455078125,517.7201538085938,1015.0853881835938,77,0,576,1024,768,1024
383962579,0.8364841938018799,421.64385986328125,134.330078125,571.1729736328125,680.4070434570312,399,52,594,683,1024,683
386507313,0.4338270425796509,105.02850341796875,179.64138793945312,480.60943603515625,706.3370361328125,48,100,537,786,768,1024
386771685,0.37063929438591003,197.50473022460938,315.1778564453125,515.3447265625,970.0086669921875,149,216,564,1024,768,1024
386775528,0.7859286665916443,396.1273193359375,178.18319702148438,621.1990356445312,450.890380859375,362,137,655,492,1024,682
386809916,0.3392251431941986,256.3855285644531,341.89617919921875,1022.3690185546875,544.9714965820312,141,311,1024,576,1024,768
386903208,0.5982091426849365,49.992523193359375,-1.7714767456054688,611.457275390625,575.484375,0,0,696,663,1024,768
388474396,0.6530051231384277,32.725364685058594,391.9932861328125,597.0902099609375,612.4904174804688,0,358,682,646,768,1024
388476125,0.8285415768623352,314.1131591796875,371.6966247558594,494.242919921875,811.889404296875,287,305,522,878,768,1024
388743787,0.42530298233032227,222.1215362548828,216.6756134033203,422.64208984375,672.27734375,192,148,453,741,768,1024
389262153,0.5256822109222412,278.9997253417969,98.34690856933594,616.0506591796875,605.438720703125,228,22,667,682,1024,683
394311256,0.7453855276107788,115.93889617919922,289.106689453125,266.4859619140625,699.4174194335938,93,227,290,761,461,1024
397208946,0.6161884665489197,212.52969360351562,191.0529327392578,1022.39697265625,554.8843383789062,91,136,1024,610,1024,683
397465981,0.651482105255127,184.88931274414062,443.1614990234375,446.57318115234375,774.416259765625,145,393,486,825,768,1024
398888198,0.4336923658847809,314.96282958984375,30.59918975830078,1017.5282592773438,471.881103515625,209,0,1024,539,1024,768
399427776,0.5308123230934143,58.93268966674805,267.1439514160156,490.1180419921875,841.344970703125,0,181,555,928,576,1024
403208682,0.38704589009284973,38.64928436279297,105.65780639648438,556.6558227539062,1000.6715087890625,0,0,635,1024,768,1024
405434208,0.6087867021560669,3.3065929412841797,229.87673950195312,570.3574829101562,858.763671875,0,135,576,954,576,1024
9272120,0.33117541670799255,278.58392333984375,209.9187469482422,770.1299438476562,475.9750671386719,204,170,844,516,1024,768
19485093,0.8916221857070923,181.88182067871094,243.2170867919922,970.5765380859375,481.1605224609375,63,207,1000,517,1000,668
19485749,0.6097162961959839,313.84832763671875,39.60141372680664,560.2901611328125,788.9269409179688,276,0,598,902,900,962
33839710,0.4163711965084076,278.6988830566406,154.49490356445312,1024.61083984375,523.735107421875,166,99,1024,580,1024,768
35009623,0.8744595050811768,357.6086730957031,122.2650146484375,699.0316772460938,1020.72119140625,306,0,751,1024,768,1024
35639592,0.9034355878829956,72.4859619140625,211.01210021972656,1006.5875244140625,426.9862060546875,0,178,1024,460,1024,683
41283209,0.4051906168460846,36.66741943359375,209.6082763671875,883.27490234375,603.65576171875,0,150,1011,663,1024,768
46574726,0.6008291244506836,154.59616088867188,124.02755737304688,855.194091796875,797.8897094726562,49,22,961,899,1024,914
46574728,0.4969590902328491,62.536773681640625,54.06678009033203,1001.5428466796875,796.932861328125,0,0,1024,801,1024,801
46574733,0.5350533127784729,-1.4263916015625,147.3751983642578,957.7041015625,426.8095397949219,0,105,1024,469,1024,505
48137058,0.5565409660339355,1.819610595703125,68.81399536132812,762.6826171875,922.197509765625,0,0,768,1024,768,1024
51997680,0.9085643291473389,0.3226776123046875,256.44573974609375,767.30322265625,700.7223510742188,0,189,768,768,768,1024
54396650,0.9301140308380127,64.78076171875,149.18495178222656,745.7391967773438,446.2388916015625,0,104,848,491,1024,576
57620153,0.5319491028785706,296.95263671875,32.45501708984375,599.5742797851562,1023.6433715820312,251,0,645,1024,768,1024
58300358,0.3982054889202118,317.8858337402344,37.158233642578125,533.190673828125,882.9737548828125,285,0,566,1010,768,1024
58300417,0.4765869081020355,89.75735473632812,174.1104736328125,670.8131103515625,350.5466003417969,2,147,758,378,1024,768
58300448,0.8885733485221863,155.90402221679688,50.98011016845703,962.9521484375,333.3046569824219,34,8,1024,376,1024,768
58300524,0.44746696949005127,6.534027099609375,229.89102172851562,967.32763671875,510.08013916015625,0,187,1024,553,1024,768
58300549,0.5410512089729309,177.46762084960938,164.82028198242188,684.1408081054688,497.9617614746094,101,114,761,548,768,1024
58300566,0.8928987383842468,36.8134765625,201.623291015625,996.620361328125,555.0123291015625,0,148,1024,609,1024,768
58300581,0.8888340592384338,58.170654296875,235.86131286621094,911.10546875,481.0381164550781,0,199,1024,518,1024,768
58316097,0.5467581748962402,119.53715515136719,241.7096710205078,562.4515380859375,716.0755004882812,53,170,629,788,768,1024
62871648,0.3780944049358368,91.1943359375,74.96211242675781,549.755126953125,522.8114013671875,22,7,585,524,585,524
64171569,0.4602951109409332,205.08697509765625,309.9686279296875,877.0839233398438,446.46954345703125,104,289,978,467,1024,768
65802183,0.4984409213066101,232.92428588867188,452.4068603515625,527.0238647460938,843.8194580078125,188,393,572,903,768,1024
69392883,0.5902544856071472,152.09095764160156,53.660614013671875,533.0576171875,957.4940185546875,94,0,534,1024,534,1024
74909965,0.48703324794769287,48.922000885009766,23.139984130859375,293.4863586425781,978.7607421875,12,0,331,1024,485,1024
79668339,0.7966669201850891,444.72174072265625,80.96128845214844,861.9341430664062,378.0832214355469,382,36,925,423,1024,576
80377657,0.8830839395523071,5.79217529296875,46.44990539550781,1005.4763793945312,401.06427001953125,0,0,1024,455,1024,576
81169826,0.8977290987968445,129.72613525390625,218.29727172851562,919.1865844726562,519.0828857421875,11,173,1024,565,1024,576
85254319,0.572819173336029,197.351806640625,-3.5073623657226562,1027.70263671875,764.4368896484375,72,0,1024,768,1024,768
90816262,0.47645220160484314,8.932086944580078,30.119110107421875,559.5604248046875,294.4755554199219,0,0,573,335,573,429
91635696,0.541110098361969,454.2007141113281,245.71011352539062,695.6103515625,630.1085815429688,417,188,732,684,1024,684
94131589,0.6183782815933228,115.26100158691406,372.0693359375,547.0845336914062,511.16448974609375,50,351,612,533,768,1024
98279712,0.4932667016983032,276.63262939453125,121.19320678710938,893.1605834960938,328.934326171875,184,90,986,361,1024,460
98577978,0.9093555212020874,134.28707885742188,141.18264770507812,943.0760498046875,405.26025390625,12,101,1024,445,1024,576
103203558,0.5723575949668884,247.81964111328125,299.4227600097656,1004.6063842773438,527.3772583007812,134,265,1024,562,1024,767
103358870,0.40846437215805054,172.63906860351562,586.1373291015625,240.98532104492188,648.899658203125,162,576,252,659,1024,768
116282768,0.872917890548706,2.122650146484375,26.73284912109375,1016.341064453125,418.77734375,0,0,1024,478,1024,768
117588083,0.8708261251449585,33.49554443359375,176.78494262695312,827.6998291015625,562.82666015625,0,118,947,621,1024,683
117994349,0.7556424736976624,260.453125,270.77667236328125,640.2748413085938,600.5927734375,203,221,698,651,1024,683
119847611,0.45636820793151855,369.6442565917969,204.26893615722656,598.934326171875,592.1056518554688,335,146,634,651,1024,683
120914137,0.5115840435028076,754.3720092773438,157.2551727294922,977.6834106445312,292.0318603515625,720,137,1012,313,1024,683
124879445,0.8464077115058899,59.53103256225586,364.87518310546875,277.6998291015625,832.8453979492188,26,294,311,904,484,1024
130479079,0.3932725787162781,458.61212158203125,276.3426513671875,1002.1950073242188,436.7392883300781,377,252,1000,461,1000,666
131555950,0.45326197147369385,44.1505126953125,367.89959716796875,1068.01904296875,619.620361328125,0,330,1024,658,1024,1024
132126950,0.9022005200386047,17.0128173828125,240.651611328125,829.1297607421875,487.8752746582031,0,203,951,525,1024,768
136229877,0.8153674006462097,23.367691040039062,423.4498596191406,690.3966064453125,616.3797607421875,0,394,768,646,768,1024
140090620,0.3929429352283478,260.8640441894531,107.54647827148438,746.8321533203125,415.7652587890625,187,61,820,462,1024,544
142442982,0.8890240788459778,340.1862487792969,64.89512634277344,733.7861328125,284.3543701171875,281,31,793,318,1024,484
143134520,0.877090334892273,269.5805969238281,88.36070251464844,998.607177734375,609.994384765625,160,10,1024,689,1024,768
145887890,0.7016491889953613,169.83642578125,297.8692626953125,969.339111328125,589.576416015625,49,254,1024,634,1024,768
145890125,0.5135469436645508,118.83769989013672,126.1728515625,729.7979736328125,356.7138977050781,27,91,822,392,999,613
146464832,0.4077589511871338,105.85604858398438,100.65703582763672,857.416259765625,704.9989013671875,0,10,971,768,1024,768
148446334,0.8801059722900391,140.56137084960938,522.7755737304688,474.3304443359375,632.9791870117188,90,506,525,650,576,1024
150049479,0.6049018502235413,130.61050415039062,42.989749908447266,840.2850341796875,531.9469604492188,24,0,947,606,1024,683
151001421,0.6911101341247559,445.98541259765625,106.4376220703125,764.316162109375,1020.80517578125,398,0,768,1024,768,1024
162638501,0.8592129945755005,133.11334228515625,244.5623779296875,827.7891845703125,538.8515014648438,28,200,932,583,1024,780
166388727,0.6181195378303528,86.6142807006836,446.2909240722656,574.8278198242188,612.7107543945312,13,421,649,638,771,1024
175064602,0.6693524718284607,50.454620361328125,193.63497924804688,1010.531982421875,691.8331909179688,0,118,1024,741,1024,741
176087845,0.5145741701126099,244.06146240234375,52.128700256347656,904.3074340820312,364.3563537597656,145,5,1004,412,1024,484
176396000,0.5652400851249695,4.297325134277344,50.017822265625,765.150146484375,1004.7379150390625,0,0,768,1024,768,1024
177529990,0.886829674243927,134.8875732421875,281.1352844238281,1022.5953369140625,543.708740234375,1,241,1024,584,1024,768
184360655,0.8725464940071106,99.68862915039062,253.28146362304688,1008.64501953125,500.35186767578125,0,216,1024,538,1024,768
184796206,0.708027720451355,196.64306640625,253.27960205078125,813.7415771484375,498.7825927734375,104,216,907,536,1024,768
185689018,0.48442167043685913,-0.00482177734375,-0.36220550537109375,1023.8654174804688,767.6260986328125,0,0,1024,768,1024,768
186134216,0.5312013030052185,20.26068115234375,12.669682502746582,1015.8471069335938,372.64007568359375,0,0,1024,381,1024,381
188734709,0.5931803584098816,4.703125,313.92681884765625,845.9422607421875,751.6184692382812,0,248,973,768,1024,768
191275641,0.4766556918621063,72.11895751953125,103.52275085449219,649.1216430664062,347.4490051269531,0,66,736,385,813,521
191275642,0.4531678855419159,1.756591796875,225.1745147705078,918.381103515625,412.8233642578125,0,197,1024,441,1024,685
196004183,0.5438440442085266,34.351043701171875,-6.876904010772705,806.7060546875,641.3681640625,0,0,923,682,1024,682
198451743,0.5454466342926025,46.445594787597656,100.77810668945312,435.77117919921875,938.041259765625,0,0,495,1024,576,1024
200489482,0.46183422207832336,61.39691925048828,0.8207778930664062,198.55755615234375,201.95590209960938,40,0,220,233,768,1024
203454575,0.41161081194877625,57.8729248046875,221.26248168945312,917.0864868164062,511.1239929199219,0,177,1024,555,1024,768
207075043,0.7847359776496887,222.69537353515625,139.71780395507812,801.6035766601562,343.2893981933594,135,109,889,374,1024,461
208202927,0.461127370595932,34.117034912109375,5.472930908203125,976.912841796875,770.8961181640625,0,0,1024,768,1024,768
218906913,0.8376485705375671,258.47381591796875,54.197296142578125,541.94580078125,956.8570556640625,215,0,585,1024,802,1024
219680514,0.6285006999969482,269.7574462890625,187.70419311523438,1021.0614013671875,462.0669250488281,157,146,1024,504,1024,683
225256813,0.8832413554191589,77.6883773803711,306.6936950683594,744.7095336914062,557.975830078125,0,269,768,596,768,1024
226181287,0.8931795358657837,1.1208572387695312,344.528076171875,659.3318481445312,707.57080078125,0,290,759,763,768,1024
230048546,0.4285464286804199,0.672393798828125,273.9969177246094,1022.58740234375,540.3865356445312,0,234,1024,581,1024,768
230441991,0.7980005145072937,86.79367065429688,119.4283218383789,839.065185546875,330.9442443847656,0,87,952,363,1024,461
231167017,0.910931408405304,77.32968139648438,179.27301025390625,857.8272705078125,420.0923767089844,0,143,975,457,1024,768
241404849,0.8655809164047241,221.4761962890625,197.97265625,789.039306640625,450.7264709472656,136,160,875,489,1024,684
247693298,0.5335581302642822,2.54827880859375,292.5361328125,546.9763793945312,750.913818359375,0,223,629,768,1024,768
248881805,0.7738687992095947,6.93353271484375,99.43925476074219,990.7356567382812,466.86138916015625,0,44,1024,522,1024,565
248881923,0.430920273065567,-1.55145263671875,-1.7125829458236694,940.8295288085938,362.3314514160156,0,0,1024,396,1024,396
248882341,0.4420720040798187,4.320526123046875,253.98007202148438,1019.215576171875,581.6207275390625,0,204,1024,631,1024,899
248882569,0.3464847207069397,189.66873168945312,309.58197021484375,666.045654296875,455.4084777832031,118,287,738,478,1024,768
251297694,0.46091172099113464,159.05838012695312,0.60107421875,575.6375732421875,1014.3497314453125,96,0,639,1024,711,1024
251297731,0.4269915521144867,255.66946411132812,222.00250244140625,473.29833984375,970.8140258789062,223,109,506,1024,674,1024
251670638,0.4501638412475586,501.99835205078125,227.046875,583.4668579101562,285.1265869140625,489,218,596,294,1024,768
256759393,0.8797926306724548,217.72265625,178.40591430664062,826.722412109375,415.39813232421875,126,142,919,451,1024,683
256776061,0.9070096015930176,113.87925720214844,50.08203125,441.48455810546875,988.699462890625,64,0,491,1024,768,1024
257806911,0.5572620034217834,131.58311462402344,140.25729370117188,571.4925537109375,458.7199401855469,65,92,638,507,768,1024
259430165,0.895238995552063,104.28641510009766,293.578125,441.14990234375,877.43115234375,53,206,492,966,769,1024
260042848,0.7512736916542053,140.61451721191406,18.176666259765625,508.2886657714844,1017.4669189453125,85,0,564,1024,769,1024
260338628,0.5293811559677124,98.41799926757812,255.55230712890625,918.9354248046875,536.5523071289062,0,213,1024,579,1024,768
261537124,0.4049021005630493,195.4111328125,144.44664001464844,845.989013671875,356.56201171875,97,112,944,389,1024,460
262494663,0.8336011171340942,106.71678161621094,101.84573364257812,860.9375,612.7824096679688,0,25,975,690,1000,750
262523997,0.8977274894714355,5.1439208984375,243.17819213867188,882.5855102539062,630.8009643554688,0,185,1015,683,1024,683
263942622,0.643425464630127,299.8182678222656,-2.962331771850586,466.3505554199219,865.3416748046875,274,0,492,960,717,960
268904126,0.8915966749191284,196.68064880371094,136.8180694580078,687.5503540039062,328.3682556152344,123,108,762,358,1024,461
270444386,0.38836658000946045,275.6143798828125,24.53611183166504,989.93896484375,273.23529052734375,168,0,1024,311,1024,461
271906795,0.48681414127349854,222.19851684570312,306.9615783691406,888.5546875,491.2980651855469,122,279,989,519,1024,768
274647813,0.6511427760124207,101.38359069824219,301.8902587890625,483.65203857421875,448.0877685546875,44,279,541,471,1024,768
274647818,0.7200610637664795,246.29013061523438,201.22549438476562,937.38720703125,493.1102294921875,142,157,1024,537,1024,768
274647829,0.8941970467567444,170.02621459960938,214.78317260742188,969.0003662109375,509.15570068359375,50,170,1024,554,1024,768
275441648,0.43218833208084106,13.909881591796875,0.08534383773803711,976.0628662109375,711.0508422851562,0,0,1024,712,1024,712
282862967,0.9055707454681396,2.81622314453125,247.28695678710938,1013.75830078125,538.1204833984375,0,203,1024,582,1024,768
284495291,0.5376018285751343,85.93621063232422,119.60234832763672,695.2078247070312,336.7257995605469,0,87,750,370,750,499
285575771,0.39581793546676636,261.59954833984375,353.4701843261719,569.5029296875,873.4849853515625,215,275,616,952,768,1024
290646395,0.5699883103370667,140.43569946289062,303.8519592285156,788.8055419921875,585.5531616210938,43,261,887,628,1024,769
290859467,0.880606472492218,207.64601135253906,353.9035949707031,586.7252197265625,592.470703125,150,318,644,629,771,1024
295678322,0.4689581096172333,21.521087646484375,96.19629669189453,984.2860107421875,612.849853515625,0,18,1024,691,1024,701
295678359,0.5226861834526062,69.0718994140625,151.61038208007812,1020.75341796875,509.9901428222656,0,97,1024,564,1024,718
296061584,0.3937101364135742,81.30545043945312,156.7340850830078,965.2080078125,503.3681335449219,0,104,1024,556,1024,681
296424362,0.43280431628227234,240.3814697265625,346.5810852050781,782.9027099609375,447.78680419921875,159,331,865,463,1024,576
302557533,0.8787106871604919,327.41259765625,229.8474884033203,844.6256103515625,555.86376953125,249,180,923,605,1024,768
303429974,0.4494490623474121,386.435791015625,212.80235290527344,682.6934814453125,627.3856201171875,341,150,728,690,1024,771
303740323,0.4545130431652069,-2.869293212890625,1.0858154296875,921.3800048828125,1023.22021484375,0,0,1024,1024,1024,1024
304735251,0.4152261018753052,70.80923461914062,122.50701141357422,489.4499816894531,339.7076721191406,8,89,553,373,824,1024
304918234,0.8688735961914062,6.64408540725708,420.61480712890625,700.8883056640625,723.3014526367188,0,375,771,769,771,1024
305157440,0.42494603991508484,35.66925048828125,132.79063415527344,996.9661254882812,500.127197265625,0,77,1024,556,1024,617
305199194,0.8871898651123047,151.9498291015625,175.97894287109375,817.3865966796875,411.4012451171875,52,140,918,447,1024,579
305480223,0.36210834980010986,287.4601745605469,376.925048828125,868.9368896484375,636.6323852539062,200,337,957,676,1024,768
305589368,0.895514726638794,132.63363647460938,246.138671875,983.1397705078125,621.0650024414062,5,189,1024,678,1024,768
306690067,0.8772861957550049,1.413116455078125,43.93952178955078,946.5938720703125,560.34521484375,0,0,1024,638,1024,768
314608308,0.45356929302215576,23.4571533203125,55.33915328979492,951.0009155273438,575.5205078125,0,0,1024,654,1024,682
316661583,0.4823896884918213,284.8802490234375,54.173973083496094,853.12158203125,665.0776977539062,199,0,939,757,1024,768
329594738,0.8810380101203918,268.4002685546875,94.45443725585938,440.104736328125,842.6693115234375,242,0,466,955,768,1024
335329227,0.8911818265914917,346.9942626953125,35.53326416015625,564.906982421875,887.1883544921875,314,0,598,1015,768,1024
339255132,0.6096428036689758,73.57574462890625,159.59051513671875,812.1505126953125,425.81768798828125,0,119,923,466,1024,768
340090384,0.6739057898521423,65.71171569824219,459.73126220703125,434.0052185058594,693.3274536132812,10,424,490,729,576,1024
341531803,0.4582691192626953,168.55300903320312,79.99003601074219,942.9749755859375,424.7541198730469,52,28,1024,477,1024,631
345261300,0.9071672558784485,205.9943389892578,323.28399658203125,639.9528198242188,703.5477905273438,140,266,706,761,768,1024
356386589,0.8120967745780945,303.8323974609375,199.0548095703125,543.2064208984375,754.3279418945312,267,115,580,838,768,1024
356444324,0.911429226398468,125.242431640625,298.4916687011719,876.892578125,466.28448486328125,12,273,990,492,1024,771
356444348,0.8793521523475647,62.520904541015625,290.0882568359375,889.394287109375,487.429931640625,0,260,1014,518,1024,771
366423427,0.5526586174964905,470.6327209472656,399.1547546386719,651.146240234375,521.1028442382812,443,380,679,540,1024,683
367848148,0.8801525235176086,4.10626220703125,302.642578125,1019.4043579101562,547.343994140625,0,265,1024,585,1024,768
368203805,0.8738754391670227,113.41415405273438,206.2548370361328,947.5672607421875,603.3198852539062,0,146,1024,663,1024,830
368203845,0.9077816009521484,59.33831787109375,203.38504028320312,964.0671997070312,528.032470703125,0,154,1024,577,1024,768
368204382,0.49812114238739014,52.63043212890625,161.6145477294922,874.7955932617188,534.6870727539062,0,105,999,591,1024,703
368963989,0.453941285610199,2.86376953125,10.260635375976562,1020.01123046875,765.8869018554688,0,0,1024,768,1024,768
382231963,0.5149408578872681,224.62501525878906,350.7366027832031,712.6921997070312,562.982666015625,151,318,786,595,1024,768
384308174,0.8667477965354919,109.56488037109375,301.294677734375,601.0048828125,439.20428466796875,35,280,675,460,1024,768
385691205,0.8586754202842712,83.19320678710938,104.98681640625,769.10595703125,452.65875244140625,0,52,872,505,1024,768
392470250,0.8914908766746521,148.45440673828125,255.23016357421875,717.2398071289062,476.1686096191406,63,222,803,510,1024,576
392836336,0.4765265882015228,150.766845703125,164.55296325683594,272.0672912597656,501.98199462890625,132,113,291,553,426,568
393426776,0.7588692307472229,-0.137603759765625,462.1239013671875,669.5726318359375,801.4273681640625,0,411,768,853,768,1024
396300678,0.8409579992294312,339.2315979003906,111.51385498046875,869.4486083984375,440.2476501464844,259,62,949,490,1024,576
401459088,0.3795301020145416,-7.95428466796875,12.648547172546387,934.776611328125,271.9527587890625,0,0,1024,311,1024,351
2235866,0.9025166630744934,156.50735473632812,-2.134429931640625,621.9752197265625,1005.754150390625,86,0,692,1024,768,1024
2267960,0.417693167924881,320.40069580078125,301.27496337890625,596.714111328125,1019.6201782226562,278,193,639,1024,768,1024
2882956,0.8956408500671387,36.648193359375,290.5809020996094,949.537353515625,449.8313293457031,0,266,1024,474,1024,749
4793919,0.47810688614845276,331.25726318359375,270.5870361328125,935.2832641601562,401.2052307128906,240,250,1024,421,1024,685
5089406,0.9119020700454712,101.78262329101562,214.29039001464844,975.8572998046875,519.8341674804688,0,168,1024,566,1024,768
6035840,0.904996395111084,139.25711059570312,203.613037109375,456.1960754394531,820.8463134765625,91,111,504,914,576,1024
6328657,0.8088342547416687,128.31640625,279.2473449707031,911.8485107421875,497.9623718261719,10,246,1024,531,1024,741
6923033,0.896687924861908,78.623291015625,191.73324584960938,831.3181762695312,553.9034423828125,0,137,945,609,1024,681
9294138,0.8947280645370483,148.44766235351562,302.4515380859375,912.377685546875,573.6665649414062,33,261,1024,615,1024,768
9385215,0.8772425055503845,73.00881958007812,80.96441650390625,500.0377502441406,915.003173828125,8,0,565,1024,576,1024
10012181,0.8636757731437683,65.8855209350586,129.62405395507812,501.1504211425781,929.2474365234375,0,9,567,1024,577,1024
10886331,0.6972586512565613,125.41341400146484,255.4536895751953,814.8264770507812,570.0526733398438,22,208,900,618,900,630
11069866,0.45365071296691895,183.96920776367188,65.28137969970703,942.427978515625,662.6185913085938,70,0,1024,664,1024,664
11283762,0.8894991874694824,58.547027587890625,215.34213256835938,978.056640625,618.3121337890625,0,154,1024,679,1024,768
12502714,0.4609031081199646,146.77764892578125,27.505016326904297,249.80902099609375,150.82362365722656,131,9,266,170,768,1024
17539087,0.8253723382949829,-5.888214111328125,169.10865783691406,603.4891357421875,667.3306274414062,0,94,695,683,1024,683
18964688,0.7685049176216125,470.6864013671875,236.99642944335938,831.866455078125,317.1304626464844,416,224,887,330,1024,683
19217570,0.5927906632423401,311.46490478515625,128.77186584472656,695.6873168945312,396.1966552734375,253,88,754,437,1024,632
19649860,0.8871816992759705,113.41148376464844,128.83157348632812,498.5254821777344,885.868408203125,55,15,557,1000,576,1024
19649889,0.8913452625274658,86.8153076171875,33.12110137939453,843.337646484375,525.0042114257812,0,0,957,576,1024,576
19708839,0.6664218902587891,366.1929931640625,0.6922159194946289,504.25506591796875,95.38186645507812,345,0,525,110,1024,768
20066385,0.9136547446250916,118.80227661132812,125.86845397949219,929.1314697265625,537.4132690429688,0,64,1024,600,1024,640
20958139,0.8640652298927307,319.60626220703125,151.3208770751953,634.3971557617188,571.8121337890625,272,88,682,635,1024,768
21208408,0.9007248282432556,125.44717407226562,148.89303588867188,881.781494140625,561.7247924804688,11,86,996,624,1024,768
25685799,0.6592598557472229,119.88019561767578,171.03924560546875,567.6015014648438,947.4439086914062,52,54,635,1024,702,1024
26308758,0.8490246534347534,83.33541870117188,177.48757934570312,736.302490234375,494.6170349121094,0,129,835,543,1024,768
27486013,0.6221944093704224,104.07289123535156,155.97689819335938,446.08233642578125,420.021240234375,52,116,498,460,1024,768
29493365,0.8746761679649353,181.63058471679688,228.26466369628906,972.8206787109375,453.06732177734375,62,194,1024,487,1024,643
31273449,0.8601268529891968,319.93157958984375,208.72601318359375,753.9633178710938,304.1344299316406,254,194,820,319,1024,683
31459302,0.9006949663162231,125.27786254882812,191.22076416015625,912.854248046875,511.2485046386719,7,143,1024,560,1024,758
32578113,0.8610267043113708,249.37185668945312,227.0513458251953,825.804931640625,539.1218872070312,162,180,913,586,1024,758
32634105,0.43206608295440674,178.23228454589844,219.50770568847656,535.1953125,693.228271484375,124,148,589,765,640,960
32961965,0.9055333137512207,122.74972534179688,150.90985107421875,912.27197265625,469.2530517578125,4,103,1024,518,1024,577
33814971,0.8671078085899353,100.90557861328125,104.9971923828125,486.35748291015625,930.821044921875,43,0,545,1024,620,1024
33845089,0.684783399105072,181.10202026367188,126.14495086669922,633.8544921875,217.0850830078125,113,112,702,231,1024,768
33850204,0.8010717034339905,107.53510284423828,211.4285888671875,392.2750244140625,531.98095703125,64,163,435,581,550,734
33938516,0.8862859606742859,50.939971923828125,53.99567794799805,954.638916015625,495.294189453125,0,0,1024,548,1024,548
35900693,0.9034062027931213,294.8750305175781,114.55764770507812,636.8546142578125,996.839599609375,243,0,689,1024,768,1024
36750452,0.599279522895813,482.364990234375,233.45083618164062,660.83251953125,330.5296630859375,455,218,688,346,800,600
37211582,0.7634230256080627,174.43589782714844,198.57916259765625,645.2485961914062,483.88720703125,103,155,716,527,1024,768
37642157,0.8983799815177917,320.0316162109375,142.2450714111328,713.533203125,619.6309204101562,261,70,773,692,1024,768
37785582,0.5256016850471497,137.50927734375,553.5968017578125,463.4124755859375,631.0263061523438,88,541,513,633,1024,633
37913183,0.8872857689857483,125.22278594970703,258.83111572265625,610.6953735351562,743.192626953125,52,186,684,816,768,1024
37994357,0.8564442992210388,255.4410400390625,299.10357666015625,643.3953247070312,415.671142578125,197,281,702,434,1024,768
38086412,0.8775449991226196,85.73343658447266,406.4920349121094,583.4520263671875,650.7531127929688,11,369,659,688,768,1024
39724486,0.8729487657546997,337.1103820800781,290.364990234375,746.2342529296875,479.6173095703125,275,261,808,509,1024,768
39840027,0.6960868239402771,320.259521484375,240.2675018310547,586.4586791992188,512.5664672851562,280,199,627,554,1024,683
40948891,0.8678283095359802,42.610107421875,139.18455505371094,974.776611328125,640.2490844726562,0,64,1024,716,1024,768
41158105,0.9076462984085083,110.52133178710938,169.13156127929688,914.998779296875,584.2626953125,0,106,1024,647,1024,768
41413339,0.8420999646186829,265.65093994140625,494.3898010253906,542.8021240234375,664.6021728515625,224,468,585,691,768,1024
51745758,0.584984540939331,736.0093994140625,263.883056640625,966.6455078125,355.3072814941406,701,250,1002,370,1024,681
57116425,0.8125393986701965,419.892578125,300.3990783691406,788.7384033203125,539.1502075195312,364,264,845,575,1024,768
59520361,0.7191848754882812,429.18115234375,216.04444885253906,881.3206787109375,496.0269775390625,361,174,950,539,1024,624
60111583,0.8819868564605713,110.48204040527344,-1.483734130859375,655.5505981445312,998.3052978515625,28,0,738,1024,768,1024
61854804,0.5003722906112671,565.134765625,82.36455535888672,1005.734619140625,324.8335266113281,499,45,1024,362,1024,683
63145757,0.6903073191642761,1.712677001953125,72.16664123535156,245.90646362304688,382.96441650390625,0,25,283,430,1024,683
66156255,0.5199529528617859,166.07070922851562,243.62828063964844,822.5394287109375,406.9786682128906,67,219,922,432,1024,659
66229102,0.8794342279434204,168.92349243164062,232.35714721679688,901.8448486328125,592.3363037109375,58,178,1012,647,1024,768
67957286,0.5690388679504395,34.58500671386719,396.79681396484375,341.64752197265625,542.5379028320312,0,374,388,565,1024,768
68112803,0.7024089097976685,67.19261169433594,175.97708129882812,697.9282836914062,381.4471740722656,0,145,768,413,768,1024
68970417,0.8922312259674072,13.893157958984375,287.5687255859375,951.517333984375,533.9671020507812,0,250,1024,571,1024,768
69323356,0.5087541341781616,201.8172607421875,202.1691436767578,623.9683837890625,428.155517578125,138,168,688,463,1024,683
71516493,0.41481542587280273,566.97998046875,199.1553955078125,661.4196166992188,250.96749877929688,552,191,676,259,768,1024
71797724,0.900422215461731,32.284576416015625,173.03146362304688,938.7288818359375,635.4013671875,0,103,1024,705,1024,768
73108509,0.8034017086029053,91.91677856445312,85.16768646240234,979.0103759765625,511.12628173828125,0,21,1024,576,1024,768
73489036,0.8914527893066406,20.870147705078125,13.277566909790039,1012.951416015625,404.604736328125,0,0,1024,448,1024,448
76458088,0.6272274851799011,65.89779663085938,258.76361083984375,919.3023681640625,475.8070983886719,0,226,1024,509,1024,732
79373020,0.9026936292648315,69.16146850585938,190.53143310546875,1025.480224609375,640.3771362304688,0,123,1024,708,1024,768
81988525,0.5581725239753723,287.39605712890625,642.6905517578125,413.9235534667969,689.12255859375,268,635,433,697,768,1024
84640541,0.8994246125221252,185.01162719726562,155.68460083007812,882.3499755859375,390.0182800292969,80,120,987,426,1024,603
85032724,0.8916614055633545,158.0416259765625,145.1997528076172,759.64599609375,469.6285400390625,67,96,850,519,886,665
87056966,0.784109354019165,29.993194580078125,293.34857177734375,823.0140380859375,437.142333984375,0,271,942,459,1024,768
87513825,0.9008152484893799,231.48509216308594,313.1934509277344,409.7335205078125,524.1627807617188,204,281,437,556,576,1024
90691573,0.6817736029624939,427.2918701171875,247.96316528320312,569.2020263671875,335.1437683105469,406,234,591,349,1024,576
93245482,0.9013144969940186,31.97607421875,335.13824462890625,870.2283935546875,609.94677734375,0,293,996,652,1024,768
97111684,0.7029973864555359,223.59963989257812,372.08966064453125,444.2729187011719,866.8246459960938,190,297,478,942,768,1024
98924394,0.21144087612628937,757.8616943359375,261.47271728515625,778.3087158203125,269.52874755859375,754,260,782,271,1024,768
101492336,0.7893003225326538,559.8284912109375,336.2186584472656,918.67529296875,417.7262878417969,506,323,973,430,1024,683
102577176,0.9039281010627747,198.255615234375,184.4555206298828,968.0074462890625,532.9463500976562,82,132,1024,586,1024,768
102974157,0.6841258406639099,243.48211669921875,471.4739990234375,592.1983642578125,609.4066162109375,191,450,645,631,768,1024
105196522,0.8322984576225281,382.49652099609375,397.06243896484375,663.9406127929688,453.654296875,340,388,707,463,1024,856
106847498,0.8983585238456726,183.7703857421875,165.9517364501953,952.06005859375,567.5494384765625,68,105,1024,628,1024,768
107025032,0.8309659361839294,33.381439208984375,249.37477111816406,780.051025390625,537.9222412109375,0,206,893,582,1024,768
107250671,0.8029884099960327,273.07611083984375,148.755859375,624.1821899414062,527.4505615234375,220,91,677,585,1024,768
108744276,0.7483909726142883,107.08212280273438,310.79229736328125,801.4180908203125,463.8289794921875,2,287,906,487,1024,683
108746257,0.7378565073013306,209.01449584960938,242.07125854492188,745.0933837890625,366.3778076171875,128,223,826,386,1024,623
115398379,0.8884496092796326,232.03057861328125,135.0784912109375,989.8129272460938,627.1931762695312,118,61,1024,683,1024,683
115829499,0.823840320110321,373.1538391113281,209.0126953125,664.2528076171875,555.3605346679688,329,157,708,608,1024,768
116633682,0.7861340045928955,189.89935302734375,269.1800537109375,636.01318359375,355.0437927246094,122,256,703,368,1024,678
117174470,0.8834795355796814,242.39788818359375,157.29771423339844,822.6985473632812,464.20245361328125,155,111,910,511,1024,683
117384756,0.4352115988731384,936.67138671875,277.9869384765625,959.4473876953125,331.4160461425781,933,269,963,340,1024,576
117668327,0.8737541437149048,150.67918395996094,390.9628601074219,536.2589721679688,508.1581726074219,92,373,595,526,768,1024
124189630,0.8910466432571411,122.34858703613281,249.53680419921875,399.0475158691406,399.080810546875,80,227,441,422,768,1024
124735559,0.8947181701660156,66.225341796875,87.72453308105469,749.2052612304688,376.5596618652344,0,44,840,420,840,500
125228139,0.8806182146072388,306.8520812988281,237.97764587402344,776.1986083984375,599.63720703125,236,183,847,654,1024,768
125886915,0.7896060943603516,141.86459350585938,217.4423828125,956.14599609375,471.9331970214844,19,179,1024,511,1024,683
126171495,0.8661510348320007,180.67291259765625,270.8383483886719,564.8063354492188,818.6319580078125,123,188,623,901,756,1024
127332280,0.9037898778915405,321.5135498046875,282.7622375488281,881.16455078125,565.2012939453125,237,240,966,608,1024,769
128127527,0.6191018223762512,128.63595581054688,37.37450408935547,1024.014404296875,540.2607421875,0,0,1024,616,1024,768
130204907,0.8557159304618835,195.35498046875,217.1908721923828,845.3363037109375,378.2407531738281,97,193,943,403,1024,581
130575742,0.5697435140609741,0.6775588989257812,617.3870849609375,224.95980834960938,655.5040893554688,0,611,259,662,1024,689
131932151,0.5688084363937378,344.2344055175781,171.71812438964844,653.1937255859375,378.76171875,297,140,700,410,1024,576
133321014,0.8605687618255615,249.60581970214844,121.50128936767578,591.5950317382812,395.0754699707031,198,80,643,437,1024,575
133974634,0.7033045887947083,271.84375,481.2950439453125,451.98193359375,516.2815551757812,244,476,480,522,768,1024
136549252,0.33892926573753357,160.05369567871094,417.0780029296875,644.640625,718.2484130859375,87,371,683,764,683,1024
137472188,0.9009794592857361,195.65994262695312,185.54196166992188,971.5093994140625,505.5150451660156,79,137,1024,554,1024,706
139781451,0.8504405617713928,275.0302734375,130.69187927246094,675.7280883789062,518.9668579101562,214,72,736,578,1024,684
140211796,0.7025662064552307,199.1348419189453,422.17071533203125,486.16387939453125,504.4722900390625,156,409,530,517,768,1024
140686005,0.4638844430446625,15.761048316955566,359.3757629394531,920.491943359375,741.77978515625,0,302,983,800,983,1024
140774608,0.42538225650787354,2.160919189453125,438.2182312011719,292.0679931640625,1021.39892578125,0,350,336,1024,768,1024
141284755,0.8652774691581726,273.60107421875,373.04547119140625,878.4759521484375,595.5484008789062,182,339,970,629,1024,768
142861238,0.5319108366966248,7.591461181640625,61.743812561035156,911.671630859375,433.2505798339844,0,6,1024,489,1024,539
144393523,0.5943666696548462,321.912109375,226.32183837890625,729.921630859375,355.0126037597656,260,207,792,375,1024,941
144773358,0.8844544291496277,77.96307373046875,198.85023498535156,933.4935302734375,506.11260986328125,0,152,1024,553,1024,682
146226746,0.8568598031997681,345.15155029296875,192.9155731201172,886.4791870117188,319.356201171875,263,173,968,339,1024,556
147796575,0.882063090801239,99.68016815185547,450.5888671875,752.7471313476562,755.1009521484375,1,404,768,801,768,1024
148291750,0.7563472390174866,303.34222412109375,243.52134704589844,619.6858520507812,581.9711303710938,255,192,668,633,1024,768
149184617,0.8583280444145203,338.1090087890625,156.2011260986328,651.8424682617188,663.4620971679688,291,80,699,740,768,1024
149961597,0.6350976824760437,61.081085205078125,424.4636535644531,238.02499389648438,537.232421875,34,407,265,555,1024,583
150393357,0.765221118927002,235.49484252929688,209.13717651367188,493.1477966308594,906.6480712890625,196,104,532,1012,768,1024
151201542,0.7728428840637207,245.93606567382812,249.6726837158203,819.161376953125,331.1873474121094,159,237,906,344,1024,681
153799761,0.893892228603363,92.62287139892578,316.92596435546875,725.162841796875,637.0037231445312,0,268,768,686,768,1024
158157346,0.892271101474762,191.96133422851562,134.28269958496094,925.019287109375,678.0784301757812,82,52,1024,682,1024,682
159571147,0.5720837116241455,288.9455871582031,200.79641723632812,454.8878479003906,247.31765747070312,264,193,480,255,1024,768
159937055,0.8931209444999695,198.56863403320312,228.63575744628906,749.6995849609375,486.2289123535156,115,189,833,525,1024,683
160604867,0.7727323174476624,75.40694427490234,226.95858764648438,366.66766357421875,870.8055419921875,31,130,411,968,554,1024
161512597,0.8980007171630859,173.32408142089844,333.34344482421875,509.25067138671875,578.89208984375,122,296,560,616,1024,683
162445994,0.8055991530418396,70.2738037109375,185.2420654296875,936.9871826171875,519.3079223632812,0,135,1024,570,1024,683
165042690,0.8550184369087219,122.46200561523438,165.9001922607422,951.57861328125,584.8703002929688,0,103,1024,648,1024,768
165375250,0.9067438244819641,225.95071411132812,266.5327453613281,833.98974609375,456.1522216796875,134,238,926,485,1024,683
166304763,0.9120996594429016,71.5268325805664,154.1318359375,361.8431701660156,909.28076171875,27,40,406,1023,576,1024
167656923,0.4319615960121155,138.3798065185547,376.5752868652344,171.3674774169922,424.19744873046875,133,369,177,432,1024,768
171190734,0.906889021396637,397.4092102050781,28.6479434967041,953.9100341796875,420.4267578125,313,0,1024,480,1024,578
172360390,0.8662253618240356,232.5087890625,212.9858856201172,888.9708251953125,428.7934265136719,134,180,988,462,1024,683
173607067,0.41080915927886963,468.12872314453125,117.67679595947266,609.2376098632812,393.4860534667969,446,76,631,435,1024,683
173913002,0.9129997491836548,20.130126953125,248.23126220703125,952.585693359375,587.6300048828125,0,197,1024,639,1024,768
176548133,0.6198343634605408,-0.168487548828125,256.8454895019531,811.3370361328125,647.1556396484375,0,198,934,706,1024,768
178801011,0.8799359202384949,106.59945678710938,188.65402221679688,932.79052734375,582.676025390625,0,129,1024,642,1024,768
181219731,0.631556510925293,287.2666015625,352.3519287109375,527.583740234375,410.90704345703125,251,343,564,420,1024,768
184509405,0.6474756598472595,794.5111083984375,63.08829116821289,960.4666748046875,357.2461853027344,769,18,986,402,1024,786
184828416,0.38515210151672363,2.887852668762207,552.8798217773438,35.57757568359375,577.7509155273438,0,549,41,582,473,1024
186119053,0.29487061500549316,444.0488586425781,299.1863708496094,476.3414611816406,332.70361328125,439,294,482,338,1024,577
190185016,0.5256301760673523,423.66082763671875,30.704971313476562,505.374755859375,388.15985107421875,411,0,518,442,768,1024
190451806,0.7494136095046997,90.67529296875,97.75518798828125,1025.310546875,338.70086669921875,0,61,1024,375,1024,768
191348549,0.6687229871749878,164.86439514160156,323.17620849609375,607.711669921875,440.63134765625,98,305,675,459,1024,768
191356485,0.8206537961959839,334.9714660644531,517.2749633789062,665.2239990234375,569.8471069335938,285,509,715,578,1024,768
191516842,0.7937210202217102,117.59713745117188,227.34286499023438,838.4180908203125,582.876953125,9,174,947,637,1024,723
191633303,0.6215235590934753,282.4840393066406,41.869346618652344,389.0552062988281,109.56937408447266,266,31,406,120,1024,768
193138162,0.8962375521659851,198.30084228515625,78.65164184570312,816.096435546875,556.2271728515625,105,7,909,591,1024,591
194073739,0.3611084818840027,345.991943359375,179.43350219726562,621.2184448242188,523.4360961914062,304,127,663,576,1024,768
194256919,0.42486217617988586,225.62864685058594,107.73355865478516,716.890869140625,326.3063659667969,151,74,791,360,1024,574
194461894,0.8993129730224609,122.4188232421875,259.26336669921875,702.2559814453125,475.0598449707031,35,226,790,508,1024,683
195342610,0.671808660030365,284.8330078125,268.4353332519531,571.7985229492188,495.00421142578125,241,234,615,529,1024,768
195634696,0.4755057990550995,545.8363647460938,235.7947540283203,850.0598754882812,690.1592407226562,500,167,896,759,1024,1024
196481993,0.9010593891143799,167.92520141601562,282.11126708984375,815.160888671875,563.6040649414062,70,239,913,606,1024,768
196537077,0.8925464749336243,332.5278625488281,92.43976593017578,911.1663818359375,493.8492431640625,245,32,998,555,1024,683
197607206,0.5250389575958252,698.3179321289062,352.686767578125,873.0327758789062,436.102783203125,672,340,900,449,1024,527
197872461,0.8454777598381042,96.18215942382812,364.30328369140625,720.54638671875,493.085205078125,2,344,815,513,1024,768
198179727,0.505092978477478,185.68533325195312,465.4069519042969,679.4291381835938,571.404052734375,111,449,754,588,768,1024
198283465,0.32264843583106995,393.8458557128906,711.654052734375,422.5203552246094,728.5555419921875,389,709,427,732,768,1024
199532822,0.8920096755027771,15.022109985351562,226.956298828125,745.6735229492188,631.6204223632812,0,166,768,693,768,1024
200688801,0.38340696692466736,252.2115936279297,503.1653137207031,633.4500122070312,810.948974609375,195,456,691,810,810,810
203006180,0.8950179219245911,245.05203247070312,201.4576416015625,974.863525390625,571.5133056640625,135,145,1024,628,1024,789
203459744,0.4792347252368927,536.19140625,607.0208740234375,610.8369140625,658.441650390625,524,599,623,667,1024,734
204481000,0.5677428841590881,139.27236938476562,128.93429565429688,277.63592529296875,337.2173156738281,118,97,299,369,391,391
207775942,0.8858640193939209,20.319122314453125,22.817140579223633,991.863525390625,600.615478515625,0,0,1024,641,1024,641
208147366,0.8842791318893433,66.1923828125,136.23770141601562,799.6876220703125,447.78082275390625,0,89,910,495,1024,683
209573198,0.6240763664245605,427.07977294921875,348.5074768066406,545.7069091796875,489.4873962402344,409,327,564,511,768,1024
209598741,0.4199553430080414,356.61846923828125,448.90948486328125,463.01922607421875,572.4112548828125,340,430,479,591,768,1024
211783120,0.7945215702056885,328.7792663574219,180.1268310546875,892.0054931640625,423.985595703125,244,143,977,461,1024,768
213978156,0.8860111236572266,18.817781448364258,192.333984375,519.3731689453125,551.2347412109375,0,138,595,606,666,656
214878736,0.8531004190444946,77.30392456054688,266.092041015625,858.3614501953125,457.93524169921875,0,237,976,487,1024,716
215974437,0.8908544778823853,126.64372253417969,119.59567260742188,845.2399291992188,877.3704833984375,18,5,935,992,935,1024
216237277,0.9020681977272034,196.3775634765625,547.6898803710938,357.5950927734375,747.5924682617188,172,517,382,778,473,1024
217909262,0.7426868677139282,260.5030517578125,144.3395233154297,760.88134765625,353.5326232910156,185,112,836,385,1024,561
224823997,0.7218024134635925,2.898101806640625,309.0742492675781,954.0682373046875,590.4548950195312,0,266,1024,633,1024,768
225156276,0.6343814134597778,50.28993225097656,293.9161071777344,322.2647705078125,609.6152954101562,9,246,364,657,1024,732
228953892,0.901209831237793,243.154541015625,275.50115966796875,532.23486328125,842.3677368164062,199,190,576,928,768,1024
230441359,0.9214314818382263,38.712310791015625,31.57592010498047,942.1324462890625,338.2998046875,0,0,1024,355,1024,355
231289208,0.8884053826332092,32.1405029296875,377.36553955078125,564.5681762695312,686.8646850585938,0,330,576,734,576,1024
233181822,0.690131664276123,22.6739501953125,189.3250732421875,977.0286254882812,428.1370544433594,0,153,1024,464,1024,588
233190244,0.895642101764679,58.87493896484375,170.8268280029297,981.3010864257812,598.970947265625,0,106,1024,664,1024,679
235213465,0.9038172364234924,89.6796875,77.46316528320312,971.805908203125,481.6046142578125,0,16,1024,537,1024,537
240957569,0.6372597217559814,282.3489990234375,156.61183166503906,621.7396850585938,690.1253662109375,231,76,673,771,1024,773
243408545,0.9140706062316895,309.0217590332031,225.2335968017578,776.455322265625,456.1385192871094,238,190,847,491,1024,768
243452512,0.886765718460083,57.483062744140625,230.88150024414062,907.4261474609375,639.76953125,0,169,1024,702,1024,768
243878336,0.9009446501731873,67.53142547607422,266.8761291503906,681.162109375,741.2716064453125,0,195,768,813,768,1024
249564160,0.8654563426971436,233.62371826171875,198.9060516357422,931.3711547851562,585.2366333007812,128,140,1024,644,1024,768
251020494,0.44166722893714905,811.6798706054688,378.26788330078125,878.8419799804688,484.5385437011719,801,362,889,501,1024,549
251231865,0.9134887456893921,165.82470703125,279.5762634277344,785.0833129882812,674.522216796875,72,220,878,734,1024,987
251231962,0.8541767597198486,265.8338928222656,316.3695373535156,823.9200439453125,563.5263671875,182,279,908,601,1024,853
251498546,0.6959807276725769,28.353599548339844,780.3932495117188,608.1322021484375,922.5079956054688,0,759,696,944,929,1024
253216703,0.8959043025970459,198.04061889648438,303.2483825683594,693.2886962890625,463.26751708984375,123,279,768,488,1024,714
253569881,0.7971201539039612,182.0098114013672,99.4171142578125,446.8940124511719,852.5367431640625,142,0,487,966,683,1024
254859450,0.8987622261047363,17.949676513671875,281.5818176269531,987.4124755859375,780.29052734375,0,206,1024,856,1024,1024
255854123,0.6862431764602661,269.8775329589844,299.77777099609375,754.013427734375,479.2332763671875,197,272,827,507,1024,683
256550724,0.656623899936676,546.97705078125,6.010814666748047,657.0189208984375,251.63429260253906,530,0,674,289,1024,768
256619740,0.5480799674987793,561.7941284179688,436.8397521972656,692.3683471679688,492.2582702636719,542,428,712,501,1024,768
258602152,0.9081611037254333,85.13458251953125,162.45579528808594,930.603759765625,575.1322631835938,0,100,1024,638,1024,768
258620358,0.3860956132411957,337.4587097167969,808.8634643554688,412.2045593261719,846.4461059570312,326,803,424,853,768,1024
261183889,0.40717074275016785,164.24729919433594,131.22877502441406,628.8759155273438,327.4990234375,94,101,699,357,884,663
261450276,0.863815188407898,206.97738647460938,246.26783752441406,634.49609375,501.9196472167969,142,207,699,541,1024,768
262191960,0.78630530834198,154.86715698242188,159.41409301757812,878.064453125,575.1226196289062,46,97,987,638,1024,680
264758216,0.9210017919540405,190.91415405273438,98.71998596191406,884.1312255859375,433.56591796875,86,48,989,484,1024,576
265505270,0.5246332287788391,321.26318359375,315.93878173828125,499.215576171875,463.148681640625,294,293,526,486,768,1024
266775359,0.5121768116950989,337.4367980957031,279.2240295410156,699.08154296875,451.46014404296875,283,253,754,478,1024,768
268152664,0.8881754279136658,390.9723815917969,111.9727554321289,560.0426025390625,631.9205322265625,365,33,586,683,1024,683
268644679,0.8901434540748596,143.71414184570312,223.1103515625,570.0800170898438,880.3778076171875,79,124,635,979,768,1024
269285916,0.4198777377605438,34.76055908203125,332.6502380371094,547.8944091796875,745.524658203125,0,270,625,808,768,1024
269554278,0.8992131948471069,79.49388122558594,152.67965698242188,727.749267578125,384.52008056640625,0,117,800,420,800,573
271587350,0.8257840275764465,410.90325927734375,242.73663330078125,671.4617309570312,498.0790100097656,371,204,711,537,1024,768
271722486,0.6258751153945923,748.4361572265625,158.24415588378906,979.5064697265625,228.65953063964844,713,147,1015,240,1024,684
271857701,0.47238391637802124,156.66937255859375,272.11041259765625,838.6832275390625,572.816650390625,54,227,941,618,1024,773
273131668,0.8514391779899597,234.16676330566406,500.015380859375,496.47772216796875,617.9891357421875,194,482,536,636,768,1024
274273529,0.9064091444015503,287.56475830078125,192.15321350097656,931.8922729492188,498.6954345703125,190,146,1024,545,1024,768
274955642,0.8927904367446899,29.44244384765625,4.178761959075928,998.5394897460938,401.6494140625,0,0,1024,413,1024,413
277182016,0.8968279957771301,67.83743286132812,205.87835693359375,911.5523681640625,497.93487548828125,0,162,1024,542,1024,683
284498611,0.6124395728111267,336.52178955078125,408.76837158203125,492.3078308105469,821.6089477539062,313,346,516,884,771,1024
286393480,0.8496617674827576,234.270751953125,275.0574951171875,672.5205688476562,617.274658203125,168,223,739,669,1024,768
286880756,0.7282635569572449,487.1885681152344,272.9176330566406,718.9254150390625,430.857666015625,452,249,754,455,1024,683
291658735,0.8842959403991699,216.64073181152344,462.4036560058594,576.5200805664062,713.0654296875,162,424,631,751,768,1024
292393391,0.8539543747901917,359.8305358886719,247.16580200195312,634.281005859375,459.6764221191406,318,215,676,492,1024,693
292746630,0.7382371425628662,226.33343505859375,344.44329833984375,615.0790405273438,533.7908935546875,168,316,674,563,1024,888
294785019,0.2754002809524536,722.8815307617188,530.9384765625,767.5233764648438,541.4539794921875,716,529,768,544,768,1024
298729707,0.4803719222545624,602.712890625,370.8033142089844,760.6512451171875,559.1323852539062,579,342,785,588,1024,693
298750417,0.882878303527832,41.085235595703125,21.80974769592285,982.715087890625,525.494140625,0,0,1024,564,1024,564
298775830,0.6184409856796265,277.49951171875,373.33746337890625,611.9967651367188,576.6246337890625,227,342,663,608,761,1024
305145751,0.7091501355171204,36.3519287109375,152.0601043701172,1002.34765625,281.0869140625,0,132,1024,301,1024,453
306509306,0.8604493737220764,187.41848754882812,409.8031005859375,561.5661010742188,539.0327758789062,131,390,618,559,768,1024
307139509,0.8866061568260193,130.2091064453125,247.3601837158203,920.420654296875,524.1071166992188,11,205,1024,566,1024,683
311551213,0.4577763080596924,438.88128662109375,280.14361572265625,624.4967651367188,350.8241271972656,411,269,653,362,1024,683
312586771,0.7791760563850403,51.228515625,222.30186462402344,951.1478881835938,744.3748168945312,0,143,1024,823,1024,869
313017384,0.6523117423057556,210.6269989013672,458.09527587890625,601.8507080078125,649.3059692382812,151,429,661,678,768,1024
315872257,0.8532271981239319,82.01593017578125,162.9327392578125,1016.5491333007812,367.4026794433594,0,132,1024,399,1024,495
316661545,0.46602964401245117,143.03790283203125,280.44049072265625,883.7496948242188,584.5072021484375,31,234,995,631,1024,768
317372197,0.9041730165481567,72.45794677734375,259.87091064453125,960.3634643554688,534.9335327148438,0,218,1024,577,1024,768
318538084,0.764856219291687,441.93487548828125,228.56680297851562,897.3967895507812,324.3734130859375,373,214,966,339,1024,768
318556111,0.7756189703941345,274.78424072265625,366.1012878417969,616.4116821289062,587.5994873046875,223,332,668,621,1024,693
319328693,0.5464969277381897,802.362060546875,142.1570587158203,836.1788330078125,195.4930877685547,797,134,842,204,1024,683
319778585,0.5114315152168274,204.61795043945312,226.1603240966797,975.3416748046875,384.1073913574219,89,202,1024,408,1024,683
319889513,0.6517234444618225,730.7728271484375,238.76531982421875,1019.6888427734375,299.4803466796875,687,229,1024,309,1024,768
321994814,0.4791293442249298,345.4749755859375,207.45225524902344,621.8598022460938,554.8724975585938,304,155,664,607,1024,787
325114267,0.8961269855499268,221.38711547851562,179.44850158691406,558.637451171875,371.6566467285156,170,150,610,401,1024,683
326318427,0.8467720150947571,176.94039916992188,247.18679809570312,509.46466064453125,366.2724609375,127,229,560,385,648,611
327471634,0.7148187160491943,512.8846435546875,138.5836181640625,640.7686767578125,508.9154968261719,493,83,660,565,1024,576
328750300,0.5354424715042114,753.5038452148438,230.1376190185547,980.8391723632812,341.58868408203125,719,213,1015,359,1024,768
329049285,0.6107812523841858,603.695556640625,422.8184814453125,770.02880859375,671.4556274414062,578,385,795,683,1024,683
329049290,0.6133191585540771,746.0717163085938,30.652326583862305,890.2203979492188,91.1980209350586,724,21,912,101,1024,683
329141826,0.901714563369751,143.14913940429688,372.16314697265625,701.197509765625,543.75244140625,59,346,768,570,768,1024
331349935,0.48587068915367126,233.01797485351562,393.62786865234375,322.5511779785156,418.6396179199219,219,389,336,423,1024,768
331756412,0.5940718650817871,472.940673828125,236.70419311523438,576.8927612304688,323.2684020996094,457,223,593,337,768,1024
331758122,0.7644910216331482,278.333251953125,474.7383117675781,527.5773315429688,521.5961303710938,240,467,565,529,768,1024
335030758,0.8451825976371765,298.8465576171875,112.17052459716797,677.5233764648438,538.4859008789062,242,48,735,603,1024,768
335807459,0.42785921692848206,0.4251079559326172,796.8162841796875,167.86099243164062,924.603515625,0,777,193,944,768,1024
335845852,0.9139974117279053,208.88714599609375,345.4780578613281,856.1958618164062,717.0885009765625,111,289,954,773,1024,1024
336655343,0.7386510372161865,133.1895751953125,90.9708480834961,933.814208984375,607.7501831054688,13,13,1024,686,1024,819
337845510,0.5266774892807007,763.2032470703125,138.70677185058594,925.1048583984375,226.614013671875,738,125,950,240,1024,683
338528730,0.705079197883606,201.7464599609375,229.1778106689453,910.9541015625,491.2917785644531,95,189,1018,531,1024,700
340106208,0.409302294254303,354.22662353515625,48.77178955078125,748.6807250976562,639.543701171875,295,0,808,729,1024,768
342062760,0.6649248600006104,172.87489318847656,169.60130310058594,682.4148559570312,465.8636779785156,96,125,759,511,1024,683
342632854,0.3975372910499573,0.13108062744140625,31.27825927734375,767.4698486328125,1023.7802124023438,0,0,768,1024,768,1024
343070959,0.8051614761352539,389.0560302734375,299.2185363769531,624.5006713867188,384.4732360839844,353,286,660,398,1024,771
343810618,0.8555684089660645,242.63064575195312,399.53125,409.5601501464844,703.6151123046875,217,353,435,750,576,1024
343957535,0.5962499976158142,-0.354705810546875,255.75112915039062,274.5921936035156,379.9846496582031,0,237,316,399,1024,768
344153198,0.3734833598136902,396.4586181640625,393.26300048828125,788.4747314453125,701.1885375976562,337,347,848,748,1024,768
344490445,0.8255677819252014,311.98553466796875,461.6304016113281,546.4315185546875,807.80908203125,276,409,582,860,768,1024
344490796,0.8643268346786499,237.73211669921875,183.7290802001953,1022.1043090820312,649.1741333007812,120,113,1024,719,1024,768
345479590,0.5199830532073975,145.07058715820312,174.25064086914062,794.3880615234375,434.4447326660156,47,135,892,474,1024,576
345562997,0.8907755613327026,369.90582275390625,59.63488006591797,768.6416625976562,680.78076171875,310,0,829,683,1024,683
345630871,0.4433770179748535,596.73828125,347.6536560058594,759.3265380859375,507.3337707519531,572,323,784,532,1024,576
346702129,0.9072487354278564,254.95907592773438,345.25439453125,564.1331787109375,541.4448852539062,208,315,611,571,768,1024
346728390,0.8767806887626648,208.90719604492188,178.30274963378906,604.7960205078125,545.83447265625,149,123,665,601,872,1024
355874985,0.7721535563468933,195.54144287109375,288.68017578125,753.9156494140625,388.6009826660156,111,273,838,404,1024,683
356061351,0.8485626578330994,128.79827880859375,280.783203125,866.2764282226562,449.2574157714844,18,255,977,475,1024,683
358065553,0.377002477645874,377.2431640625,60.79631423950195,579.6922607421875,486.067138671875,346,0,611,550,1024,683
358065562,0.6825603246688843,407.1061706542969,186.3121337890625,711.10498046875,368.9301452636719,361,158,757,397,1024,683
359956392,0.9198331832885742,185.9757080078125,263.3132629394531,925.490234375,515.9041748046875,75,225,1024,554,1024,768
360052645,0.6631008982658386,70.94015502929688,186.34747314453125,388.2749938964844,514.9330444335938,23,137,436,565,445,698
360458800,0.8486821055412292,175.31631469726562,304.4695129394531,830.359619140625,710.6575927734375,77,243,929,772,1024,1024
361879920,0.5365617871284485,149.22412109375,300.8182678222656,504.183837890625,505.0019836425781,95,270,558,536,768,1024
362174213,0.8843591213226318,159.650390625,318.4110107421875,767.7587890625,944.0562744140625,68,224,768,1024,768,1024
362175607,0.8295508623123169,191.86285400390625,385.3372802734375,507.7370910644531,564.4102783203125,144,358,556,592,768,1024
363612218,0.8858911395072937,154.44558715820312,199.7606201171875,727.8599853515625,1019.412353515625,68,76,768,1024,768,1024
365227703,0.8589566946029663,351.7176208496094,166.0056915283203,538.1145629882812,634.8160400390625,323,95,567,706,855,856
371263491,0.8126698136329651,130.19952392578125,203.8456268310547,951.6994018554688,407.2475280761719,6,173,1024,438,1024,582
372194270,0.919440746307373,181.61923217773438,188.92999267578125,624.6781005859375,377.57989501953125,115,160,692,406,720,544
377442867,0.6232722997665405,96.79925537109375,64.75520324707031,189.83236694335938,99.00707244873047,82,59,204,105,1024,768
377677116,0.9063695669174194,116.90725708007812,163.7489776611328,402.3174133300781,666.0575561523438,74,88,446,742,577,1024
389990616,0.8972750902175903,89.6502685546875,269.984619140625,852.709228515625,427.3356628417969,0,246,968,451,1024,692
393651641,0.8896565437316895,126.39065551757812,203.5615997314453,923.9085693359375,550.1161499023438,6,151,1024,603,1024,768
395103019,0.7186025977134705,295.8372802734375,165.02108764648438,1018.213134765625,528.1764526367188,187,110,1024,583,1024,683
398343917,0.33165618777275085,396.0901794433594,428.9405212402344,695.500732421875,583.9324951171875,351,405,741,608,768,1024
399003131,0.7021252512931824,39.97576904296875,128.26058959960938,728.4212036132812,470.2008361816406,0,76,832,522,1024,768
399477582,0.8999858498573303,163.4293975830078,231.35580444335938,628.10595703125,425.3961181640625,93,202,698,455,1024,655
399752717,0.38883841037750244,329.7519226074219,477.38812255859375,715.2928466796875,636.0355834960938,271,453,768,660,768,1024
400241619,0.8544771671295166,164.0413818359375,13.907936096191406,792.0372924804688,421.78985595703125,69,0,887,483,1024,768
403232408,0.8898568749427795,115.86614227294922,423.558837890625,491.1251220703125,798.31591796875,59,367,548,855,768,1024
403780443,0.868114173412323,277.67510986328125,572.2186279296875,537.7340087890625,763.74853515625,238,543,577,793,768,1024
405116739,0.7368981838226318,116.13824462890625,229.93995666503906,449.697998046875,677.0675659179688,66,162,500,745,768,1024
405422535,0.749371349811554,129.67343139648438,433.56060791015625,595.1918334960938,598.0263061523438,59,408,666,623,771,1024
17275915,0.5376832485198975,133.8040771484375,222.65109252929688,576.7062377929688,365.1083984375,67,201,644,387,800,533
34050679,0.5050997138023376,529.299072265625,496.56561279296875,767.170166015625,617.2942504882812,493,478,768,636,768,1024
34899256,0.5155385136604309,242.7958221435547,127.3297119140625,328.643310546875,307.0003967285156,229,100,342,310,552,310
35774134,0.8355966210365295,276.3927917480469,185.21002197265625,671.0645141601562,387.4752502441406,217,154,731,418,960,540
35984092,0.8790397644042969,423.65911865234375,109.215087890625,796.7809448242188,352.9828796386719,367,72,853,390,960,528
41454515,0.9129973649978638,40.5928955078125,56.60367965698242,999.9747314453125,597.0482788085938,0,0,1024,640,1024,640
59324526,0.8431822657585144,141.03460693359375,166.15054321289062,948.4219360351562,471.91552734375,19,120,1024,518,1024,684
65612061,0.6744468212127686,855.882568359375,146.95437622070312,967.8330078125,402.6540222167969,839,108,985,442,1024,683
69184100,0.6894478797912598,47.49578094482422,228.69970703125,811.7024536132812,564.6472778320312,0,178,927,616,1000,649
70386417,0.6783625483512878,324.10052490234375,237.50631713867188,481.772216796875,642.1044921875,300,176,506,703,1024,768
72357505,0.581997275352478,96.51861572265625,316.88690185546875,510.90032958984375,591.60791015625,34,275,574,633,1024,768
75813386,0.8656482696533203,106.93216705322266,286.2089538574219,673.4096069335938,534.8333740234375,21,248,759,573,795,795
93026059,0.637211799621582,208.124267578125,377.2221984863281,460.0857238769531,490.4497375488281,170,360,498,508,768,1024
96684924,0.4988586902618408,326.28240966796875,171.33872985839844,534.6296997070312,597.8516235351562,295,107,566,662,1024,681
97788699,0.3683456480503082,198.65017700195312,246.22256469726562,490.42889404296875,819.218017578125,154,160,535,906,683,1024
99690248,0.8132529854774475,58.122066497802734,119.4361343383789,539.156982421875,515.6363525390625,0,60,539,569,539,569
102233922,0.7710006237030029,428.06988525390625,269.5038757324219,610.3269653320312,419.2918395996094,400,247,638,442,1024,683
103510502,0.6727058291435242,258.69805908203125,240.00987243652344,426.36126708984375,516.69287109375,233,198,452,559,1024,683
107123409,0.9287101626396179,339.2083435058594,246.1995849609375,692.539794921875,507.70782470703125,286,206,746,547,1024,768
107452009,0.6785018444061279,157.15194702148438,297.8514709472656,894.7099609375,510.7590026855469,46,265,1006,543,1024,683
107452011,0.5816252827644348,223.94314575195312,328.86090087890625,999.7080078125,517.6390380859375,107,300,1024,546,1024,683
109139364,0.39958280324935913,398.4049072265625,327.25738525390625,652.0003662109375,464.779296875,360,306,691,486,1024,670
110263422,0.7465407848358154,248.5716552734375,3.0523524284362793,631.2774047851562,559.8179931640625,191,0,689,644,1024,683
118359461,0.3807268440723419,236.82139587402344,243.34799194335938,612.21923828125,381.56463623046875,180,222,669,403,800,536
118359462,0.41300737857818604,296.96337890625,192.1505126953125,703.174560546875,312.615478515625,236,174,765,331,800,536
132111263,0.8930810689926147,7.119781494140625,139.1193389892578,941.1903076171875,650.8092651367188,0,62,1024,728,1024,764
140759912,0.5409788489341736,322.1464538574219,194.705078125,406.7358093261719,233.61322021484375,309,188,420,240,1024,768
140784224,0.49154162406921387,211.00576782226562,245.8345184326172,741.51513671875,666.2781982421875,131,182,822,730,1024,768
144300306,0.6490769386291504,185.55218505859375,232.52723693847656,843.1250610351562,521.4947509765625,86,189,942,565,1024,768
144479270,0.8832874298095703,48.65668487548828,448.40594482421875,703.0889282226562,649.6516723632812,0,418,768,680,768,1024
146464781,0.8704566359519958,252.477783203125,260.5002136230469,708.3619995117188,452.78118896484375,184,231,777,482,1024,768
150666686,0.8505709767341614,312.55194091796875,258.2426452636719,609.5195922851562,496.6336669921875,268,222,655,533,1024,683
159818787,0.8999367952346802,35.03824234008789,69.72708129882812,796.9124755859375,474.88916015625,0,8,873,494,873,494
163286254,0.7772487998008728,128.713623046875,169.57366943359375,1017.9722900390625,739.3648681640625,0,84,1024,768,1024,768
163286526,0.5574811100959778,40.50663757324219,368.8831787109375,768.1818237304688,1005.287109375,0,273,768,1024,768,1024
168631459,0.6610840559005737,376.19134521484375,-0.7300269603729248,577.4818115234375,641.6152954101562,345,0,608,680,1024,680
175387214,0.4797307252883911,418.24542236328125,309.2581481933594,605.214111328125,419.0180969238281,390,292,634,436,1024,683
175388244,0.4877857267856598,423.4310302734375,243.40484619140625,595.5445556640625,381.6531677246094,397,222,622,403,1024,683
176019774,0.6042710542678833,385.1933898925781,294.01654052734375,476.5943908691406,378.22442626953125,371,281,491,391,1024,768
182732943,0.7769194841384888,315.31536865234375,266.6873474121094,563.1519775390625,406.15618896484375,278,245,601,428,1024,768
184087226,0.8952738642692566,150.96495056152344,480.766357421875,512.68212890625,689.2952880859375,96,449,567,721,768,1024
184651465,0.8604426980018616,258.3493347167969,209.174560546875,853.7216796875,527.4512329101562,169,161,944,576,1024,768
188876606,0.8503644466400146,171.14675903320312,213.3834991455078,291.29248046875,663.63427734375,153,145,310,732,473,1024
190576147,0.7519983649253845,162.91943359375,330.041259765625,585.0760498046875,535.1537475585938,99,299,649,566,768,1024
190789436,0.8110140562057495,99.81980895996094,354.802001953125,487.49700927734375,502.09735107421875,41,332,546,525,768,1024
192326487,0.48304980993270874,278.953125,458.3750305175781,414.22418212890625,508.6221618652344,258,450,435,517,768,1024
195057079,0.8636519908905029,255.6298828125,255.34024047851562,508.318603515625,738.60791015625,217,182,547,812,768,1024
195669637,0.6453062891960144,338.32275390625,315.7440185546875,545.651123046875,410.43927001953125,307,301,577,425,1024,684
196179768,0.5572364330291748,3.828216552734375,2.9650497436523438,753.4449462890625,729.006591796875,0,0,866,768,1024,768
196492213,0.8061092495918274,327.1557922363281,317.796875,475.4925537109375,726.89697265625,304,256,498,789,683,1024
199278412,0.5973864197731018,209.50253295898438,131.50765991210938,832.6119384765625,522.2543334960938,116,72,927,581,1024,692
200055703,0.8584126234054565,356.02410888671875,203.04244995117188,990.2225952148438,413.1177062988281,260,171,1024,445,1024,768
200816725,0.5048215985298157,616.87744140625,653.4782104492188,766.3401489257812,876.9374389648438,594,619,768,911,768,1024
207353199,0.9103434085845947,56.58515167236328,452.1112060546875,647.561279296875,766.3179931640625,0,404,737,814,768,1024
214945063,0.9186877608299255,61.65055847167969,372.10736083984375,758.4593505859375,732.9379272460938,0,317,768,788,768,1024
215680895,0.5957670211791992,227.40457153320312,244.47267150878906,816.68017578125,630.0823974609375,139,186,906,688,1024,829
221770620,0.7710660696029663,310.64031982421875,318.66748046875,759.5884399414062,460.27191162109375,243,297,827,482,1024,768
231158461,0.4414777159690857,280.1626281738281,69.68328094482422,733.8145751953125,201.16659545898438,212,49,802,221,1024,576
233852571,0.88498854637146,300.0494689941406,165.85659790039062,1001.154052734375,665.8446655273438,194,90,1000,667,1000,667
237404773,0.7201932668685913,349.0738220214844,566.8365478515625,467.68890380859375,712.969970703125,331,544,486,735,768,1024
240672139,0.500983715057373,326.5908203125,334.0708923339844,550.9369506835938,573.1349487304688,292,298,585,609,768,1024
241240202,0.8674858212471008,150.9444580078125,551.482177734375,573.9746704101562,750.7001953125,87,521,576,781,576,1024
242630611,0.8305323719978333,323.6650390625,439.31494140625,596.404052734375,719.935302734375,282,397,638,763,768,1024
243284503,0.5121064782142639,180.5443115234375,184.48365783691406,913.8331298828125,673.8426513671875,70,111,1024,748,1024,819
245049448,0.8471758365631104,226.6529083251953,242.05902099609375,423.40966796875,519.219482421875,197,200,453,561,577,1024
248053952,0.8141021728515625,28.288394927978516,240.58018493652344,894.1661376953125,466.38165283203125,0,206,1000,501,1000,667
250679741,0.4826568067073822,875.6435546875,557.2714233398438,955.60107421875,594.8726806640625,863,551,968,601,1024,768
254310293,0.7322961688041687,309.9493408203125,172.13824462890625,868.9739990234375,400.1111145019531,226,137,953,435,1024,683
255454443,0.8987293839454651,93.80211639404297,326.8728942871094,625.0836181640625,668.4190673828125,14,275,705,720,768,1024
257094354,0.8719381093978882,134.85238647460938,284.4698791503906,813.2979736328125,391.3692626953125,33,268,916,408,1024,712
257888268,0.4601302444934845,239.94097900390625,222.54493713378906,766.6057739257812,683.1424560546875,160,153,846,683,1024,683
261822636,0.5172020792961121,343.450927734375,142.29385375976562,542.0931396484375,688.8870849609375,313,60,572,771,768,1024
263179744,0.6688033938407898,240.40362548828125,279.58538818359375,516.7677001953125,665.5632934570312,198,221,559,724,768,1024
265248573,0.8313844203948975,393.2184753417969,202.53347778320312,508.8795471191406,512.9104614257812,375,155,527,560,1024,768
265248642,0.8451718091964722,93.37471008300781,253.64193725585938,526.4450073242188,544.0321044921875,28,210,576,588,576,1024
265249492,0.5781984925270081,237.89231872558594,149.60818481445312,599.2376098632812,680.9815673828125,183,69,654,761,771,1024
271387538,0.8286357522010803,256.086669921875,420.4160461425781,577.3468627929688,617.944091796875,207,390,626,648,768,1024
281777474,0.7141543030738831,119.06709289550781,366.8541259765625,463.78857421875,525.9529418945312,67,342,516,550,1024,683
284420792,0.41168680787086487,402.6175842285156,279.9442138671875,1024.3485107421875,647.37548828125,309,224,1024,683,1024,683
284456367,0.6198177337646484,239.45181274414062,230.69651794433594,1024.2728271484375,470.8149108886719,121,194,1024,507,1024,683
284456370,0.452004075050354,148.746337890625,103.7357177734375,482.197998046875,523.0345458984375,98,40,533,581,1024,581
286685622,0.6745960116386414,216.87062072753906,465.45147705078125,475.25933837890625,645.9015502929688,178,438,515,673,768,1024
288397161,0.6978654265403748,397.72723388671875,374.3315124511719,484.38555908203125,401.4918518066406,384,370,498,406,768,1024
293408695,0.4391556978225708,378.35931396484375,326.3831787109375,759.9226684570312,496.30010986328125,321,300,818,522,1024,768
297865733,0.8547162413597107,255.46604919433594,435.8154296875,598.9866333007812,664.114013671875,203,401,651,699,768,1024
302781635,0.9208800792694092,229.19003295898438,225.0762481689453,408.46783447265625,642.1146240234375,202,162,436,705,768,1024
302793814,0.8586803674697876,348.6246643066406,349.878662109375,569.6815795898438,789.7779541015625,315,283,603,856,768,1024
309151442,0.23935452103614807,-0.1185150146484375,2.2257080078125,767.873779296875,1026.2154541015625,0,0,768,1024,768,1024
311911553,0.8986982107162476,522.853759765625,321.7738952636719,736.37890625,411.72314453125,490,308,769,426,1024,683
321003184,0.7662321329116821,272.842041015625,526.7356567382812,580.3933715820312,757.1511840820312,226,492,627,792,768,1024
322519369,0.7949469089508057,151.1649627685547,285.6138610839844,327.33123779296875,519.8883056640625,124,250,354,556,668,655
323455819,0.8717145919799805,249.57911682128906,311.3309020996094,665.030517578125,849.93212890625,187,230,728,931,845,1024
323776164,0.6716563701629639,243.3634033203125,115.3762435913086,786.8680419921875,504.33709716796875,161,57,869,563,1024,768
323962215,0.38276222348213196,262.0635070800781,347.20220947265625,540.7760620117188,836.0081176757812,220,273,583,910,771,1024
324089846,0.4136735200881958,264.4867248535156,146.76075744628906,588.22900390625,324.92486572265625,215,120,637,352,1024,576
324684831,0.8023178577423096,48.57847595214844,442.6435241699219,481.51434326171875,584.508056640625,0,421,547,606,768,1024
324711415,0.5686792135238647,427.85009765625,232.5089111328125,665.3278198242188,535.4598388671875,392,187,701,581,768,1024
325272944,0.38276222348213196,262.0635070800781,347.20220947265625,540.7760620117188,836.0081176757812,220,273,583,910,771,1024
328485727,0.48424381017684937,307.4716491699219,224.43606567382812,629.8565673828125,439.92608642578125,259,192,679,473,1024,768
329949731,0.46881964802742004,162.31158447265625,2.947174072265625,881.4927368164062,731.7720947265625,54,0,990,768,1024,768
330453140,0.899741530418396,116.47866821289062,230.9062957763672,833.1307373046875,573.6098022460938,8,179,941,626,1024,768
330865782,0.44773441553115845,115.19282531738281,529.9234619140625,339.722412109375,755.1109008789062,81,496,374,789,600,800
331425553,0.4880186915397644,170.56178283691406,120.15567016601562,574.72412109375,234.77816772460938,109,102,636,252,768,1024
331495546,0.8771982192993164,261.5743713378906,499.86419677734375,539.7359619140625,662.9418334960938,219,475,582,688,768,1024
334110968,0.8278214931488037,268.38232421875,322.88946533203125,444.6882019042969,612.3128051757812,241,279,472,656,674,899
339724517,0.8202113509178162,243.2531280517578,117.98174285888672,436.82281494140625,447.7467041015625,214,68,466,498,719,668
340554789,0.7764224410057068,259.3996887207031,1.097907304763794,621.4398193359375,622.9174194335938,205,0,676,683,1024,683
342509543,0.7084149718284607,249.64480590820312,252.52001953125,433.1709289550781,651.0191650390625,222,192,461,711,576,1024
342636778,0.5706434845924377,175.31771850585938,396.4207763671875,897.810791015625,751.0223388671875,66,343,1007,768,1024,768
345592886,0.4723253548145294,203.22244262695312,140.37310791015625,841.189697265625,465.0517272949219,107,91,937,514,1024,576
345892494,0.8456072211265564,171.15574645996094,6.422445774078369,681.693115234375,671.7603149414062,94,0,759,683,1024,683
351200509,0.90738445520401,67.9019775390625,81.96224212646484,958.97216796875,627.4241943359375,0,0,1024,683,1024,683
353273687,0.5580110549926758,138.77243041992188,220.23776245117188,1024.8394775390625,565.849365234375,5,168,1024,618,1024,768
356515260,0.864196240901947,259.3363342285156,232.38510131835938,612.0308837890625,360.3591003417969,206,213,665,380,1024,683
358240710,0.720589816570282,224.25453186035156,374.10723876953125,498.67620849609375,626.1431884765625,183,336,540,664,768,1024
358851221,0.7983078956604004,181.29225158691406,50.490631103515625,548.4490356445312,945.1854248046875,126,0,604,1024,768,1024
363598162,0.7700725197792053,346.5203857421875,317.5799255371094,645.221923828125,459.88385009765625,301,296,691,482,1024,768
367180676,0.8894509673118591,157.75985717773438,272.0623779296875,811.5418701171875,465.30059814453125,59,243,910,495,1024,768
377413935,0.8746211528778076,178.6319580078125,532.305419921875,479.94580078125,798.659423828125,133,492,526,839,768,1024
378773902,0.7692323923110962,298.131103515625,381.7786560058594,448.99456787109375,752.6932373046875,275,326,472,809,768,1024
386782713,0.7757499814033508,232.3531494140625,269.8337097167969,795.3946533203125,457.86260986328125,147,241,880,487,1024,768
389619321,0.7459297180175781,378.77374267578125,522.7686767578125,474.34716796875,626.4176025390625,364,507,489,642,768,1024
392672168,0.9115068912506104,2.0862579345703125,249.16864013671875,749.6953125,760.1051635742188,0,172,862,837,891,870
392860949,0.8392841219902039,280.80029296875,101.30564880371094,694.57861328125,390.63421630859375,218,57,757,435,1024,576
393051899,0.602724015712738,509.87066650390625,233.12527465820312,723.7931518554688,485.987548828125,477,195,756,524,1024,768
394302921,0.33924075961112976,201.0615692138672,944.9908447265625,365.76617431640625,1022.1673583984375,176,933,391,1024,768,1024
401204362,0.472652792930603,98.83479309082031,368.6199951171875,483.8445739746094,788.8201904296875,41,305,542,852,768,1024
402103791,0.7575347423553467,250.3282470703125,124.13790893554688,829.4249267578125,878.707763671875,163,10,917,992,1001,1024
402436634,0.7333967089653015,276.9140930175781,399.0044860839844,570.3248291015625,503.8504943847656,232,383,615,520,947,1024
622402,0.9139846563339233,55.293853759765625,159.66236877441406,1020.89892578125,433.6725158691406,0,118,1024,475,1024,683
2505189,0.8989351987838745,41.89569091796875,52.4913330078125,956.6187133789062,305.3951110839844,0,14,1024,344,1024,379
7942682,0.9067254066467285,162.44772338867188,264.1081848144531,946.8804931640625,555.1678466796875,44,220,1024,599,1024,768
8184928,0.5112131237983704,155.990478515625,185.12344360351562,819.0842895507812,542.2965087890625,56,131,919,576,1024,576
8778819,0.8810417056083679,106.00100708007812,156.32696533203125,914.1800537109375,374.5975341796875,0,123,1024,408,1024,576
8872999,0.7489578723907471,19.67906951904297,55.16651153564453,377.0530090332031,274.5444030761719,0,22,431,308,800,532
9319854,0.8846926689147949,13.181884765625,62.1999397277832,997.3142700195312,407.89117431640625,0,10,1024,441,1024,441
11590525,0.4801715910434723,965.5404052734375,150.2992706298828,1021.887451171875,311.73016357421875,957,126,1024,336,1024,768
14079997,0.586502194404602,194.474609375,167.63714599609375,703.4425048828125,443.2901916503906,118,126,780,485,1024,574
18573405,0.8367009162902832,166.81101989746094,57.73000717163086,373.3795166015625,651.0867309570312,135,0,405,741,534,800
19947178,0.8256658911705017,120.2525634765625,106.32649993896484,915.5186767578125,422.0072326660156,0,58,1024,470,1024,572
23096729,0.32539352774620056,242.73216247558594,49.9332275390625,514.8164672851562,945.4232788085938,201,0,556,1024,768,1024
26304569,0.5444759726524353,1.7860968112945557,332.271240234375,278.9755554199219,459.4273681640625,0,313,321,479,473,1024
28710849,0.8656629323959351,56.46282958984375,149.08016967773438,955.2785034179688,402.69793701171875,0,111,1024,441,1024,576
34579646,0.8509652614593506,109.17306518554688,107.6722412109375,1024.02197265625,543.719482421875,0,42,1024,610,1024,768
37131039,0.8431348204612732,78.220458984375,231.866943359375,992.4752197265625,562.155029296875,0,182,1024,612,1024,768
37131249,0.8281644582748413,38.995330810546875,193.1590576171875,982.566162109375,497.6291198730469,0,147,1024,544,1024,768
37132889,0.849655270576477,51.25164794921875,385.67919921875,961.92333984375,693.925537109375,0,339,1024,741,1024,768
39656984,0.7819129824638367,121.71218872070312,233.9690399169922,973.918212890625,529.5891723632812,0,189,1024,574,1024,683
52280855,0.3905322551727295,457.169677734375,110.19351196289062,590.162841796875,744.1868896484375,437,15,611,768,1024,768
57622027,0.38521045446395874,131.0863494873047,307.89410400390625,277.69793701171875,732.8524780273438,109,244,300,797,768,1024
58599904,0.8935514092445374,243.40765380859375,186.33212280273438,768.380126953125,520.7426147460938,164,136,848,571,1024,576
59875327,0.8803359866142273,106.06085205078125,233.13790893554688,872.7304077148438,405.34466552734375,0,207,988,432,1024,696
63888025,0.8508598208427429,76.59603881835938,8.617738723754883,985.20556640625,376.4232482910156,0,0,1024,398,1024,398
76432702,0.8935860395431519,56.8916015625,160.92276000976562,922.7515869140625,536.58349609375,0,104,1024,593,1024,768
77406388,0.8636937141418457,88.02214050292969,371.9574279785156,758.9281005859375,759.358154296875,0,313,768,818,768,1024
78794767,0.44898176193237305,88.24932861328125,179.785400390625,853.8590087890625,525.3473510742188,0,127,969,578,1024,768
78976390,0.7887834906578064,46.22735595703125,67.26512908935547,975.524169921875,359.5919494628906,0,23,1024,404,1024,472
85743562,0.879957914352417,203.4661102294922,152.294677734375,536.0682373046875,884.4537353515625,153,42,586,995,768,1024
87828930,0.889619767665863,213.95437622070312,282.667724609375,377.36138916015625,788.72509765625,189,206,402,865,576,1024
97220152,0.8820549249649048,281.3349609375,89.06814575195312,569.4471435546875,992.00830078125,238,0,613,1024,768,1024
99149452,0.8861680626869202,0.709228515625,339.8399658203125,586.7725219726562,508.1489562988281,0,314,640,534,640,852
100303159,0.8100901246070862,290.0894775390625,780.6621704101562,594.4495849609375,858.0140991210938,244,769,641,870,768,1024
103660630,0.8848658800125122,121.31011962890625,226.64273071289062,862.1903686523438,563.85986328125,10,176,974,615,1024,768
104272115,0.900205671787262,174.17074584960938,162.30824279785156,728.6976318359375,483.900390625,90,114,812,533,1024,684
105414917,0.8440669775009155,-9.38372802734375,127.46231079101562,990.9232788085938,512.30517578125,0,69,1024,571,1024,576
106380633,0.8850034475326538,69.801025390625,338.7216491699219,607.4495239257812,521.0768432617188,0,311,689,549,1024,683
106380643,0.8862245678901672,373.3603515625,250.7053985595703,577.9672241210938,457.3515930175781,342,219,609,489,1024,683
120456466,0.8844026923179626,94.36367797851562,467.60980224609375,742.4439697265625,766.2855834960938,0,422,768,812,768,1024
125178411,0.4992872476577759,237.39434814453125,199.35748291015625,818.3069458007812,496.056396484375,150,154,906,541,1024,683
127486798,0.8600479364395142,83.5519790649414,68.10150146484375,419.963623046875,926.238525390625,33,0,471,1024,498,1024
130044234,0.36687207221984863,283.460693359375,225.97714233398438,915.947265625,523.1651611328125,188,181,1011,568,1024,683
136159155,0.8350016474723816,288.90521240234375,101.131591796875,660.2877197265625,894.116943359375,233,0,716,1014,768,1024
141589840,0.8847818374633789,54.685821533203125,206.34500122070312,967.20166015625,464.5934753417969,0,167,1024,504,1024,576
142124514,0.9014391303062439,158.03863525390625,197.34063720703125,964.7223510742188,504.17431640625,37,151,1024,551,1024,768
142748216,0.8853617906570435,73.64212036132812,383.18841552734375,865.4918212890625,664.349609375,0,341,985,707,1024,768
143629620,0.7156718969345093,399.2486267089844,238.20895385742188,693.22607421875,567.8404541015625,355,188,738,618,1024,768
144527650,0.8884339928627014,25.407760620117188,403.6137390136719,620.7243041992188,969.7279052734375,0,318,711,1024,768,1024
144922325,0.725454568862915,85.3170166015625,208.51388549804688,1025.214111328125,544.6929931640625,0,158,1024,596,1024,768
144922338,0.876208484172821,186.552734375,120.43740844726562,590.6741943359375,876.71630859375,125,6,652,991,768,1024
147020506,0.6289570927619934,91.82516479492188,418.48211669921875,757.1485595703125,752.2063598632812,0,368,771,803,771,1024
149159638,0.906588077545166,153.30706787109375,81.57665252685547,694.9832763671875,422.66473388671875,72,30,777,474,1024,578
149470211,0.9088822603225708,167.5662841796875,282.1874084472656,861.05712890625,542.2381591796875,63,243,966,582,1024,768
149557219,0.8965761065483093,26.332061767578125,128.55747985839844,965.2554931640625,414.1802062988281,0,85,1024,458,1024,602
153543874,0.7500940561294556,99.44964599609375,274.29681396484375,987.6050415039062,512.6397094726562,0,238,1024,549,1024,768
153892642,0.42681998014450073,167.32986450195312,387.8500671386719,405.25360107421875,1016.9237060546875,131,293,441,1024,768,1024
159812834,0.510555624961853,355.82086181640625,123.76872253417969,704.1006469726562,642.6143798828125,303,45,757,721,1024,768
162460331,0.5417975187301636,171.58517456054688,385.72955322265625,531.60205078125,879.6901245117188,117,311,586,954,768,1024
163051018,0.7801680564880371,22.466583251953125,178.8634490966797,982.72607421875,491.4812316894531,0,131,1024,539,1024,597
163746749,0.6766165494918823,158.07223510742188,223.18701171875,810.1959228515625,502.73455810546875,60,181,909,545,1024,684
169557356,0.8390166163444519,204.4421844482422,142.7855682373047,703.64208984375,356.9446105957031,129,110,779,390,1024,484
171652793,0.7306802868843079,309.7554931640625,80.22174072265625,467.83612060546875,919.4464111328125,286,0,492,1024,768,1024
174624322,0.3701612651348114,403.0616455078125,38.1228141784668,603.0663452148438,571.2115478515625,373,0,634,652,1024,683
175388105,0.8730601668357849,410.73480224609375,279.0748291015625,541.8027954101562,497.3204345703125,391,246,562,531,1024,683
176020569,0.8499222993850708,302.38360595703125,465.61138916015625,444.16729736328125,700.0183715820312,281,430,466,736,768,1024
179970966,0.8895391821861267,170.65603637695312,347.9583435058594,1015.737060546875,514.86669921875,43,322,1024,540,1024,768
181854184,0.800485372543335,234.26016235351562,170.02801513671875,685.859375,722.0314331054688,166,87,754,805,768,1024
182648759,0.4554826617240906,311.29241943359375,227.2574005126953,960.1361694335938,366.1224365234375,213,206,1024,387,1024,683
184987674,0.6588699221611023,55.938541412353516,93.45909118652344,839.7727661132812,404.0380554199219,0,46,918,451,918,552
187521295,0.9007571339607239,292.4309387207031,154.29605102539062,967.18798828125,404.90948486328125,191,116,1024,443,1024,578
188641008,0.4761151373386383,118.4520263671875,-1.24017333984375,601.5975341796875,276.5440673828125,45,0,675,319,1024,768
190639565,0.7121416926383972,203.83938598632812,260.6302795410156,913.688720703125,507.6767272949219,97,223,1021,545,1024,683
190639566,0.5577618479728699,255.3460693359375,191.05718994140625,913.981689453125,471.3356628417969,156,149,1013,514,1024,683
190639567,0.5042719841003418,117.93634033203125,88.8692626953125,690.667236328125,509.39117431640625,32,25,777,573,1024,683
190640119,0.808639645576477,177.50967407226562,168.34335327148438,975.0518798828125,538.889404296875,57,112,1024,595,1024,683
190640120,0.7349667549133301,7.045379638671875,131.47853088378906,749.165771484375,476.4730224609375,0,79,861,529,1024,683
190788764,0.7261523604393005,80.3257827758789,457.9919738769531,539.3099365234375,576.0781860351562,11,440,609,594,768,1024
191732877,0.20586711168289185,300.2994689941406,285.5552673339844,829.0421142578125,479.8185119628906,220,256,909,509,1024,683
192636620,0.5488961935043335,262.9236755371094,46.5589599609375,650.4642944335938,878.2159423828125,204,0,709,1003,782,1024
192766050,0.8843930959701538,123.11064147949219,178.9642333984375,601.6356201171875,757.9578857421875,51,92,674,845,768,1024
194961499,0.8497819304466248,-0.07965087890625,272.12384033203125,781.805908203125,474.52789306640625,0,241,900,505,1024,683
194983875,0.7724854946136475,167.34829711914062,209.29348754882812,586.4507446289062,844.73876953125,104,113,650,941,768,1024
196219192,0.8415048718452454,89.62994384765625,84.90306091308594,760.693115234375,459.08551025390625,0,28,862,516,1024,576
196219194,0.887060821056366,37.482025146484375,192.4392547607422,868.6346435546875,454.1931457519531,0,153,994,494,1024,683
198048494,0.7966658473014832,-1.7642822265625,295.8807373046875,959.1924438476562,706.400146484375,0,234,1024,710,1024,710
198192074,0.8520363569259644,344.4931640625,330.3119812011719,536.0689697265625,958.3629150390625,315,236,565,1024,768,1024
198738321,0.8787010908126831,133.77011108398438,232.24948120117188,1015.468505859375,540.9879150390625,1,185,1024,588,1024,768
198738322,0.8944184184074402,69.6102294921875,95.9707260131836,1023.0018310546875,605.7086181640625,0,19,1024,683,1024,768
200365691,0.8366460204124451,265.3138732910156,216.4270477294922,866.580322265625,473.4405212402344,175,177,957,512,1024,768
201532346,0.2935275137424469,321.696533203125,173.05120849609375,756.625732421875,489.6950988769531,256,125,822,538,1024,683
206000866,0.4297470450401306,485.30035400390625,318.978271484375,875.8110961914062,524.1677856445312,426,288,935,555,1024,768
218326741,0.8750488758087158,350.0265808105469,165.71705627441406,871.6239013671875,375.0309143066406,271,134,950,407,1024,576
224782059,0.3848136365413666,212.1722412109375,154.62803649902344,934.5279541015625,586.0593872070312,103,89,1024,651,1024,683
227442414,0.8585878014564514,185.2923583984375,186.4746551513672,361.3384704589844,639.3024291992188,158,118,388,708,576,1024
227692137,0.8707544207572937,206.7700653076172,318.67315673828125,482.0581970214844,928.7241821289062,165,227,524,1021,768,1024
231193356,0.6584679484367371,44.613067626953125,263.69512939453125,937.179931640625,568.94580078125,0,217,1024,615,1024,768
231381474,0.8671795129776001,166.71702575683594,470.1480407714844,646.1823120117188,713.0379638671875,94,433,719,750,771,1024
236079891,0.7133176922798157,264.4267578125,156.47647094726562,978.9239501953125,604.5267333984375,157,89,1024,672,1024,768
236871638,0.5871784090995789,105.92489624023438,248.13320922851562,697.1695556640625,472.9527587890625,17,214,786,507,1024,683
237686671,0.6060758829116821,102.5462646484375,296.0615234375,930.3790283203125,576.4368286132812,0,254,1024,619,1024,768
237686674,0.4721814692020416,170.30215454101562,150.88107299804688,867.64501953125,579.5255126953125,65,86,973,644,1024,768
237686677,0.9068489670753479,145.18270874023438,254.20614624023438,787.134765625,525.0369873046875,48,213,884,566,1024,768
238423568,0.6350030899047852,108.21530151367188,109.57972717285156,914.6741943359375,356.52911376953125,0,72,1024,394,1024,576
238614842,0.8428500890731812,186.880615234375,118.01669311523438,470.3132629394531,803.9779052734375,144,15,513,907,683,1024
240708308,0.9091504216194153,151.78433227539062,270.3352355957031,1017.52880859375,510.6923522949219,21,234,1024,547,1024,844
241426150,0.9065233469009399,236.12106323242188,294.3172607421875,764.266845703125,542.0840454101562,156,257,844,580,1024,768
241810732,0.7391716241836548,209.1851806640625,195.49314880371094,850.642333984375,451.5465087890625,112,157,947,490,1024,768
243242247,0.47082334756851196,434.255615234375,449.02947998046875,566.3594970703125,682.2151489257812,414,414,587,718,1024,1024
243242547,0.5678299069404602,294.8861083984375,388.60595703125,492.3140869140625,720.276611328125,265,338,522,771,768,1024
243294037,0.8545684814453125,118.13604736328125,144.26583862304688,854.0416259765625,497.0205078125,7,91,965,550,1024,553
243333861,0.3930732309818268,74.60797119140625,157.0304412841797,1006.4612426757812,463.51959228515625,0,111,1024,510,1024,683
243347655,0.8726583123207092,168.04580688476562,250.73382568359375,784.3399658203125,452.4705505371094,75,220,877,483,1024,576
244628952,0.8285288214683533,45.424346923828125,207.50601196289062,822.27685546875,468.2509460449219,0,168,939,508,1024,684
245552242,0.8879625797271729,24.868255615234375,54.13083267211914,1003.0457763671875,474.4244079589844,0,0,1024,525,1024,525
246110567,0.8988061547279358,47.484405517578125,125.46176147460938,642.49755859375,557.5191040039062,0,60,732,623,1024,683
246110570,0.8753150701522827,306.3139343261719,136.29501342773438,847.2861328125,523.648681640625,225,78,929,582,1024,683
246789516,0.8923957943916321,111.54556274414062,148.3794708251953,1026.364990234375,573.09423828125,0,84,1024,637,1024,768
247595791,0.8452251553535461,21.177122116088867,505.02264404296875,849.6791381835938,696.3012084960938,0,476,883,725,883,1024
248429118,0.40435290336608887,799.8150024414062,298.4379577636719,1022.7509155273438,434.3784484863281,766,278,1024,455,1024,768
253389549,0.4846785068511963,52.94834899902344,103.30130767822266,463.5184326171875,394.8934020996094,0,59,526,439,1024,575
254496143,0.8669059872627258,68.43417358398438,136.21185302734375,1021.4609375,486.0121765136719,0,83,1024,539,1024,651
255571723,0.41046977043151855,304.539794921875,154.735107421875,654.78955078125,353.07659912109375,252,124,708,383,1024,683
255582431,0.872719407081604,129.79864501953125,534.773193359375,533.13427734375,635.940185546875,69,519,594,652,768,1024
256195718,0.44214701652526855,615.1561279296875,524.3934326171875,713.7841186523438,692.57470703125,600,499,729,718,935,1024
256712775,0.9065233469009399,236.12106323242188,294.3172607421875,764.266845703125,542.0840454101562,156,257,844,580,1024,768
263714676,0.919160008430481,101.08328247070312,264.23724365234375,937.02685546875,561.1055297851562,0,219,1024,606,1024,768
263714902,0.7991214990615845,186.6071319580078,182.60610961914062,525.1510009765625,990.7098388671875,135,61,576,1024,768,1024
263716116,0.8961822986602783,87.42800903320312,218.24417114257812,515.203125,886.7012939453125,23,117,580,987,768,1024
268530536,0.8427287340164185,42.85879898071289,135.3606414794922,436.4862060546875,246.77117919921875,0,118,465,264,465,342
268898042,0.3543992042541504,443.308349609375,271.40423583984375,560.8218994140625,400.62298583984375,425,252,579,421,1024,768
270152917,0.8519047498703003,159.8077392578125,180.27157592773438,1003.8485107421875,460.1714782714844,33,138,1024,503,1024,640
270990567,0.8516119718551636,99.05413818359375,262.8975830078125,583.432373046875,460.886962890625,26,233,657,491,1024,683
271167797,0.6076586842536926,379.28192138671875,150.8231201171875,633.6402587890625,568.7936401367188,341,88,672,632,1024,683
276912500,0.8002090454101562,316.9621887207031,225.30062866210938,583.2230224609375,501.8234558105469,277,183,624,544,1024,683
276912507,0.3751372992992401,417.8331298828125,267.3039245605469,658.573974609375,385.7302551269531,381,249,695,404,1024,683
277991467,0.48983198404312134,570.9605712890625,227.21182250976562,796.4371337890625,385.04962158203125,537,203,831,409,1024,683
279154708,0.6357998847961426,285.4757080078125,247.23085021972656,741.09765625,422.2000427246094,217,220,810,449,1024,683
279243816,0.5749855041503906,271.9971008300781,261.161865234375,857.7559814453125,414.681396484375,184,238,946,438,1024,682
283061403,0.5895642638206482,37.6048583984375,16.21649169921875,1006.9305419921875,450.4134521484375,0,0,1024,458,1024,458
283378463,0.4552763104438782,0.155029296875,48.43009948730469,340.4341735839844,215.0070343017578,0,23,392,240,1024,683
284443432,0.5232630968093872,110.74761962890625,143.1478271484375,895.1759643554688,457.2308349609375,0,96,1013,505,1024,680
284446639,0.8872637748718262,31.81761932373047,389.6582946777344,700.4814453125,634.83837890625,0,352,768,672,768,1024
288937606,0.7762042284011841,356.3802795410156,234.0687255859375,524.4168090820312,706.4783935546875,331,163,550,768,1024,768
289434038,0.8842979669570923,207.09243774414062,96.49359130859375,870.5950927734375,498.6817932128906,107,36,971,560,1024,576
292573719,0.8917571306228638,109.77447509765625,285.9502258300781,964.5125122070312,607.70654296875,0,237,1024,656,1024,768
297178541,0.6716190576553345,526.4733276367188,328.703369140625,693.5015258789062,400.6473083496094,501,317,719,412,1024,768
297179513,0.6797605156898499,367.684326171875,467.10723876953125,478.08148193359375,558.4281616210938,351,453,495,573,768,1024
299153391,0.8887481689453125,20.999107360839844,180.11891174316406,568.6371459960938,583.9620971679688,0,119,651,645,768,1024
301013662,0.6000509858131409,390.5279235839844,261.59332275390625,611.9794311523438,632.5216064453125,357,205,646,689,1024,768
301703298,0.8257988095283508,78.06026458740234,214.94699096679688,634.0667724609375,888.640380859375,0,113,718,990,768,1024
305767812,0.9177826046943665,71.20822143554688,283.1431579589844,895.7996826171875,523.2843627929688,0,247,1020,560,1024,682
308220210,0.8791837096214294,365.2494201660156,275.90472412109375,557.1928100585938,850.4210815429688,336,189,586,937,768,1024
308378405,0.8486610651016235,141.77381896972656,17.7427978515625,544.8941650390625,872.2750854492188,81,0,606,1001,769,1024
310947877,0.904346227645874,112.61514282226562,0.6673049926757812,677.3314208984375,482.8764953613281,27,0,763,556,1024,768
311911551,0.9194322228431702,53.480072021484375,250.82183837890625,763.53955078125,449.5344543457031,0,221,871,480,1024,683
312617665,0.8511232733726501,364.4394836425781,102.08354187011719,643.1790771484375,490.4903259277344,322,43,685,549,1024,577
313861137,0.9238163232803345,180.24026489257812,262.6622619628906,955.011962890625,464.7554016113281,64,232,1024,496,1024,682
314079545,0.8984959721565247,106.1641845703125,288.9627685546875,572.211181640625,768.07275390625,36,217,643,840,768,1024
314269263,0.7913534641265869,-0.570709228515625,113.07254791259766,852.4141845703125,682.693603515625,0,27,981,684,1024,684
315172609,0.8718723058700562,5.82269287109375,139.4235076904297,1021.1693725585938,420.8887939453125,0,97,1024,464,1024,476
316180209,0.33360546827316284,-0.26488494873046875,-0.4760180115699768,253.3424072265625,344.52874755859375,0,0,292,397,1024,577
316255950,0.6285766959190369,225.11312866210938,252.1050567626953,1018.210205078125,562.7379760742188,106,205,1024,610,1024,768
316661561,0.5201205611228943,128.41610717773438,348.0637512207031,808.96240234375,584.26416015625,26,312,912,620,1024,768
317720745,0.8836584091186523,236.09231567382812,113.99838256835938,388.2485046386719,943.6844482421875,213,0,412,1024,768,1024
317939590,0.6842734217643738,361.16241455078125,214.71795654296875,517.0009765625,861.8362426757812,337,117,541,959,768,1024
317946991,0.8991992473602295,40.07855224609375,435.45648193359375,950.2880249023438,607.59375,0,409,1024,634,1024,768
318171860,0.8541846871376038,397.83905029296875,272.3190002441406,777.6714477539062,439.8000183105469,340,247,835,465,1024,768
319098772,0.8909759521484375,240.40853881835938,179.90451049804688,481.0613708496094,938.904541015625,204,66,518,1024,768,1024
321473952,0.8073669672012329,213.62533569335938,36.922821044921875,535.4745483398438,1016.5548095703125,165,0,584,1024,768,1024
321547907,0.7222262620925903,74.29165649414062,201.2266387939453,1023.6953125,542.03369140625,0,150,1024,594,1024,768
321719693,0.648597776889801,59.383544921875,261.3111267089844,1022.3250732421875,703.5280151367188,0,194,1024,768,1024,768
322687740,0.9166832566261292,61.696319580078125,204.38633728027344,957.0238037109375,470.9599914550781,0,164,1024,511,1024,683
323615028,0.8668644428253174,71.8878173828125,272.453857421875,836.1126098632812,536.6923217773438,0,232,951,577,1024,768
323935126,0.8996654748916626,83.57693481445312,233.16445922851562,852.1119384765625,465.138916015625,0,198,968,500,1024,683
324310518,0.4567927122116089,0.8045501708984375,110.23460388183594,189.89935302734375,297.75701904296875,0,82,219,326,1024,768
327104315,0.8766111135482788,70.55084228515625,258.33917236328125,863.38623046875,481.9762268066406,0,224,983,516,1024,683
327104322,0.4318498373031616,233.74636840820312,198.60385131835938,973.7763671875,629.4288330078125,122,133,1024,683,1024,683
329051318,0.43544018268585205,43.081634521484375,249.64019775390625,995.2523193359375,461.8614807128906,0,217,1024,494,1024,768
329670480,0.38250601291656494,11.251556396484375,8.338508605957031,948.6094970703125,761.302490234375,0,0,1024,768,1024,768
329832861,0.7871660590171814,348.59588623046875,336.02960205078125,841.5443725585938,445.23065185546875,274,319,916,462,1024,768
330453139,0.8785505294799805,125.05593872070312,227.20379638671875,737.018798828125,604.2694702148438,33,170,829,661,1024,768
330865966,0.838207483291626,89.02142333984375,205.31155395507812,1018.3932495117188,531.6103515625,0,156,1024,581,1024,768
331544740,0.4259462356567383,172.67913818359375,446.46343994140625,398.7823486328125,561.9838256835938,138,429,433,580,768,1024
333736326,0.8802711367607117,357.46136474609375,468.41357421875,862.8807983398438,645.2216796875,281,441,939,672,1024,768
334667449,0.7324128150939941,189.33401489257812,288.47576904296875,812.0272216796875,491.32244873046875,95,258,906,522,1024,768
335912978,0.8901069164276123,110.56385040283203,195.9691162109375,430.62066650390625,919.3890380859375,62,87,479,1024,576,1024
336209153,0.39320260286331177,377.56854248046875,238.32943725585938,734.6497192382812,599.85546875,324,184,789,655,1024,768
338862408,0.58449387550354,164.022705078125,221.45265197753906,927.435791015625,490.462890625,49,181,1024,531,1024,768
339169562,0.4706318974494934,27.45379638671875,252.9110870361328,990.1040649414062,473.5499267578125,0,219,1024,507,1024,768
339418334,0.8392266035079956,41.64215087890625,116.05313873291016,987.8136596679688,515.1778564453125,0,56,1024,576,1024,683
340090377,0.7796386480331421,22.98588752746582,291.62353515625,214.4095916748047,746.197998046875,0,223,244,815,576,1024
341483509,0.38181737065315247,148.30674743652344,342.8722229003906,603.2130737304688,490.00115966796875,80,320,672,513,1024,722
341551332,0.7419898509979248,252.2216796875,176.31094360351562,845.3634033203125,515.9982299804688,163,125,935,567,1024,683
341631221,0.7169814109802246,189.1244354248047,453.0449523925781,549.5108642578125,691.1328125,135,417,604,727,768,1024
343013145,0.8310650587081909,206.8702850341797,174.59323120117188,533.8016967773438,876.8717041015625,157,69,583,983,1024,1024
346125686,0.5414695143699646,876.9876708984375,344.3094482421875,963.2481689453125,369.1562805175781,864,340,977,373,1024,683
348631217,0.8229277729988098,113.43475341796875,507.2720642089844,415.9786071777344,588.559814453125,68,495,461,601,461,1024
349724760,0.8395755887031555,257.037841796875,329.8906555175781,793.965087890625,523.9912719726562,176,300,875,554,1024,768
355290108,0.7191541790962219,168.37371826171875,287.138916015625,767.8113403320312,766.2626953125,78,215,769,839,769,1024
358126494,0.8826652765274048,45.18722915649414,315.0035400390625,460.07830810546875,551.0535888671875,0,279,461,587,461,1024
360436966,0.687597930431366,39.197296142578125,252.4647674560547,948.9378662109375,610.6248168945312,0,198,1024,665,1024,768
360436978,0.9185373783111572,79.75228881835938,301.79498291015625,977.2891845703125,513.2904663085938,0,270,1024,546,1024,789
360436979,0.9017099142074585,42.660675048828125,258.3481750488281,987.748046875,583.4309692382812,0,209,1024,633,1024,768
360436980,0.8918333053588867,64.17971801757812,213.26861572265625,977.673828125,593.3439331054688,0,156,1024,651,1024,768
362992277,0.45064979791641235,317.68988037109375,44.28465270996094,696.2105102539062,251.16424560546875,260,13,753,283,1024,768
363966184,0.8483257293701172,40.17219543457031,80.48724365234375,575.4388427734375,872.5092163085938,0,0,656,992,768,1024
366660565,0.827262818813324,250.149169921875,453.1539611816406,524.8170166015625,573.5281372070312,208,435,567,592,768,1024
368290202,0.6846086382865906,309.38153076171875,138.18655395507812,627.4521484375,919.6859130859375,261,20,676,1024,768,1024
368551732,0.8979395627975464,109.6492919921875,259.4045104980469,929.6827392578125,503.28192138671875,0,222,1024,540,1024,683
372274425,0.905633807182312,202.02120971679688,244.01699829101562,905.3499755859375,494.8735656738281,96,206,1011,533,1024,683
372469923,0.8799526691436768,213.31680297851562,41.95085525512695,872.3726806640625,524.9978637695312,114,0,972,598,1024,684
376181185,0.3660028874874115,107.72055053710938,349.62542724609375,1029.149169921875,767.220703125,0,286,1024,768,1024,768
376569669,0.682742714881897,470.13690185546875,264.9990539550781,752.5490112304688,330.3179626464844,427,255,795,341,1024,683
377983366,0.8826295137405396,140.70458984375,200.6833038330078,1012.863525390625,473.88653564453125,9,159,1024,515,1024,683
383584678,0.7781171798706055,79.07034301757812,336.07550048828125,614.5947265625,460.41571044921875,0,317,695,480,768,1024
387570252,0.8879507184028625,55.950225830078125,288.0328674316406,994.5975341796875,558.33203125,0,247,1024,599,1024,768
389080497,0.8979682326316833,41.618988037109375,167.0222625732422,982.429931640625,548.7692260742188,0,109,1024,607,1024,683
389087372,0.8659709095954895,274.18707275390625,252.5563201904297,688.3238525390625,375.35662841796875,212,234,751,394,1024,576
392336430,0.46768492460250854,286.03448486328125,164.83599853515625,795.2002563476562,477.2891845703125,209,117,872,525,1024,683
392336431,0.9234577417373657,178.56613159179688,219.7052459716797,836.726806640625,423.7281494140625,79,189,936,455,1024,683
392336434,0.8707176446914673,171.65408325195312,246.4583740234375,850.4202880859375,472.61334228515625,69,212,953,507,1024,683
392336435,0.8823260068893433,237.21194458007812,237.8185577392578,945.9925537109375,444.3075866699219,130,206,1024,476,1024,684
393256819,0.5260396599769592,269.53045654296875,113.22079467773438,657.8831176757812,299.9645690917969,211,85,717,328,1024,768
393418204,0.9017348885536194,117.28191375732422,352.6326599121094,580.4310302734375,917.1551513671875,47,267,650,1002,768,1024
393691205,0.905357301235199,132.49649047851562,232.70220947265625,940.9765625,403.7512512207031,11,207,1024,430,1024,683
393691211,0.7601479887962341,156.02142333984375,106.89778900146484,839.739501953125,571.059814453125,53,37,943,641,1024,683
393691227,0.6578822731971741,139.24853515625,216.03244018554688,980.7451171875,492.8250732421875,13,174,1024,535,1024,683
393691251,0.5605441927909851,103.6898193359375,255.87965393066406,960.51806640625,508.3281555175781,0,218,1024,547,1024,683
393691256,0.8708571195602417,55.38372802734375,188.79815673828125,995.2655639648438,527.65185546875,0,137,1024,579,1024,683
394117752,0.8723640441894531,153.81906127929688,73.43521118164062,597.5662841796875,1017.76611328125,87,0,665,1024,768,1024
395864659,0.8968104720115662,32.457550048828125,209.0445098876953,997.4801025390625,572.8074951171875,0,154,1024,628,1024,768
396308903,0.8797531127929688,48.954132080078125,352.0979309082031,1003.0889892578125,754.0902099609375,0,291,1024,768,1024,768
396560606,0.8477749824523926,152.80142211914062,196.1932373046875,923.0408935546875,481.1018371582031,37,153,1024,524,1024,768
398081199,0.8948720693588257,410.08984375,188.6801300048828,932.484375,595.6321411132812,331,127,1011,657,1024,683
398097290,0.4046570062637329,0.06690216064453125,-1.157379150390625,767.884521484375,1022.6412353515625,0,0,768,1024,768,1024
398395062,0.5095019340515137,162.2647705078125,160.32472229003906,760.630126953125,560.57958984375,72,100,851,621,1024,683
399906199,0.8876904249191284,208.38377380371094,335.495849609375,470.45977783203125,883.8521728515625,169,253,510,967,768,1024
400627051,0.4287949800491333,366.717529296875,160.0196533203125,502.2452087402344,712.8508911132812,346,77,523,796,768,1024
401440132,0.5054620504379272,24.880401611328125,201.98443603515625,905.699951171875,548.6240234375,0,149,1024,601,1024,768
401457471,0.7321628332138062,139.06585693359375,258.0240173339844,950.3058471679688,566.507568359375,17,211,1024,613,1024,768
402107147,0.8776817917823792,127.08859252929688,287.396484375,978.0933837890625,544.3408203125,0,248,1024,583,1024,768
403824462,0.8713554739952087,246.13690185546875,121.720703125,666.9443969726562,1024.3328857421875,183,0,731,1024,769,1024
405239588,0.9137909412384033,56.7806396484375,233.1490936279297,791.4315185546875,465.8328552246094,0,198,902,501,1024,682
405256614,0.8886873722076416,201.06976318359375,277.76153564453125,900.5740356445312,552.1438598632812,96,236,1006,594,1024,768
405285676,0.8942900896072388,136.46786499023438,152.53750610351562,828.61328125,550.782958984375,32,92,933,611,1024,668
406013382,0.45978525280952454,230.2125244140625,314.7898864746094,631.2452392578125,531.77294921875,170,282,692,565,1024,768
13056632,0.702635645866394,198.25457763671875,612.2564086914062,255.09927368164062,691.0787963867188,189,600,264,703,1024,768
31925973,0.6380496025085449,318.6409912109375,162.85052490234375,705.2081298828125,589.70458984375,260,98,764,654,1024,768
35695248,0.44530582427978516,429.68902587890625,316.77593994140625,599.5980834960938,737.8212890625,404,253,626,768,1024,768
67248747,0.8688054084777832,454.5076904296875,149.7812957763672,803.445068359375,679.9096069335938,402,70,856,682,1024,682
67709707,0.8254604935646057,496.0500183105469,558.240234375,565.65283203125,575.8632202148438,485,555,577,579,1024,683
67709740,0.5350599884986877,392.7247009277344,288.2355651855469,433.7785949707031,321.9931335449219,386,283,440,328,1024,683
76507881,0.7812051177024841,111.91192626953125,333.2219543457031,983.2064819335938,543.4090576171875,0,301,1024,575,1024,768
77988028,0.6299721598625183,189.61813354492188,69.14987182617188,851.3693237304688,713.715576171875,90,0,951,811,1012,1024
104409616,0.4291927218437195,264.2942810058594,246.17813110351562,1022.65771484375,677.3016967773438,150,181,1024,683,1024,683
109523034,0.9031326174736023,151.32708740234375,121.58905029296875,387.5378112792969,808.1221313476562,115,18,423,912,576,1024
119680497,0.5598666667938232,482.3738708496094,570.1539306640625,667.0033569335938,644.287353515625,454,559,695,656,1024,768
119706057,0.6808838248252869,95.02288818359375,468.3734130859375,515.461181640625,588.8263549804688,31,450,579,607,1024,658
126773386,0.5527794361114502,252.4836883544922,83.16778564453125,491.76275634765625,183.7740478515625,216,68,528,199,1024,768
130224938,0.91180419921875,64.15280151367188,176.01907348632812,942.2288818359375,709.09521484375,0,96,1024,790,1024,957
130595010,0.37042203545570374,404.98907470703125,189.85987854003906,671.6528930664062,286.4857177734375,364,175,712,301,1024,683
133278986,0.28060057759284973,1.429760456085205,582.4404907226562,76.62242126464844,747.0066528320312,0,557,88,772,771,1024
140474752,0.7307309508323669,181.35781860351562,44.445682525634766,1024.1944580078125,415.5788879394531,54,0,1024,472,1024,683
143486643,0.4111579954624176,78.8704605102539,412.353515625,763.4086303710938,539.6400756835938,0,393,768,559,768,1024
143785952,0.5525928139686584,476.7920837402344,44.140235900878906,1027.0350341796875,417.81707763671875,394,0,1024,474,1024,683
144140208,0.4723277688026428,235.64825439453125,261.9422607421875,784.5538940429688,630.1060180664062,153,206,867,686,1024,768
144452557,0.9212070107460022,133.63522338867188,191.8339385986328,669.1988525390625,459.9642333984375,53,151,750,501,1024,683
144503651,0.8802410364151001,298.43017578125,348.02703857421875,643.6856079101562,565.478271484375,246,315,696,599,1024,683
145482799,0.3815011978149414,212.5021209716797,123.1392822265625,286.0958557128906,199.5045166015625,201,111,298,211,576,1024
147250961,0.391602098941803,245.38320922851562,230.66702270507812,267.8200378417969,277.8232727050781,242,223,272,285,576,1024
147254179,0.4669594466686249,149.60397338867188,378.9397888183594,177.91159057617188,395.6559143066406,145,376,183,399,576,1024
147368606,0.46794983744621277,405.5464172363281,268.4254150390625,471.4828186035156,334.91827392578125,395,258,482,345,1024,768
148304201,0.9160915017127991,81.67715454101562,180.93902587890625,861.431396484375,549.6513061523438,0,125,979,605,1024,768
148625360,0.9189264178276062,163.56591796875,210.06637573242188,743.51025390625,962.051513671875,76,97,768,1024,768,1024
150317496,0.3756639063358307,1.4474639892578125,621.4268798828125,173.72052001953125,805.2996826171875,0,593,200,833,1024,1024
150317506,0.4816911518573761,204.95700073242188,634.3911743164062,678.330810546875,982.1522827148438,133,582,750,1024,1024,1024
152712981,0.7281149625778198,421.9907531738281,495.2303466796875,511.0159912109375,553.1387329101562,408,486,525,562,707,662
153016732,0.9143505692481995,93.68634033203125,156.69400024414062,1023.5755004882812,572.078125,0,94,1024,635,1024,768
153302256,0.45679041743278503,208.0029296875,194.33108520507812,663.6944580078125,373.4707946777344,139,167,733,401,1024,576
153478487,0.4793020188808441,469.21002197265625,41.19109344482422,787.7329711914062,151.686279296875,421,24,836,169,1024,768
153645081,0.6569530963897705,70.3215560913086,494.97686767578125,265.7261962890625,560.72021484375,41,485,296,571,1024,686
155412641,0.4847562909126282,295.6748962402344,188.8282928466797,1021.0096435546875,625.70849609375,186,123,1024,692,1024,768
155699033,0.38040924072265625,371.2369384765625,223.984130859375,458.4376220703125,255.47653198242188,358,219,472,261,576,1024
156603327,0.6610831022262573,323.0127258300781,308.5336608886719,470.0939025878906,580.0870971679688,300,267,493,621,1024,684
159701981,0.4546796679496765,-0.5342903137207031,470.47052001953125,233.8574981689453,715.0932006835938,0,433,270,752,768,1024
159778153,0.31292781233787537,0.15507349371910095,342.7306823730469,84.00526428222656,390.2677307128906,0,335,97,398,719,535
159812807,0.4423855245113373,214.34005737304688,151.85568237304688,849.9376220703125,657.5912475585938,119,75,946,734,1024,768
159812815,0.466626912355423,266.1294250488281,318.2100524902344,1023.707275390625,750.8026123046875,152,253,1024,768,1024,768
159818776,0.4173789918422699,100.49193572998047,425.6965026855469,305.0921630859375,637.1895751953125,69,393,336,669,1024,768
159818780,0.5709934234619141,208.31790161132812,0.6553001403808594,351.4322814941406,84.71400451660156,186,0,373,98,1024,768
159818792,0.49916109442710876,549.6603393554688,105.56639099121094,872.5136108398438,824.3684692382812,501,0,921,843,1024,843
159818797,0.4348421096801758,29.25665283203125,16.468875885009766,985.9373779296875,655.0484619140625,0,0,1024,672,1024,672
159952539,0.3468756675720215,555.2473754882812,301.7259826660156,676.5964965820312,327.52923583984375,537,297,695,332,1024,683
160224777,0.6778627038002014,460.3589782714844,328.97845458984375,655.1907958984375,435.10931396484375,431,313,685,452,1024,768
162827656,0.5278210639953613,391.7943420410156,10.498465538024902,857.55908203125,129.78756713867188,321,0,928,148,1024,683
165279021,0.38919487595558167,201.62457275390625,380.68328857421875,465.959716796875,524.8334350585938,161,359,506,547,576,1024
165279133,0.332784503698349,140.65863037109375,96.12437438964844,232.39158630371094,304.9219970703125,126,64,247,337,576,1024
169149382,0.4035300016403198,249.27613830566406,412.7730712890625,427.92034912109375,506.0060729980469,222,398,455,520,1024,576
175181801,0.36466678977012634,-0.144805908203125,1.7185181379318237,1023.689453125,679.6895141601562,0,0,1024,678,1024,678
176055693,0.3172593414783478,-3.5231094360351562,445.474853515625,578.0789794921875,723.357666015625,0,403,666,766,768,1024
176436216,0.2877328097820282,298.47308349609375,218.83233642578125,334.9053955078125,247.44003295898438,293,214,341,252,576,1024
177615184,0.4475235044956207,446.8517761230469,108.67053985595703,578.3311767578125,182.5806427001953,427,97,599,194,1024,678
177615903,0.4277782440185547,-0.810546875,322.8941650390625,627.7899780273438,676.90234375,0,269,723,678,1024,678
177778810,0.5166422724723816,176.74951171875,344.8735656738281,406.6844482421875,581.251953125,142,309,442,617,1024,768
178987319,0.5331881642341614,46.73309326171875,-0.10287666320800781,345.1235656738281,179.77793884277344,1,0,390,207,1024,768
180874524,0.4756004214286804,0.44329833984375,542.6697998046875,130.7166748046875,672.5574951171875,0,523,151,693,768,1024
186401349,0.5592844486236572,565.7567749023438,238.70907592773438,788.05712890625,555.553955078125,532,191,822,604,923,1024
189207721,0.3177611231803894,495.5149230957031,205.7559051513672,606.3634643554688,227.15650939941406,478,202,623,231,932,1024
192637383,0.6663013696670532,100.24520874023438,134.55316162109375,689.0419921875,408.90728759765625,11,93,768,451,768,1024
194415288,0.6092427968978882,154.05149841308594,154.64556884765625,400.521240234375,998.7223510742188,117,28,438,1024,576,1024
195767394,0.4373818635940552,335.0903625488281,322.8827819824219,435.2148132324219,391.4506530761719,320,312,451,402,1024,683
196272758,0.4505215287208557,0.9967041015625,139.46273803710938,306.1114807128906,455.581787109375,0,92,352,503,1024,683
196281292,0.6330724358558655,271.02447509765625,173.2742462158203,631.8313598632812,407.7738952636719,216,138,686,443,1024,683
197792625,0.4924399256706238,329.0002136230469,260.37786865234375,623.4522705078125,471.79388427734375,284,228,668,504,1024,768
199961906,0.5932334661483765,181.37701416015625,209.88990783691406,722.910888671875,645.6025390625,100,144,768,711,768,1024
200002655,0.5209543704986572,139.96859741210938,333.46185302734375,997.140869140625,524.7407836914062,11,304,1024,554,1024,683
200002657,0.3984397053718567,389.5909729003906,95.10346221923828,892.2144775390625,391.1552429199219,314,50,968,436,1024,683
200055601,0.37732094526290894,441.7314758300781,129.5911102294922,762.8436279296875,549.0685424804688,393,66,812,612,1024,768
200486879,0.5743935108184814,1.964569091796875,157.5665283203125,349.1042785644531,320.50103759765625,0,133,402,345,1024,768
200486957,0.6242573261260986,-0.12610626220703125,503.5370178222656,251.25320434570312,639.6363525390625,0,483,289,661,1024,768
200816727,0.551181435585022,3.092914581298828,666.4635009765625,350.575439453125,864.2384033203125,0,636,403,894,768,1024
200890398,0.5305522680282593,205.695068359375,256.22119140625,276.7669677734375,321.47833251953125,195,246,288,332,768,1024
201117308,0.5567643046379089,117.06170654296875,418.27056884765625,619.86865234375,540.7684936523438,41,399,696,560,1024,768
203400060,0.29885172843933105,836.2274780273438,17.135967254638672,900.15380859375,39.011512756347656,826,13,910,43,960,720
207130157,0.37009117007255554,-0.229461669921875,63.630592346191406,203.93606567382812,136.3103485107422,0,52,235,148,1024,683
208264859,0.5944218039512634,-1.645751953125,271.317138671875,410.4901123046875,673.9061279296875,0,210,473,735,1024,768
209079017,0.8291566967964172,30.63153076171875,3.48046875,754.2869873046875,915.8359375,0,0,768,1024,768,1024
210666857,0.39593595266342163,126.17709350585938,190.80393981933594,729.1695556640625,372.9252014160156,35,163,820,401,1024,683
214149010,0.4225427508354187,333.72979736328125,159.2198944091797,1017.8248901367188,420.0272521972656,231,120,1024,460,1024,683
225535202,0.5876033902168274,-1.215484619140625,573.6314697265625,655.9576416015625,731.721923828125,0,549,755,756,1024,768
225535839,0.9079431295394897,202.26303100585938,223.99281311035156,785.5694580078125,502.3644104003906,114,182,874,545,1024,686
229014712,0.7270544767379761,190.49575805664062,253.2905731201172,937.2156982421875,380.39996337890625,78,234,1024,400,1024,683
230827694,0.46367356181144714,0.05605316162109375,314.34320068359375,767.8465576171875,1023.1465454101562,0,208,768,1024,768,1024
231096186,0.5564822554588318,199.27610778808594,503.94451904296875,554.615234375,711.1787719726562,145,472,608,743,768,1024
232847429,0.39367565512657166,45.38359069824219,533.0319213867188,443.5718994140625,810.4530639648438,0,491,504,820,1024,820
232847431,0.6662988066673279,-1.213653564453125,275.98046875,348.8962097167969,569.300048828125,0,231,402,614,1024,819
233411313,0.6593723893165588,123.10507202148438,249.2790069580078,917.02294921875,532.8699951171875,4,206,1024,576,1024,768
233624012,0.4511449933052063,292.11468505859375,366.13006591796875,841.7396850585938,575.9097900390625,209,334,925,608,1024,768
233880455,0.5094295740127563,48.08013916015625,585.1846313476562,591.0126953125,764.60791015625,0,558,673,768,1024,768
239158023,0.33078593015670776,73.80998229980469,132.28219604492188,200.38900756835938,158.34695434570312,54,128,220,163,311,301
240533956,0.4168737232685089,-0.07111358642578125,0.0477294921875,767.8726806640625,1024.0374755859375,0,0,768,1024,768,1024
241092914,0.3325859606266022,82.01165771484375,10.977081298828125,1022.2483520507812,1021.3011474609375,0,0,1024,1024,1024,1024
242229754,0.5968419909477234,155.6295166015625,174.459716796875,915.4100341796875,589.4561157226562,41,112,1024,652,1024,683
244051177,0.3916420042514801,624.1708374023438,838.8578491210938,741.7017822265625,1022.2319946289062,606,811,760,1024,806,1024
250785136,0.7523385286331177,49.687469482421875,330.2140808105469,251.66140747070312,533.001953125,19,299,282,564,1024,614
251660653,0.49161720275878906,-1.5847320556640625,273.11102294921875,419.5728759765625,478.7330322265625,0,242,483,510,1024,768
252830103,0.5296151041984558,516.876708984375,345.6425476074219,597.5275268554688,443.4006042480469,504,330,610,459,768,1024
252972558,0.714061975479126,191.14639282226562,293.6216125488281,1022.9488525390625,775.71533203125,66,221,1024,849,1024,1022
252974223,0.5071464776992798,-4.555468559265137,136.09207153320312,669.1434936523438,691.5750732421875,0,52,771,775,920,1024
254972241,0.5337490439414978,235.02581787109375,298.01519775390625,850.1116333007812,527.7612915039062,142,263,943,563,1024,768
255424013,0.5836994051933289,440.61456298828125,98.68787384033203,625.4522094726562,522.7207641601562,412,35,654,587,1024,835
255829636,0.34113809466362,235.5177001953125,383.34149169921875,707.947509765625,571.5784301757812,164,355,768,600,768,1024
255946533,0.36041703820228577,-0.1201171875,1.6404190063476562,1023.8099365234375,769.486083984375,0,0,1024,768,1024,768
255959634,0.2468756139278412,-0.031036376953125,4.626622200012207,1023.7003173828125,660.816650390625,0,0,1024,760,1024,766
256619969,0.47396954894065857,324.17828369140625,164.06991577148438,514.9738159179688,835.4559326171875,295,63,544,937,576,1024
257539875,0.4943183362483978,232.93116760253906,139.3588409423828,602.4873046875,295.43621826171875,177,115,658,319,1024,768
258512242,0.6890638470649719,136.8074951171875,21.652175903320312,923.1260986328125,340.65069580078125,18,0,1024,389,1024,768
259633955,0.9222694635391235,232.67169189453125,120.64472961425781,955.1780395507812,459.9457702636719,124,69,1024,461,1024,461
260487798,0.6530672311782837,208.54701232910156,649.7418212890625,345.8731384277344,794.775634765625,187,627,367,817,768,1024
260489823,0.3567337989807129,41.45176696777344,493.7184753417969,146.01434326171875,546.2604370117188,25,485,162,555,768,1024
260765623,0.8716122508049011,3.55816650390625,237.31430053710938,1019.7390747070312,550.4364624023438,0,190,1024,598,1024,768
261822461,0.7615913152694702,158.82168579101562,32.03814697265625,415.7861328125,664.184326171875,120,0,455,760,768,1024
262821006,0.5604525804519653,153.89578247070312,216.23728942871094,401.5716857910156,304.7698059082031,116,202,439,319,1024,770
264668666,0.7949314713478088,22.2540283203125,282.12091064453125,977.9559936523438,598.983642578125,0,234,1024,647,1024,768
265523126,0.6953466534614563,472.9321594238281,379.85968017578125,1008.614013671875,486.5706787109375,392,363,1024,503,1024,768
265938007,0.7925727963447571,176.9383544921875,292.7533264160156,1023.360107421875,550.1390991210938,49,254,1024,589,1024,683
266355813,0.46162018179893494,507.01055908203125,179.71441650390625,694.2113037109375,493.75299072265625,478,132,723,541,768,1024
266714928,0.3456782102584839,0.8028717041015625,180.74728393554688,764.8943481445312,1010.4185791015625,0,56,768,1024,768,1024
266728550,0.3957650661468506,0.22095680236816406,402.7353210449219,100.06775665283203,460.5972595214844,0,394,116,470,768,1024
268894669,0.4085087478160858,373.2858581542969,50.01080322265625,538.8776245117188,501.38262939453125,348,0,564,570,1024,1024
270802115,0.46135249733924866,2.2488856315612793,230.29244995117188,141.02117919921875,290.1170959472656,0,221,162,300,458,1024
273645808,0.4719540774822235,395.0438232421875,294.43011474609375,654.744384765625,409.54412841796875,356,277,694,427,768,1024
274705060,0.8504524827003479,0.361663818359375,171.53073120117188,691.5648193359375,547.3709716796875,0,115,796,604,1024,768
275547439,0.6144042015075684,50.15748596191406,78.14234161376953,326.49334716796875,770.3739624023438,8,0,368,768,1024,768
277103024,0.4770534932613373,364.3026123046875,41.975101470947266,439.3529052734375,103.6735610961914,353,32,451,113,1024,768
287146736,0.8601967692375183,246.46026611328125,541.0743408203125,655.7653198242188,741.1619873046875,185,511,718,772,768,1024
287179361,0.4192826449871063,141.4364013671875,432.3446960449219,592.6986694335938,530.998779296875,73,417,661,546,1024,768
287179364,0.4572778344154358,208.26959228515625,185.90911865234375,871.0574340820312,600.591552734375,108,123,971,663,1024,768
287179366,0.41809600591659546,444.43426513671875,301.4141845703125,500.2813720703125,393.26116943359375,436,287,509,408,1024,768
289019899,0.3893577456474304,1.3337936401367188,658.1156005859375,92.82613372802734,766.9417724609375,0,641,107,768,1024,768
290215276,0.443721204996109,407.9855651855469,236.7784881591797,607.8844604492188,278.4783935546875,378,230,638,285,1024,683
297233938,0.5014654397964478,143.67552185058594,233.3916015625,822.1671142578125,892.220947265625,41,134,924,992,1021,1024
302496197,0.590225875377655,1.336151123046875,0.185028076171875,682.85986328125,630.2603759765625,0,0,786,725,1024,768
304735027,0.498564213514328,751.9721069335938,154.00326538085938,905.5534057617188,180.46302795410156,728,150,929,185,1024,768
305932580,0.7922418117523193,20.832504272460938,193.939697265625,517.4588012695312,719.3934326171875,0,115,592,799,768,1024
306227624,0.46824321150779724,-0.07559967041015625,369.1024169921875,92.99346923828125,462.350341796875,0,355,107,477,768,1024
308385400,0.43637165427207947,430.07025146484375,179.39340209960938,827.3961791992188,422.0816345214844,370,142,887,459,1024,768
314305813,0.5605021119117737,100.81051635742188,451.85809326171875,828.39013671875,732.0240478515625,0,409,938,768,1024,768
315450147,0.3816108703613281,1.9521484375,-1.1397100687026978,1007.684814453125,761.8526611328125,0,0,1024,763,1024,763
315465263,0.41352537274360657,569.7542724609375,360.321044921875,766.3955078125,569.3909301757812,540,328,768,601,768,1024
316661550,0.39425361156463623,110.38247680664062,261.7188720703125,971.556884765625,540.1824951171875,0,219,1024,582,1024,768
317466703,0.5212737917900085,581.8258666992188,247.0129852294922,764.3573608398438,608.2163696289062,554,192,792,663,1024,768
327093599,0.37410789728164673,358.68841552734375,190.7474822998047,463.47308349609375,293.5653076171875,342,175,480,309,768,1024
328220880,0.43521106243133545,434.35577392578125,255.04800415039062,1025.56396484375,679.8269653320312,345,191,1024,683,1024,683
329938828,0.6886106729507446,718.165771484375,205.6647491455078,954.40283203125,377.78472900390625,682,179,990,404,1024,768
331395129,0.3704538643360138,183.28244018554688,779.0822143554688,371.0530090332031,935.2434692382812,155,755,400,959,576,1024
332733283,0.4481658935546875,691.3248901367188,386.8512878417969,774.3749389648438,410.3257751464844,678,383,787,414,1024,584
336338514,0.3760509192943573,860.825927734375,388.3857421875,923.6231689453125,630.7172241210938,851,352,934,668,1024,768
337087736,0.8621065616607666,48.83795166015625,203.34274291992188,1009.4424438476562,619.3562622070312,0,140,1024,682,1024,768
337092345,0.8783239722251892,0.5389404296875,345.7558288574219,892.2301025390625,740.9154052734375,0,286,1024,768,1024,768
337516660,0.9016799330711365,222.06027221679688,44.44097900390625,516.2115478515625,915.3492431640625,177,0,561,1024,768,1024
338289218,0.48021429777145386,225.76828002929688,162.2420196533203,629.4986572265625,477.6441650390625,165,114,691,525,1024,768
338922173,0.5987823009490967,287.5257873535156,406.6531677246094,682.3193359375,489.7731628417969,228,394,742,503,1024,768
339731264,0.42974716424942017,-0.200531005859375,1.392458438873291,1023.5029296875,578.3583374023438,0,0,1024,577,1024,577
340017888,0.760371208190918,267.72406005859375,387.5374450683594,435.38543701171875,910.3909912109375,242,309,461,989,768,1024
340172697,0.8923338055610657,56.959228515625,87.90670776367188,904.695068359375,342.8468322753906,0,49,1024,382,1024,477
341623799,0.37709274888038635,265.8210144042969,109.06756591796875,688.8740234375,445.0799255371094,202,58,753,496,1024,597
344786809,0.8418707251548767,237.87344360351562,18.98370361328125,663.945068359375,893.6940307617188,173,0,728,1024,768,1024
349605794,0.4680408537387848,142.93109130859375,448.2134094238281,486.60809326171875,588.0406494140625,91,427,539,610,576,1024
350719596,0.6264336109161377,98.79887390136719,40.096923828125,487.3707580566406,958.45263671875,40,0,546,1024,575,1024
351165132,0.5661033391952515,93.27359008789062,52.768089294433594,801.439453125,477.296630859375,0,0,908,541,1024,768
353163367,0.4771595597267151,278.6879577636719,562.4401245117188,586.502685546875,857.8080444335938,232,518,633,903,768,1024
358827601,0.44436025619506836,44.008724212646484,194.88763427734375,299.88153076171875,719.5167236328125,5,116,339,799,768,1024
367035791,0.8733090758323669,44.003448486328125,44.28806686401367,926.7137451171875,327.0386047363281,0,1,1024,370,1024,388
372551320,0.7915038466453552,38.39654541015625,304.559326171875,696.6356201171875,587.9296875,0,262,796,631,1024,683
374839129,0.3847105801105499,0.5710068941116333,363.45111083984375,472.86761474609375,813.4629516601562,0,295,473,881,473,1024
376145298,0.576637864112854,33.63983154296875,127.29193878173828,818.760498046875,467.3706359863281,0,76,937,519,1024,683
377345742,0.5204776525497437,260.0623779296875,428.7663269042969,447.8393249511719,461.8781433105469,231,423,477,467,576,1024
378275956,0.6832894682884216,106.06097412109375,22.224952697753906,506.02276611328125,720.4480590820312,46,0,567,768,1024,768
380242162,0.5963093638420105,723.6405029296875,92.21089172363281,1023.65771484375,368.3199462890625,678,50,1024,410,1024,768
384795028,0.5909920930862427,23.30719757080078,87.48482513427734,203.93057250976562,125.0853271484375,0,81,232,131,1024,576
386124144,0.6291704177856445,165.35882568359375,78.87055206298828,787.7196655273438,412.9522705078125,72,28,882,464,1024,768
390219516,0.41497769951820374,28.6121826171875,152.84906005859375,962.3228759765625,404.6261291503906,0,115,1024,443,1024,543
390220035,0.3764173686504364,-0.0772705078125,0.23360347747802734,1023.5589599609375,784.2190551757812,0,0,1024,784,1024,784
392589362,0.49985936284065247,114.47305297851562,222.16574096679688,865.7633056640625,400.3301696777344,1,195,979,428,1024,612
395186770,0.4031042754650116,177.54217529296875,253.11463928222656,939.4450073242188,417.5660705566406,63,228,1024,443,1024,641
399474792,0.3053107261657715,446.96734619140625,387.8521728515625,606.1170043945312,458.9344787597656,423,377,630,470,1024,859
401439690,0.4592816233634949,133.7642822265625,123.13224792480469,980.2122802734375,354.15478515625,6,88,1024,389,1024,768
19653,0.7938525080680847,276.43719482421875,494.9605407714844,895.9845581054688,724.65625,183,460,989,760,1024,784
1952977,0.8817688822746277,95.0152587890625,58.94176483154297,1005.1673583984375,567.1701049804688,0,0,1024,644,1024,768
5729266,0.9203604459762573,33.51116943359375,78.35388946533203,874.3090209960938,479.10711669921875,0,18,1001,540,1024,575
10219235,0.7766358256340027,182.5929718017578,160.08071899414062,583.7349243164062,372.241943359375,122,128,644,405,793,545
13215301,0.8337578773498535,132.121826171875,347.7323303222656,468.7074279785156,740.7005615234375,81,288,520,800,576,1024
19632915,0.7507436871528625,105.26290893554688,242.4287109375,869.0909423828125,500.04638671875,0,203,984,539,1024,681
34005607,0.849969208240509,372.6041564941406,212.31044006347656,567.17919921875,399.8394775390625,343,184,597,428,823,579
36242854,0.4700596332550049,59.476043701171875,161.14208984375,388.04852294921875,347.7273864746094,10,133,438,376,768,1024
36592858,0.9005483388900757,74.49664306640625,112.22140502929688,904.5097045898438,608.1502685546875,0,37,1024,683,1024,768
36714231,0.5863009095191956,101.15873718261719,175.62815856933594,229.92164611816406,408.4622802734375,81,140,250,444,484,480
37301459,0.8335822820663452,288.7999267578125,70.87471008300781,902.741455078125,413.0158996582031,196,19,995,465,1024,576
37490939,0.6812989115715027,152.65435791015625,259.0433044433594,880.4492797851562,549.8411254882812,43,215,990,594,1024,683
39375649,0.4389893114566803,314.3312683105469,447.5635986328125,528.45263671875,517.41064453125,282,437,561,528,1024,768
40806786,0.8666370511054993,80.22926330566406,57.722965240478516,855.528076171875,555.5607299804688,0,0,972,628,977,628
54116430,0.4435802400112152,0.22711181640625,148.16586303710938,1023.5455322265625,757.3194580078125,0,56,1024,768,1024,768
54119530,0.6599972248077393,186.65451049804688,235.29949951171875,947.19384765625,623.478271484375,72,177,1024,682,1024,768
55769962,0.6771728992462158,143.52578735351562,47.03057861328125,493.336669921875,613.4869384765625,91,0,546,699,768,1024
57779136,0.727833092212677,169.70562744140625,139.59014892578125,645.0206909179688,1020.9904174804688,98,7,717,1024,768,1024
58923301,0.9017379283905029,186.712158203125,121.66970825195312,916.0816650390625,429.1715087890625,77,75,1024,476,1024,578
60619907,0.9176906943321228,116.29550170898438,340.9534606933594,469.76617431640625,732.8197021484375,63,282,523,792,576,1024
65942803,0.8323822021484375,29.75225830078125,-2.1929931640625,583.0525512695312,995.6073608398438,0,0,667,1024,768,1024
67003202,0.5033872127532959,94.18008422851562,118.10575103759766,1019.005126953125,624.7824096679688,0,42,1024,701,1024,768
78473193,0.7650654315948486,456.44073486328125,295.30279541015625,621.5490112304688,702.8922119140625,431,234,647,765,1024,768
85199080,0.6182844638824463,171.68807983398438,53.131805419921875,664.6329345703125,1017.403564453125,97,0,739,1024,768,1024
85892929,0.48182716965675354,8.2225341796875,114.22607421875,856.22509765625,575.315185546875,0,45,984,645,1024,683
86661394,0.47552093863487244,140.01803588867188,670.2611694335938,185.02330017089844,686.5968627929688,133,667,192,690,768,1024
88440931,0.8670759797096252,227.3309783935547,471.5264892578125,411.2245788574219,756.0894775390625,199,428,439,799,768,1024
88441196,0.9024780988693237,145.8770751953125,164.084716796875,524.4384765625,842.61279296875,89,62,582,945,768,1024
94340384,0.9021802544593811,-0.891143798828125,-0.6883242130279541,815.127685546875,681.9522705078125,0,0,938,683,1024,683
106006271,0.9211522340774536,179.5037841796875,113.29425048828125,709.7139892578125,742.7327270507812,99,18,768,838,768,1024
109715371,0.8991405367851257,11.425323486328125,47.533382415771484,955.852783203125,490.2731018066406,0,0,1024,541,1024,541
110914426,0.855101466178894,83.1698226928711,41.64095687866211,797.9778442382812,337.7508544921875,0,0,906,383,940,431
111742897,0.5599429607391357,22.886138916015625,29.77489471435547,994.2281494140625,469.06622314453125,0,0,1024,535,1024,768
118128408,0.4177538752555847,102.11102294921875,0.6783221960067749,757.8865966796875,156.68150329589844,3,0,857,181,1024,602
119816306,0.9111456274986267,157.43667602539062,126.07423400878906,927.42236328125,501.9994201660156,41,69,1024,559,1024,680
123355452,0.9158532023429871,75.964599609375,95.93566131591797,986.70556640625,595.6381225585938,0,20,1024,671,1024,681
125019379,0.7471020221710205,281.7833557128906,427.4666748046875,806.1661376953125,689.129150390625,203,388,885,729,1024,1024
129004465,0.9138793349266052,192.04293823242188,227.45582580566406,845.91552734375,575.3607788085938,93,175,944,628,1024,682
129015761,0.487500935792923,-4.0387115478515625,143.02304077148438,485.7503662109375,681.7637939453125,0,62,560,682,1024,682
131440450,0.36422333121299744,198.49349975585938,280.74761962890625,934.723388671875,403.76593017578125,88,262,1024,423,1024,768
132201319,0.4918544888496399,498.22216796875,7.507209777832031,873.43896484375,604.7420654296875,441,0,930,695,1024,768
132953372,0.5233703255653381,60.45085144042969,140.09893798828125,365.62237548828125,479.10443115234375,14,89,412,530,1024,683
133434738,0.6022032499313354,-1.8298982381820679,94.69381713867188,631.2713012695312,862.4478759765625,0,0,671,978,671,1024
133517081,0.4757383167743683,172.909912109375,354.6202087402344,868.0421142578125,637.851318359375,68,312,973,681,1024,768
136401261,0.3935069441795349,87.27487182617188,391.93450927734375,192.0767822265625,590.7957763671875,71,362,208,595,793,595
137626528,0.900676965713501,154.34046936035156,211.39898681640625,551.3751220703125,953.4948120117188,94,100,611,1024,768,1024
138078273,0.8632664680480957,95.57540130615234,454.9160461425781,462.5849914550781,652.6408081054688,40,425,473,683,473,1024
139544261,0.8699063658714294,66.67755889892578,302.21710205078125,401.158447265625,452.71539306640625,16,279,452,476,578,1024
139991595,0.6570124626159668,454.3401184082031,268.048095703125,595.0626220703125,342.21380615234375,433,256,617,354,1024,768
141674734,0.8964324593544006,118.49691772460938,97.2229995727539,957.2635498046875,474.1189880371094,0,40,1024,531,1024,565
142302462,0.8543251752853394,84.4525146484375,145.8506622314453,937.45068359375,493.9271240234375,0,93,1024,547,1024,576
144510125,0.6486759781837463,336.2257385253906,340.914794921875,614.7398681640625,420.2728576660156,294,329,657,433,1024,683
145571865,0.5628926753997803,394.453125,253.4611358642578,750.1712646484375,317.306640625,341,243,804,327,1024,768
147324735,0.68507981300354,99.97132873535156,140.95245361328125,461.9947509765625,871.8008422851562,45,31,517,982,576,1024
150254774,0.9072304368019104,243.9788818359375,110.383544921875,624.760986328125,697.1908569335938,186,22,682,786,768,1024
151260032,0.7226979732513428,69.03659057617188,504.88739013671875,456.3379211425781,718.2722778320312,10,472,515,751,1024,1024
153102034,0.6875520348548889,394.0576171875,271.906982421875,542.6358642578125,369.55364990234375,371,257,565,385,1024,768
158692756,0.5760396718978882,102.40187072753906,45.03497314453125,594.1766357421875,882.4773559570312,28,0,668,1009,768,1024
169899870,0.8846174478530884,184.47486877441406,150.41102600097656,736.1826782226562,287.9322814941406,101,129,819,309,822,414
171105856,0.6990631818771362,71.9334716796875,33.63745880126953,902.3425903320312,478.7012939453125,0,0,1024,546,1024,576
175740512,0.8130569458007812,190.11965942382812,126.32037353515625,810.994384765625,655.579833984375,96,46,905,735,1024,795
178112642,0.7841566801071167,5.803375244140625,201.76109313964844,717.688720703125,644.771728515625,0,135,825,683,1024,683
182905841,0.9076743125915527,49.058380126953125,196.0924835205078,901.7772216796875,548.9890747070312,0,143,1024,602,1024,683
191719652,0.5796797275543213,68.04425048828125,264.6791076660156,845.4735107421875,471.6252136230469,0,233,963,503,1024,687
194411548,0.8701210021972656,263.58221435546875,98.63836669921875,461.44384765625,878.2341918945312,233,0,492,996,768,1024
194460326,0.6870126724243164,378.27880859375,349.9932861328125,578.681640625,534.3809814453125,348,322,609,563,1024,683
195704273,0.8860961198806763,51.003536224365234,33.663978576660156,681.4752197265625,344.8147277832031,0,0,689,390,689,390
198175458,0.6618922352790833,469.2135009765625,94.46202850341797,841.6614990234375,226.34121704101562,413,74,898,247,1024,516
198970377,0.4382200837135315,154.88731384277344,362.43701171875,197.33937072753906,395.853759765625,148,357,204,401,1024,1024
199011551,0.8473556041717529,162.759033203125,8.934661865234375,741.992919921875,1025.9105224609375,75,0,768,1024,768,1024
200436350,0.40429285168647766,452.0654602050781,414.1011962890625,884.2130126953125,604.5344848632812,387,385,950,634,1024,683
203273755,0.7150388360023499,48.877532958984375,44.460060119628906,780.6983642578125,429.26007080078125,0,0,891,487,1024,534
207663360,0.8760392069816589,129.85272216796875,291.88427734375,318.5635986328125,556.0740356445312,101,252,347,596,473,1024
208613527,0.8673383593559265,341.87518310546875,294.27911376953125,540.6634521484375,753.3026733398438,312,225,571,823,768,1024
213980593,0.44081467390060425,167.99978637695312,509.0281677246094,419.6075439453125,849.91015625,130,457,458,902,576,1024
226062295,0.8866929411888123,227.69970703125,274.7715148925781,476.74822998046875,881.6737060546875,190,183,515,973,768,1024
226121833,0.5983837842941284,69.6584701538086,42.413917541503906,430.5429992675781,257.6994323730469,15,10,485,290,576,1024
226919891,0.4915260672569275,65.44454956054688,194.06520080566406,876.9541015625,572.4957275390625,0,137,999,630,1024,768
227246535,0.42371445894241333,0.7627809643745422,0.53167724609375,479.67901611328125,1023.2901611328125,0,0,482,1024,482,1024
227321982,0.8651522397994995,77.16068267822266,222.1617431640625,778.5907592773438,619.768310546875,0,162,826,680,826,768
233230922,0.7268763184547424,173.21607971191406,191.89712524414062,495.95343017578125,908.244140625,124,84,545,1016,768,1024
237085221,0.8449392914772034,367.0367126464844,364.22802734375,933.267333984375,617.308349609375,282,326,1019,656,1024,771
243514874,0.6729468703269958,105.3551025390625,77.72625732421875,949.9305419921875,400.97784423828125,0,29,1024,450,1024,768
246162297,0.9179851412773132,201.55783081054688,200.60572814941406,827.1270751953125,495.17828369140625,107,156,921,540,1024,768
249089165,0.7672007083892822,181.93743896484375,96.24271392822266,974.5029907226562,485.33331298828125,63,37,1024,544,1024,683
249761038,0.6962831616401672,264.13629150390625,504.6971435546875,450.32666015625,729.767822265625,236,470,479,764,768,1024
251378459,0.5291985273361206,68.11750030517578,186.78378295898438,713.4640502929688,463.25872802734375,0,145,800,505,800,600
253471539,0.889302670955658,131.4173583984375,188.3617401123047,887.8770751953125,710.0953979492188,17,110,1002,768,1024,768
254506209,0.9044426679611206,89.14540100097656,78.32290649414062,441.972412109375,905.27978515625,36,0,495,1024,576,1024
254593278,0.9183144569396973,129.25942993164062,290.4488830566406,712.24853515625,502.2878723144531,41,258,800,535,1024,768
255079637,0.4382283687591553,523.12548828125,796.328857421875,764.2064208984375,918.234375,486,778,801,937,995,1024
256852326,0.9115158915519714,9.00994873046875,139.49417114257812,961.6574096679688,682.2301025390625,0,58,1024,764,1024,768
257160452,0.8212011456489563,153.39700317382812,467.5108947753906,703.0496826171875,650.8373413085938,70,440,768,679,768,1024
257212350,0.8293019533157349,167.6251220703125,413.8040771484375,719.1371459960938,633.3984375,84,380,802,667,1024,768
257311108,0.7036909461021423,275.7650146484375,49.93684387207031,697.693115234375,722.4998168945312,212,0,761,768,1024,768
258324487,0.48114216327667236,166.42042541503906,482.7646789550781,402.21875,560.4361572265625,131,471,438,573,1024,670
258743920,0.4704074263572693,28.564239501953125,108.08145141601562,209.0056610107422,226.40945434570312,1,90,237,245,1024,904
258977222,0.48437052965164185,260.6244812011719,268.7204284667969,474.1009216308594,492.42767333984375,228,235,507,526,1024,576
259029956,0.8664042949676514,32.20101547241211,49.560943603515625,475.8711853027344,1002.113037109375,0,0,541,1024,541,1024
259029966,0.5832313299179077,713.34228515625,285.5357666015625,983.0693359375,816.0746459960938,672,205,1024,896,1024,921
259565066,0.8234437704086304,121.71078491210938,176.80474853515625,943.7154541015625,470.03448486328125,0,132,1024,473,1024,473
259565069,0.5868974924087524,0.7276824116706848,764.5459594726562,147.30105590820312,916.0161743164062,0,741,170,939,473,1024
259831626,0.37157443165779114,-0.08294478058815002,1.7280099391937256,384.9132080078125,325.72479248046875,0,0,385,324,385,324
260486551,0.6122183799743652,49.62730407714844,412.800048828125,659.7838134765625,768.6922607421875,0,359,752,823,768,1024
260531983,0.6689156293869019,65.70435333251953,390.9398193359375,769.9532470703125,711.27978515625,0,342,768,760,768,1024
260605295,0.8284991979598999,206.35137939453125,326.83526611328125,941.8878784179688,660.3108520507812,96,276,1024,711,1024,768
262124240,0.7902237772941589,158.30648803710938,470.0530090332031,466.0952453613281,1021.517578125,112,387,513,1024,768,1024
262124347,0.6191118359565735,156.62765502929688,78.38276672363281,592.6495971679688,282.3593444824219,91,47,659,313,720,555
262336526,0.5980970859527588,186.70716857910156,438.29986572265625,511.70098876953125,793.4136352539062,137,385,561,847,576,1024
265407685,0.8929253816604614,140.98419189453125,2.4578857421875,558.8329467773438,939.99072265625,78,0,622,1024,768,1024
266507705,0.4626600742340088,292.01251220703125,403.4769287109375,690.756591796875,530.8433227539062,232,384,751,550,1024,1024
266595970,0.7638819217681885,1.6378173828125,179.8879852294922,993.3630981445312,619.1945190429688,0,113,1024,686,1024,768
268097667,0.7517285346984863,311.51068115234375,240.43032836914062,542.5831909179688,878.7369384765625,276,144,578,975,768,1024
268189862,0.8881689310073853,150.05392456054688,37.323570251464844,904.000244140625,513.98583984375,36,0,1018,586,1024,663
269218261,0.29568737745285034,321.01214599609375,378.5489501953125,740.5189819335938,578.3472290039062,258,348,804,609,829,1024
269355319,0.9004469513893127,151.75314331054688,124.78594970703125,389.1571960449219,786.8330688476562,116,25,425,887,454,1024
269900854,0.3922941982746124,123.16674041748047,107.07766723632812,386.7569885253906,624.2421875,83,29,427,702,470,1024
272142901,0.7063320279121399,-7.345184326171875,256.41424560546875,938.9273681640625,437.2711486816406,0,229,1024,465,1024,683
272789693,0.6806150078773499,109.18135833740234,82.35586547851562,525.0620727539062,252.43748474121094,46,56,526,278,526,707
273205449,0.5128023624420166,143.7512969970703,86.94317626953125,643.7423706054688,993.1594848632812,68,0,719,1024,768,1024
273472444,0.8982897400856018,10.142350196838379,375.7392578125,449.9896240234375,600.78271484375,0,341,461,635,461,1024
275339078,0.8293019533157349,167.6251220703125,413.8040771484375,719.1371459960938,633.3984375,84,380,802,667,1024,768
276287907,0.8874977231025696,18.939102172851562,405.207763671875,728.4122314453125,893.5133056640625,0,331,768,967,768,1024
282207097,0.7189728617668152,108.56298828125,18.714580535888672,367.28753662109375,542.972900390625,69,0,407,559,520,559
284495275,0.8754586577415466,105.63616180419922,130.8861846923828,527.1996459960938,389.8069152832031,42,92,591,429,750,500
287006023,0.8020459413528442,0.2063884735107422,375.68231201171875,335.73065185546875,624.1524658203125,0,338,387,662,576,1024
288248247,0.8668811917304993,36.138668060302734,343.28472900390625,480.89093017578125,490.73443603515625,0,321,548,513,576,1024
289396335,0.8166805505752563,109.64075469970703,52.13239669799805,231.68572998046875,273.4828186035156,91,18,250,303,329,303
294875660,0.9000093340873718,-2.349578857421875,38.19794464111328,952.1383056640625,572.7846069335938,0,0,1024,577,1024,577
295974904,0.8903595805168152,76.21353912353516,136.5728759765625,544.135986328125,925.8837890625,6,18,577,1024,577,1024
296632881,0.9277414679527283,64.14215087890625,202.31399536132812,946.9136962890625,607.9572143554688,0,141,1024,669,1024,768
297474867,0.3257603943347931,1.2606201171875,5.220686912536621,1022.2783813476562,682.072998046875,0,0,1024,684,1024,684
297908344,0.7530637383460999,367.7970275878906,480.919189453125,688.8023071289062,679.3834228515625,319,451,737,710,768,1024
298332983,0.48632609844207764,273.1285400390625,133.94358825683594,761.3675537109375,642.5744018554688,199,57,768,719,768,1024
298637111,0.7919946908950806,50.44303894042969,135.09381103515625,771.3847045898438,470.24395751953125,0,84,768,521,768,1024
298822861,0.8711372017860413,174.9371337890625,241.60696411132812,791.1906127929688,702.6328735351562,82,172,884,772,1024,819
299099876,0.9168805480003357,151.2044677734375,379.407958984375,655.94921875,671.6187744140625,75,335,732,716,768,1024
299114656,0.8985912203788757,7.327262878417969,192.82150268554688,619.299560546875,887.92822265625,0,88,712,993,768,1024
299114879,0.45416492223739624,2.84698486328125,-0.572479248046875,803.4368286132812,645.4007568359375,0,0,924,743,1024,768
299116616,0.5379799008369446,25.907119750976562,175.8553924560547,369.760009765625,335.2344970703125,0,151,422,360,1024,555
301057220,0.6727051138877869,256.35382080078125,179.28231811523438,830.0060424804688,264.3028564453125,170,166,917,278,1024,1024
301135671,0.8722349405288696,110.6817626953125,8.905548095703125,680.1575317382812,1020.4486083984375,25,0,766,1024,768,1024
304399196,0.5904638171195984,424.56591796875,644.1176147460938,460.49267578125,677.8086547851562,419,639,466,683,768,1024
305966164,0.7093051075935364,371.785400390625,72.2076187133789,609.4788818359375,173.51290893554688,336,57,646,189,1024,575
306279384,0.8706886768341064,303.13995361328125,1.6609039306640625,770.1483764648438,759.03173828125,233,0,841,768,1024,768
307275135,0.7462037801742554,118.38621520996094,156.71755981445312,487.0269470214844,977.2630615234375,63,33,543,1024,576,1024
307950739,0.9272863864898682,53.91546630859375,197.48716735839844,963.3871459960938,611.2570190429688,0,135,1024,674,1024,768
309229389,0.855817437171936,186.12869262695312,175.24569702148438,488.07269287109375,977.385986328125,140,54,534,1024,771,1024
309424054,0.8980186581611633,16.819580078125,132.83511352539062,865.13720703125,667.3577270507812,0,52,993,748,1024,768
310322250,0.7911467552185059,64.1116943359375,34.170047760009766,954.7830200195312,469.47723388671875,0,0,1024,535,1024,592
310950522,0.8428197503089905,143.94081115722656,-4.74810791015625,572.0735473632812,991.9684448242188,79,0,637,1024,768,1024
311060658,0.8988842368125916,240.18923950195312,287.1749267578125,774.3348388671875,510.42498779296875,160,253,855,544,1024,768
311070386,0.759026050567627,155.19363403320312,221.30007934570312,585.147705078125,1020.231201171875,90,101,650,1024,768,1024
311178422,0.7325954437255859,63.39060592651367,187.92489624023438,898.0355834960938,426.6596984863281,0,152,993,463,993,1024
311284121,0.525238573551178,257.824462890625,245.16561889648438,593.6668701171875,967.9697265625,207,136,645,1024,768,1024
311892340,0.9190499186515808,195.8802490234375,249.49069213867188,925.68310546875,606.6446533203125,86,195,1024,661,1024,800
312736758,0.8729100823402405,155.94996643066406,203.40625,606.5263671875,959.910888671875,88,89,675,1024,768,1024
312737676,0.8885581493377686,262.8524169921875,210.92410278320312,705.1759033203125,949.3822021484375,196,100,768,1024,768,1024
312935236,0.8051739931106567,149.37612915039062,497.108154296875,627.7620849609375,776.4991455078125,77,455,700,819,768,1024
312995781,0.9131814241409302,17.873687744140625,259.8631591796875,987.5511474609375,686.0238037109375,0,195,1024,750,1024,1024
313591214,0.8922284841537476,106.91770935058594,312.36962890625,759.3712158203125,760.0286865234375,9,245,768,828,768,1024
314051343,0.9054239392280579,34.195037841796875,83.3812026977539,1014.926025390625,511.3669738769531,0,19,1024,576,1024,694
314051450,0.8634071350097656,137.56716918945312,42.77099609375,576.064453125,968.0909423828125,71,0,642,1024,773,1024
314161910,0.8931048512458801,176.97604370117188,411.2464904785156,764.41943359375,1023.9967041015625,88,319,768,1024,768,1024
314384057,0.6423781514167786,280.961181640625,262.0987548828125,460.4548645019531,776.4652099609375,254,184,488,854,768,1024
316130727,0.6962125301361084,50.915374755859375,466.5946044921875,981.1533203125,845.3814697265625,0,409,1024,850,1024,850
316216725,0.41540998220443726,0.020861685276031494,38.39900207519531,447.01556396484375,528.6718139648438,0,0,447,529,447,529
316402567,0.9089384078979492,302.33294677734375,181.89244079589844,909.3325805664062,555.0747680664062,211,125,1001,612,1024,768
316661551,0.45735985040664673,225.11984252929688,-2.6832504272460938,1019.32470703125,469.61480712890625,105,0,1024,541,1024,768
317230435,0.8643127083778381,26.427339553833008,434.19775390625,468.3843078613281,756.6568603515625,0,385,473,806,473,1024
317845112,0.9051920175552368,333.9492492675781,138.5106201171875,666.1085205078125,762.3092041015625,284,44,716,768,1024,768
320660455,0.39641326665878296,50.846519470214844,198.58184814453125,523.285888671875,410.9184875488281,0,166,555,443,555,490
321331435,0.7855453491210938,145.8401641845703,-0.293975830078125,516.285888671875,744.925048828125,90,0,572,857,768,1024
321372851,0.9092816710472107,352.038818359375,5.616185188293457,746.3956298828125,669.9821166992188,292,0,806,683,1024,683
323055672,0.5106476545333862,172.58299255371094,219.4277801513672,607.64990234375,362.9368896484375,107,197,673,385,813,610
323774280,0.8766169548034668,1.9631423950195312,437.42449951171875,674.8671875,1022.3383178710938,0,349,768,1024,768,1024
324056579,0.3777018189430237,156.4989776611328,329.877197265625,492.91455078125,702.4027099609375,106,273,544,759,576,1024
324503056,0.5295296311378479,237.60565185546875,109.94833374023438,517.3416748046875,704.0936279296875,195,20,560,794,771,1024
324973029,0.6290156245231628,172.42491149902344,136.97860717773438,580.9166870117188,895.353515625,111,23,643,1010,769,1024
325305937,0.6362079977989197,100.32245635986328,139.39219665527344,794.2606811523438,516.104248046875,0,82,794,573,794,1024
325762430,0.848703920841217,86.61656951904297,99.78955078125,460.6789855957031,809.4403076171875,30,0,517,916,576,1024
326329871,0.8241850137710571,261.36279296875,294.0158996582031,768.126708984375,466.8787536621094,185,268,845,493,1024,768
326526395,0.6608189940452576,281.8717346191406,244.02186584472656,428.4284362792969,625.2597045898438,259,186,451,683,768,1024
326858962,0.9026086330413818,72.75860595703125,167.24618530273438,693.4555053710938,499.37091064453125,0,117,787,550,1024,576
326914412,0.9218341708183289,26.31804656982422,225.50271606445312,548.057861328125,923.97802734375,0,120,627,1024,768,1024
328939992,0.5288335680961609,247.32357788085938,16.133697509765625,601.1622314453125,714.9774169921875,194,0,655,820,768,1024
328940151,0.5288335680961609,247.32357788085938,16.133697509765625,601.1622314453125,714.9774169921875,194,0,655,820,768,1024
329922639,0.7793592810630798,212.52090454101562,226.18603515625,563.2886352539062,808.60302734375,159,138,616,896,768,1024
329978372,0.6170744299888611,655.3287963867188,32.64421463012695,729.4279174804688,151.72842407226562,644,14,741,170,768,1024
331987448,0.7120335102081299,213.86868286132812,440.990478515625,838.4027099609375,676.6396484375,120,405,933,712,1024,771
332523396,0.920120120048523,164.409423828125,177.9802703857422,831.1990356445312,545.1928100585938,64,122,932,601,1024,768
333180997,0.8180934190750122,185.7071533203125,115.532958984375,764.2501220703125,508.93206787109375,98,56,852,568,1024,768
333420694,0.8033612966537476,184.02232360839844,347.8439025878906,526.6155395507812,533.6978149414062,132,319,579,562,768,1024
333662865,0.6701635718345642,71.80741882324219,257.3358154296875,429.12896728515625,471.41937255859375,18,225,483,504,1024,768
333707832,0.9271552562713623,61.188697814941406,262.2617492675781,745.4639892578125,594.8349609375,0,212,768,645,768,1024
334138275,0.833499550819397,67.03468322753906,515.4833984375,681.14697265625,723.2889404296875,0,484,768,755,768,1024
334139410,0.7894924283027649,233.1221466064453,429.8524169921875,459.64404296875,544.0610961914062,199,412,494,562,768,1024
334311915,0.8458377122879028,2.30419921875,114.76605987548828,1016.0153198242188,526.2396240234375,0,53,1024,588,1024,635
334879919,0.900215744972229,167.66348266601562,242.35140991210938,671.6183471679688,808.9105224609375,92,157,748,894,793,916
336072144,0.5678505897521973,217.34881591796875,202.14239501953125,875.7454223632812,469.93878173828125,118,161,975,511,1024,768
336072384,0.44813787937164307,498.1181640625,152.87893676757812,699.228515625,273.8988952636719,467,134,730,293,1024,768
336102448,0.3265337347984314,571.0936279296875,212.7802734375,801.0048828125,372.2646179199219,536,188,836,397,1024,683
336102475,0.5669707655906677,309.404296875,378.4066162109375,633.5694580078125,439.5250549316406,260,369,683,449,1024,683
336102476,0.6768829226493835,238.84555053710938,188.2425994873047,385.2290344238281,282.79559326171875,216,174,408,297,1024,683
336786965,0.5891737937927246,143.43963623046875,7.191396236419678,1005.4830932617188,510.6701965332031,14,0,1024,587,1024,683
336786968,0.7377269864082336,195.77090454101562,200.82986450195312,659.39453125,382.3008728027344,126,173,729,410,1024,683
336814830,0.8651466369628906,67.26610565185547,241.9242401123047,705.815185546875,561.3472290039062,0,194,768,610,768,1024
336920110,0.8018137812614441,264.6405029296875,564.7512817382812,467.10369873046875,636.5225219726562,234,553,498,648,768,1024
336920168,0.5374935865402222,109.87049102783203,452.88812255859375,242.9850311279297,550.8629150390625,89,438,263,566,576,1024
337018744,0.4853426516056061,140.55975341796875,205.57284545898438,185.07479858398438,293.747802734375,133,192,192,307,1024,768
337059977,0.45946958661079407,66.96823120117188,30.944778442382812,959.9520263671875,706.50390625,0,0,1024,768,1024,768
337520696,0.879485547542572,117.86970520019531,158.94573974609375,555.1242065429688,881.8230590820312,52,50,621,991,768,1024
338041916,0.8029758334159851,592.5853271484375,627.9357299804688,726.3809814453125,677.8513793945312,572,620,747,686,1024,768
338246707,0.6968600153923035,342.08966064453125,251.21527099609375,517.3091430664062,300.52105712890625,315,243,544,308,768,1024
338449680,0.5152859091758728,0.15245819091796875,267.9022521972656,767.982666015625,1024.4715576171875,0,154,768,1024,768,1024
338606451,0.5836960673332214,72.87701416015625,241.48309326171875,491.157958984375,618.4588012695312,10,184,554,676,576,1024
338608894,0.6695453524589539,136.85108947753906,339.0215759277344,256.6021728515625,450.2967834472656,118,322,275,467,576,1024
338831933,0.8386058807373047,241.949462890625,130.151611328125,950.5897216796875,483.1722106933594,135,77,1024,537,1024,683
339982885,0.8964712023735046,72.20320129394531,22.858875274658203,610.5971069335938,285.6662902832031,0,0,692,325,720,325
340490759,0.6625936031341553,5.52517032623291,131.13729858398438,214.62069702148438,629.7901611328125,0,56,246,705,576,1024
341767515,0.890758216381073,215.7545928955078,483.72607421875,631.7600708007812,932.552734375,153,416,695,1000,770,1024
342109841,0.604896605014801,129.68145751953125,491.7525939941406,490.40496826171875,588.9592895507812,75,477,545,604,768,1024
342915641,0.6202695965766907,162.96066284179688,228.31260681152344,1006.798583984375,726.4402465820312,36,153,1024,802,1024,997
343028730,0.8328825235366821,268.2580871582031,182.38006591796875,675.89306640625,582.9683227539062,207,122,738,644,1024,683
343167589,0.8764452338218689,82.06495666503906,113.422119140625,726.5549926757812,917.2908935546875,0,0,824,1024,870,1024
343383780,0.550934374332428,394.07232666015625,745.4805908203125,724.0331420898438,966.532470703125,344,712,768,1000,768,1024
343390406,0.854279100894928,59.333614349365234,110.803466796875,543.7926635742188,1020.360595703125,0,0,551,1024,551,1024
344449639,0.7922588586807251,242.99444580078125,78.38467407226562,766.3071899414062,994.95068359375,164,0,768,1024,768,1024
344667068,0.41156283020973206,14.753829956054688,482.0545654296875,247.16639709472656,871.0986328125,0,423,283,930,461,1024
345095255,0.8259255886077881,54.483123779296875,246.85972595214844,935.2884521484375,653.7598266601562,0,185,1024,715,1024,768
345481083,0.455910325050354,0.546875,400.7532653808594,943.8118896484375,574.2620849609375,0,374,1024,576,1024,576
346327724,0.800823986530304,229.75628662109375,10.532757759094238,762.6107177734375,601.8977661132812,149,0,843,691,1024,695
348552058,0.8984521627426147,108.86096954345703,381.5428466796875,828.4348754882812,576.6103515625,0,352,887,606,887,887
348611655,0.6599565744400024,107.75071716308594,251.20184326171875,435.2378845214844,953.4729614257812,58,145,485,1024,576,1024
349778520,0.41977429389953613,61.798095703125,60.832977294921875,792.3153686523438,1000.244140625,0,0,902,1024,1024,1024
350259230,0.865679919719696,57.488792419433594,347.6396484375,895.5187377929688,793.426513671875,0,280,922,861,922,1024
350690491,0.6775751709938049,81.48566436767578,265.05596923828125,631.3424072265625,473.83453369140625,0,233,714,506,768,1024
351006374,0.6562634706497192,317.5721130371094,425.56512451171875,427.2582092285156,568.8042602539062,301,404,444,591,768,1024
351695424,0.6865620613098145,308.4365234375,266.78875732421875,723.5509033203125,552.4798583984375,246,223,786,596,1024,768
352013357,0.5716394186019897,381.6732482910156,180.97047424316406,735.9909057617188,674.6160278320312,328,106,762,682,762,682
352120298,0.9125362634658813,2.00921630859375,152.5552978515625,1008.6259155273438,633.0157470703125,0,80,1024,706,1024,768
354157204,0.6268095374107361,213.3184814453125,90.28964233398438,657.895751953125,1020.386474609375,146,0,725,1024,768,1024
355518789,0.4116092622280121,112.07776641845703,312.50482177734375,523.2681884765625,758.7627563476562,50,245,576,826,576,1024
356633250,0.8885785341262817,96.2362060546875,54.72169494628906,953.4404296875,525.0775146484375,0,0,1024,574,1024,574
358616484,0.6490679979324341,408.6129150390625,63.936466217041016,841.11181640625,672.7954711914062,343,0,906,696,1024,696
359341742,0.8881484270095825,0.41933441162109375,273.1679382324219,766.048583984375,662.6290283203125,0,214,768,722,768,1024
359423617,0.868303120136261,63.88530731201172,457.54522705078125,502.31634521484375,622.0335083007812,0,432,569,647,576,1024
360207813,0.8723687529563904,0.9888385534286499,86.48880004882812,451.3708190917969,908.1146240234375,0,0,462,1024,462,1024
361083643,0.5110689997673035,296.7919921875,-0.6510847806930542,1013.710205078125,316.2998046875,189,0,1024,364,1024,683
362893770,0.7928582429885864,183.66741943359375,472.97467041015625,653.2176513671875,705.5567016601562,113,438,724,741,768,1024
364390322,0.8594393134117126,11.388532638549805,130.1195068359375,370.95819091796875,888.7976684570312,0,16,425,1003,473,1024
365728518,0.7662543654441833,81.66497802734375,273.82366943359375,648.7318725585938,502.197998046875,0,239,734,537,1024,768
367862969,0.6670202016830444,130.82427978515625,115.25367736816406,691.8416748046875,446.48138427734375,46,65,776,497,1024,768
370403979,0.4818307161331177,370.3225402832031,359.1573181152344,460.9053955078125,950.1981201171875,356,270,461,1024,461,1024
370412314,0.48559999465942383,1.2145951986312866,41.906158447265625,91.34212493896484,286.7149353027344,0,5,105,324,461,1024
375132968,0.4104628562927246,451.518798828125,0.9956132769584656,940.4727783203125,263.7995300292969,378,0,1014,304,1024,683
376088776,0.6820440292358398,298.97406005859375,260.2789306640625,614.73779296875,641.6537475585938,251,203,663,699,1024,768
378011675,0.8981227278709412,97.05967712402344,179.43508911132812,678.0317993164062,756.9923095703125,9,92,766,844,768,1024
380056677,0.9165382385253906,228.98687744140625,250.09771728515625,821.8430786132812,539.2889404296875,140,206,911,583,1024,768
381153466,0.8896084427833557,224.16152954101562,300.734375,751.096923828125,574.6659545898438,145,259,831,616,1024,768
381239776,0.7109810709953308,40.886322021484375,124.46199035644531,1019.7958984375,717.37158203125,0,35,1024,727,1024,727
383090138,0.7801228761672974,139.61203002929688,292.14892578125,411.4280700683594,883.7044677734375,98,203,453,973,577,1024
383090515,0.8606505990028381,-1.659942626953125,88.90583801269531,864.513427734375,492.2506408691406,0,28,995,553,1024,567
386125483,0.8649174571037292,14.182222366333008,56.97813415527344,926.115234375,745.8071899414062,0,0,932,765,932,765
387115945,0.772263765335083,320.0301513671875,358.00946044921875,525.8646850585938,861.0364379882812,289,282,557,937,768,1024
387421934,0.8217349648475647,41.828330993652344,351.61456298828125,395.80059814453125,602.3453979492188,0,314,449,640,576,1024
393328449,0.8908699750900269,154.8669891357422,122.60336303710938,546.6890869140625,999.228515625,96,0,606,1024,768,1024
393820467,0.8787922263145447,180.3150634765625,348.66937255859375,683.7577514648438,938.6099243164062,104,260,760,1024,1024,1024
394219599,0.8919862508773804,264.2721862792969,253.2649688720703,962.7183837890625,524.63916015625,159,212,1024,566,1024,681
394843316,0.8532055020332336,5.840160369873047,388.26226806640625,493.31585693359375,611.904541015625,0,354,567,646,576,1024
395931255,0.8862922191619873,194.3897247314453,4.60009765625,699.2683715820312,1022.558349609375,118,0,767,1024,767,1024
403450145,0.7880079746246338,36.86391067504883,-1.9266811609268188,249.76995849609375,445.1988525390625,4,0,255,454,255,454
403450149,0.4047485888004303,63.90644073486328,0.06240755319595337,287.6404724121094,142.2012481689453,30,0,318,164,318,175
405353139,0.33344265818595886,116.99969482421875,33.90715026855469,1012.7339477539062,622.8360595703125,0,0,1024,712,1024,768
654430,0.8856590390205383,184.70840454101562,201.27703857421875,836.193359375,493.93768310546875,86,157,934,538,1024,683
6508820,0.569185733795166,1.34368896484375,203.14938354492188,875.395751953125,761.9558715820312,0,119,1007,768,1024,768
10293292,0.842475175857544,124.9366455078125,34.637935638427734,885.8848266601562,567.9602661132812,10,0,1001,576,1024,576
16080717,0.6569015383720398,261.8014221191406,219.06121826171875,1014.82373046875,660.6854248046875,148,152,1024,727,1024,768
17650496,0.5439402461051941,13.509475708007812,513.1080932617188,633.85498046875,745.4945678710938,0,478,727,781,768,1024
19420521,0.897362470626831,292.3017578125,0.43430328369140625,1024.2467041015625,575.3363037109375,182,0,1024,576,1024,576
19632901,0.44258204102516174,223.30807495117188,341.2117614746094,836.599853515625,522.4635620117188,131,314,929,550,1024,681
20987037,0.8502854108810425,98.32884979248047,267.25701904296875,685.9822998046875,726.5131225585938,10,198,768,796,768,1024
22670548,0.8381129503250122,0.3337554931640625,125.1058349609375,432.56793212890625,763.3958129882812,0,29,498,860,768,1024
22762020,0.40398353338241577,328.8294982910156,146.24209594726562,1013.8502197265625,414.4047546386719,226,106,1024,455,1024,768
25097224,0.46544575691223145,110.28173828125,118.07780456542969,953.4398193359375,533.1348876953125,0,55,1024,596,1024,768
31627605,0.6527029871940613,307.1842041015625,307.82861328125,659.7086791992188,481.51947021484375,254,281,713,508,1024,768
32842857,0.3925378620624542,354.46978759765625,848.0758056640625,425.57635498046875,880.021728515625,343,843,437,885,768,1024
36518212,0.5641962289810181,248.84632873535156,205.085205078125,582.404052734375,355.4852294921875,198,182,633,379,768,1024
38545254,0.8794243335723877,211.2884521484375,144.796142578125,948.4619140625,549.6962890625,100,84,1024,611,1024,768
38545263,0.8839292526245117,161.34527587890625,88.38855743408203,1005.7673950195312,542.4054565429688,34,20,1024,611,1024,768
38547230,0.8787316679954529,100.98275756835938,200.618408203125,1015.4990234375,453.34588623046875,0,162,1024,492,1024,768
38558738,0.8271725177764893,255.73794555664062,170.28672790527344,980.1884765625,524.0313720703125,147,117,1024,578,1024,768
38570113,0.8801106214523315,90.35128784179688,95.63422393798828,991.8675537109375,584.8138427734375,0,22,1024,659,1024,768
38572821,0.8921934366226196,141.14242553710938,171.48455810546875,952.199951171875,519.426513671875,19,119,1024,572,1024,768
38572856,0.8546110391616821,156.36492919921875,127.0088882446289,964.3549194335938,571.4586181640625,35,60,1024,639,1024,768
38572862,0.8560629487037659,167.11578369140625,225.96878051757812,1001.1897583007812,691.1065063476562,42,156,1024,761,1024,768
38583375,0.8771844506263733,167.02484130859375,250.37057495117188,1018.3738403320312,677.8203735351562,39,186,1024,742,1024,768
42345427,0.8145182728767395,222.86148071289062,288.0520935058594,627.7117309570312,1021.8734130859375,162,177,689,1024,768,1024
47620338,0.5272566080093384,75.16806030273438,75.0370101928711,912.7410888671875,619.0206909179688,0,0,1024,683,1024,683
49674306,0.8355380296707153,153.49484252929688,305.9587707519531,729.0594482421875,798.6065673828125,67,232,768,873,768,1024
52087046,0.39447325468063354,278.09332275390625,431.55322265625,523.7513427734375,742.59130859375,241,384,561,790,768,1024
55167496,0.8844588994979858,45.40864562988281,509.4693603515625,765.6502685546875,986.252197265625,0,437,768,1024,768,1024
58266223,0.8779267072677612,256.3971862792969,170.2754669189453,1020.55517578125,576.995361328125,141,109,1024,639,1024,681
60370412,0.8162326812744141,83.90432739257812,182.98828125,891.65966796875,436.1496276855469,0,145,1013,475,1024,624
60873934,0.8575664758682251,243.3516845703125,29.46429443359375,762.064453125,922.30517578125,165,0,768,1024,768,1024
62531701,0.8192732334136963,-1.569091796875,224.67462158203125,954.9065551757812,573.0931396484375,0,172,1024,626,1024,768
63581636,0.5164725184440613,206.30496215820312,3.480133056640625,642.042236328125,944.33251953125,140,0,708,1024,768,1024
65922565,0.6168456673622131,0.3428192138671875,388.5056457519531,600.782470703125,772.758056640625,0,330,691,831,768,1024
66032382,0.8595894575119019,92.59490966796875,132.6004638671875,827.0018310546875,327.0621643066406,0,103,938,357,1024,576
66032389,0.8613329529762268,62.29690933227539,7.732021331787109,367.1939697265625,624.6358642578125,16,0,413,639,496,639
66043943,0.5286686420440674,-1.3274459838867188,591.0355224609375,591.0147705078125,725.622802734375,0,570,680,746,768,1024
66106174,0.484517365694046,286.76861572265625,505.93792724609375,465.80859375,713.0986938476562,259,474,493,745,768,1024
67935393,0.6089886426925659,452.5691223144531,339.89306640625,555.9423828125,531.1654663085938,437,311,572,560,1024,768
68761416,0.8721050024032593,322.3274841308594,138.9434814453125,1025.94140625,597.7813110351562,216,70,1024,667,1024,683
69941934,0.6775104403495789,442.0204162597656,263.3327941894531,551.2510375976562,557.7376098632812,425,219,568,602,1024,683
70408615,0.8106028437614441,44.56454849243164,146.4068145751953,288.7894287109375,342.83319091796875,7,116,326,373,336,376
70464662,0.8153765797615051,131.43484497070312,64.26504516601562,624.9410400390625,923.3316650390625,57,0,699,1024,768,1024
73498369,0.830114483833313,-0.739837646484375,115.80450439453125,829.081787109375,620.2022094726562,0,40,954,696,1024,768
75260452,0.871369481086731,172.91468811035156,-0.46356201171875,594.6404418945312,806.4860229492188,109,0,658,928,768,1024
77807601,0.5272673964500427,27.227081298828125,180.8724822998047,843.3072509765625,601.2472534179688,0,117,966,665,1024,703
78275112,0.5160203576087952,99.86714935302734,125.38202667236328,275.8073425292969,221.23513793945312,73,111,303,236,1024,675
83528641,0.8135230541229248,91.5928955078125,393.279296875,426.8934326171875,602.5136108398438,41,361,478,634,576,1024
84069982,0.5375511050224304,281.14678955078125,335.56134033203125,516.7284545898438,634.9948120117188,245,290,553,680,768,1024
84642352,0.8777300119400024,139.8360595703125,94.14299011230469,659.351318359375,645.941162109375,61,11,738,729,1024,768
85884300,0.7423678040504456,124.47969055175781,246.26483154296875,629.3976440429688,643.150146484375,48,186,706,703,1024,768
88814941,0.6288456320762634,356.7940673828125,172.85983276367188,620.3484497070312,610.0610961914062,317,107,660,676,1024,768
91598689,0.6120315790176392,204.25790405273438,185.26956176757812,917.9068603515625,493.83966064453125,97,138,1024,541,1024,768
99589590,0.8706862926483154,52.51171875,259.9582824707031,866.280029296875,438.62255859375,0,233,989,466,1024,768
101677192,0.8644501566886902,104.63951110839844,102.25100708007812,670.9939575195312,990.9451904296875,19,0,756,1024,768,1024
102877246,0.8272282481193542,233.30117797851562,361.73358154296875,596.3701171875,566.6560668945312,178,330,651,598,768,1024
103161350,0.795835018157959,79.73947143554688,202.06973266601562,1020.4547119140625,596.8624267578125,0,142,1024,657,1024,768
104689477,0.3489508032798767,606.475341796875,234.93505859375,668.56787109375,361.756591796875,597,215,678,381,1024,768
105165698,0.8288455009460449,19.234615325927734,62.78951644897461,972.8138427734375,489.3421325683594,0,0,998,548,998,548
105165707,0.8524941205978394,35.669677734375,19.00263023376465,1019.3963623046875,553.6447143554688,0,0,1024,583,1024,583
105165712,0.439100444316864,48.4945068359375,29.151790618896484,986.0338134765625,567.892822265625,0,0,1024,631,1024,631
105168541,0.7791823148727417,0.6951779127120972,32.910301208496094,469.2716979980469,366.0982666015625,0,0,475,391,475,391
105168545,0.8672318458557129,32.724517822265625,21.42265510559082,1013.97607421875,497.6297912597656,0,0,1024,568,1024,568
105168558,0.843469500541687,17.052032470703125,3.366656541824341,1025.26416015625,549.5184326171875,0,0,1024,552,1024,552
105168565,0.8543247580528259,15.036529541015625,16.330821990966797,1021.075927734375,573.0842895507812,0,0,1024,603,1024,603
105471762,0.33842933177948,380.2740478515625,146.96560668945312,716.865234375,565.7838745117188,329,84,768,629,1024,683
105644853,0.8992498517036438,55.69427490234375,433.8877258300781,842.2489013671875,738.0113525390625,0,388,961,760,1024,760
105644857,0.8809696435928345,61.4927978515625,317.39459228515625,960.8743286132812,808.8555908203125,0,243,1024,815,1024,815
105644885,0.8557540774345398,70.47848510742188,295.1884765625,916.6097412109375,683.1084594726562,0,237,921,689,921,689
105694138,0.8500367403030396,9.898798942565918,8.565475463867188,802.3234252929688,247.78395080566406,0,0,806,284,806,424
105756103,0.8412414193153381,138.92263793945312,59.1773681640625,489.49920654296875,614.0369873046875,86,0,543,657,550,657
105817321,0.815045177936554,0.55194091796875,39.57927703857422,1021.466552734375,326.3089904785156,0,0,1024,370,1024,565
105823059,0.8188384175300598,16.072547912597656,20.857194900512695,927.6365356445312,397.49395751953125,0,0,966,405,966,405
105823088,0.6068739295005798,94.51409912109375,5.826254367828369,677.8203735351562,221.06442260742188,7,0,713,232,713,232
105823099,0.8485856056213379,146.020751953125,89.8695068359375,990.4161376953125,569.1720581054688,19,17,1024,576,1024,576
105826221,0.8346729874610901,91.88187408447266,10.571979522705078,915.5911254882812,461.9966735839844,0,0,943,485,943,485
105860336,0.5850251913070679,5.83184814453125,27.028963088989258,961.4183959960938,351.3260192871094,0,0,1024,400,1024,499
105860341,0.8763713240623474,123.62835693359375,102.10365295410156,1019.3009643554688,419.36114501953125,0,54,1024,467,1024,568
105860366,0.4302408993244171,-0.256378173828125,123.96946716308594,941.676025390625,548.7941284179688,0,60,1024,553,1024,553
105860393,0.8769726157188416,128.2896270751953,138.90199279785156,899.8655395507812,487.0724792480469,12,86,1011,540,1011,672
105951088,0.8897119164466858,69.10531616210938,149.66151428222656,1015.030517578125,556.3903198242188,0,88,1024,575,1024,575
105951089,0.5607525706291199,4.614593505859375,53.55049133300781,849.1756591796875,540.07373046875,0,0,976,591,1024,591
105951094,0.8951191306114197,56.132843017578125,179.22254943847656,984.9541015625,573.5751342773438,0,120,1024,576,1024,576
105951154,0.8669764995574951,223.3160400390625,10.844573974609375,997.5814208984375,293.4562072753906,107,0,1024,328,1024,328
105954266,0.8429228663444519,54.854618072509766,35.77418518066406,944.8348388671875,366.26165771484375,0,0,974,416,974,592
105954269,0.7105239033699036,-1.4350030422210693,28.444154739379883,678.6947021484375,607.649169921875,0,0,719,612,719,612
105954273,0.8938969373703003,102.69305419921875,51.95750427246094,988.6420288085938,446.8690185546875,0,0,1024,507,1024,576
105954276,0.8362825512886047,64.86972045898438,13.727529525756836,966.26953125,514.2516479492188,0,0,1024,590,1024,664
105954280,0.7156050205230713,120.60118865966797,1.4816737174987793,811.7376708984375,457.7723083496094,16,0,843,527,843,720
106050081,0.8638049960136414,103.339599609375,5.04780387878418,991.0950927734375,378.77685546875,0,0,1024,435,1024,654
106050083,0.876959502696991,29.943763732910156,19.886306762695312,862.880859375,477.09307861328125,0,0,930,546,930,719
106050099,0.8835745453834534,18.68035888671875,26.619468688964844,956.8929443359375,527.6983032226562,0,0,1024,603,1024,612
106050115,0.8576809167861938,24.7997989654541,2.7569034099578857,798.8468017578125,465.7165222167969,0,0,909,536,909,602
106050152,0.5866146087646484,18.442119598388672,0.12927278876304626,592.0798950195312,153.57135009765625,0,0,591,155,591,155
106050201,0.8618479371070862,1.955546498298645,183.25543212890625,953.9036254882812,562.342529296875,0,126,958,620,958,626
106050226,0.8341633081436157,7.147308349609375,117.61490631103516,1015.7464599609375,344.54248046875,0,83,1024,378,1024,378
106147275,0.7452235817909241,84.8277587890625,269.5522155761719,975.6925048828125,564.56298828125,0,225,1024,609,1024,768
106642722,0.86956787109375,65.92977905273438,141.49234008789062,538.217529296875,1020.52685546875,0,9,610,1024,768,1024
106698185,0.8809079527854919,25.61663818359375,200.5928192138672,1028.005126953125,580.6318969726562,0,143,1024,638,1024,768
106984959,0.8251746296882629,112.69070434570312,4.9163818359375,1018.38525390625,721.3182373046875,0,0,1024,768,1024,768
108883901,0.4915797710418701,278.8931884765625,282.5996398925781,793.83447265625,537.8463134765625,201,244,872,577,1024,768
111490974,0.3355198800563812,284.7375183105469,196.85562133789062,704.90869140625,620.8679809570312,221,133,768,685,1024,834
119158359,0.8368272185325623,251.62109375,227.6357879638672,818.5830078125,469.5015563964844,166,191,904,506,1024,683
119507023,0.8293673396110535,213.71420288085938,151.5926971435547,989.0904541015625,544.63134765625,97,92,1024,604,1024,768
120919303,0.8706889152526855,117.77993774414062,395.423828125,852.923828125,633.9515380859375,7,359,964,670,1024,768
123802690,0.8863323926925659,184.31295776367188,15.225361824035645,924.7113037109375,570.13623046875,73,0,1024,574,1024,574
131539683,0.7987992763519287,21.129913330078125,328.8232116699219,557.119873046875,848.6522216796875,0,250,638,927,768,1024
132125147,0.889957845211029,4.445996284484863,331.5804138183594,496.51739501953125,608.201416015625,0,290,498,650,498,1024
136380594,0.8405562043190002,160.80596923828125,166.36077880859375,895.0914916992188,446.6208801269531,50,124,1006,489,1024,683
137701420,0.8344815373420715,281.0460205078125,117.99398803710938,776.1531982421875,377.5731506347656,206,79,851,417,1024,576
138100640,0.8812602758407593,181.3905029296875,88.34707641601562,693.579345703125,1019.3472900390625,104,0,768,1024,768,1024
139772036,0.7834360003471375,75.94900512695312,8.662351608276367,955.5672607421875,618.8407592773438,0,0,1024,711,1024,763
140406452,0.9062012434005737,80.15267944335938,203.5208740234375,835.316650390625,457.78759765625,0,165,949,496,1024,683
141085907,0.8638595342636108,244.22048950195312,286.518310546875,929.2803955078125,503.07257080078125,141,254,1024,536,1024,768
141304077,0.2806265652179718,188.26138305664062,82.49600982666016,716.7352294921875,651.33203125,108,0,797,683,1024,683
145558132,0.7590066194534302,230.39688110351562,449.530517578125,347.1971435546875,566.5969848632812,212,431,365,585,577,1024
145697951,0.8867401480674744,137.88113403320312,191.239501953125,497.1642761230469,572.144287109375,83,134,552,630,576,1024
146773572,0.8711897730827332,231.46714782714844,452.0274658203125,694.15771484375,637.06884765625,162,424,764,665,768,1024
147162855,0.2384386658668518,519.8502807617188,182.42330932617188,659.0486450195312,256.06280517578125,498,171,680,268,1024,576
147473988,0.2962398827075958,526.17724609375,359.2650146484375,688.219970703125,529.7775268554688,501,333,713,556,1024,683
148203659,0.8093945980072021,0.43306732177734375,252.4334259033203,607.7977294921875,606.9806518554688,0,199,699,661,768,1024
150537763,0.3672162890434265,242.63485717773438,-0.775543212890625,651.40771484375,762.5458984375,181,0,713,878,768,1024
151442620,0.8971274495124817,212.10842895507812,38.79894256591797,743.8497314453125,542.5933837890625,132,0,824,577,1024,577
151524297,0.7426924109458923,73.5252914428711,248.09036254882812,521.156494140625,598.5694580078125,6,195,589,652,768,1024
153421831,0.4051174819469452,216.99859619140625,349.5333251953125,966.7168579101562,535.4778442382812,104,321,1024,564,1024,918
154449735,0.33930298686027527,167.0999755859375,265.9385986328125,856.960205078125,560.5259399414062,63,221,896,605,896,1024
154499523,0.8378946781158447,101.29574584960938,136.01898193359375,892.1824951171875,606.5338745117188,0,65,1011,678,1024,768
154711668,0.3706011176109314,179.81336975097656,841.9956665039062,278.3943786621094,882.0510864257812,165,835,294,889,768,1024
157162981,0.7777491807937622,339.6405944824219,386.0665588378906,474.2649230957031,788.7200927734375,319,325,495,850,771,1024
162938054,0.6700414419174194,104.59870147705078,135.49337768554688,688.1031494140625,988.6353759765625,17,7,768,1024,768,1024
164124105,0.7077402472496033,228.92105102539062,495.3477783203125,321.1290588378906,731.5230712890625,215,459,335,767,576,1024
166006286,0.8704515695571899,0.5875244140625,0.9068527221679688,1022.9860229492188,768.7379150390625,0,0,1024,768,1024,768
169097812,0.38577571511268616,244.9485626220703,593.0702514648438,289.5316162109375,729.8021850585938,238,572,297,751,439,1024
169384301,0.852281928062439,161.02523803710938,128.1223602294922,1022.93017578125,480.45001220703125,31,75,1024,534,1024,768
169778914,0.8963367938995361,226.36727905273438,126.51116180419922,788.503662109375,765.4163818359375,142,30,873,768,1024,768
170090737,0.310650497674942,250.61297607421875,206.23353576660156,669.2070922851562,869.0514526367188,187,106,732,956,1024,956
170674869,0.42066818475723267,37.14398193359375,228.4907989501953,805.093505859375,547.5830078125,0,180,921,596,1024,683
179451419,0.8820445537567139,24.607635498046875,221.2599334716797,974.2926025390625,578.7716064453125,0,167,1024,633,1024,768
184437087,0.7056680917739868,144.04061889648438,57.31526565551758,843.5164794921875,589.48828125,39,0,949,670,1024,683
184682041,0.8719545006752014,38.722023010253906,180.71072387695312,531.1375732421875,862.789306640625,0,78,577,966,577,1024
185561050,0.8108494877815247,257.538330078125,315.1485595703125,728.2366333007812,403.3520812988281,186,301,799,417,1024,681
188332322,0.8970648050308228,0.287841796875,468.56439208984375,605.1346435546875,762.3732299804688,0,424,696,807,768,1024
188971438,0.8703623414039612,80.48550415039062,96.17623901367188,971.0042724609375,586.17529296875,0,22,1024,660,1024,768
190382305,0.3584922254085541,90.61299133300781,467.29437255859375,328.31787109375,800.6648559570312,54,417,364,851,768,1024
190602665,0.8810902237892151,210.27792358398438,186.58734130859375,1019.11767578125,496.9841003417969,88,140,1024,544,1024,678
194312274,0.8574236631393433,180.2007293701172,87.91867065429688,662.6924438476562,926.59033203125,107,0,736,1024,768,1024
194332041,0.7068701982498169,215.43344116210938,170.90963745117188,982.67822265625,575.311279296875,100,110,1024,576,1024,576
195567090,0.8902558088302612,218.89151000976562,36.92930221557617,793.0888671875,288.6731262207031,132,0,880,327,1024,461
195645932,0.6667168736457825,136.36767578125,77.70011901855469,996.43017578125,697.035400390625,7,0,1024,768,1024,768
195696602,0.8613365888595581,156.24197387695312,454.87774658203125,632.5248413085938,665.6073608398438,84,423,704,698,768,1024
195771713,0.7064701318740845,282.943603515625,398.5765380859375,468.2675476074219,870.7303466796875,255,327,473,942,473,1024
196404477,0.8996225595474243,123.38156127929688,119.93626403808594,944.927734375,597.3945922851562,0,48,1024,667,1024,667
196404704,0.898298978805542,114.01907348632812,122.35485076904297,908.106201171875,777.4588623046875,0,24,1024,876,1024,877
196404752,0.8541015386581421,56.596839904785156,63.37701416015625,440.1813659667969,941.5542602539062,0,0,498,1024,531,1024
196404757,0.8923675417900085,105.09817504882812,179.89720153808594,972.0628662109375,634.524169921875,0,111,1024,703,1024,713
196757647,0.8197049498558044,294.9879455566406,160.2638397216797,1023.4803466796875,767.888916015625,185,69,1024,768,1024,768
197923684,0.4257231056690216,136.5147705078125,6.1431884765625,655.4920654296875,1021.7142333984375,58,0,734,1024,768,1024
198680618,0.6859146952629089,266.75567626953125,152.25205993652344,763.3423461914062,812.0424194335938,192,53,838,912,1024,988
199329562,0.6288803219795227,105.03984832763672,268.1759033203125,504.4996032714844,1023.3572998046875,45,154,565,1024,768,1024
200205200,0.47638440132141113,91.78817749023438,66.24800109863281,135.8431854248047,109.06143951416016,85,59,143,116,1024,683
200205201,0.5342596769332886,383.5289611816406,232.14930725097656,658.20166015625,565.8712768554688,342,182,700,616,1024,683
200205228,0.8644711971282959,216.30203247070312,262.78240966796875,741.451904296875,558.8203735351562,137,218,821,604,1024,683
200205236,0.32470422983169556,272.2610778808594,215.80441284179688,749.914794921875,501.11065673828125,200,173,822,544,1024,683
202211245,0.7305706739425659,238.25692749023438,22.40313720703125,506.682861328125,923.2316284179688,197,0,547,1024,768,1024
202488134,0.5957621932029724,214.91761779785156,130.69873046875,596.4857177734375,835.2445678710938,157,25,654,941,768,1024
203033208,0.8828768730163574,102.73764038085938,99.12744140625,1015.73095703125,494.2061462402344,0,39,1024,554,1024,768
203067672,0.715039849281311,350.7842102050781,221.21578979492188,912.7008056640625,425.1820068359375,266,190,997,456,1024,681
204156642,0.864067018032074,102.41595458984375,123.92774963378906,1021.5044555664062,416.3756103515625,0,80,1024,461,1024,768
204439597,0.8211798071861267,109.70755004882812,245.3109588623047,994.5482177734375,694.9736328125,0,177,1024,763,1024,894
205335799,0.7826563119888306,128.61563110351562,446.25439453125,431.3976745605469,592.85595703125,83,424,477,615,768,1024
206294921,0.9030019044876099,82.351318359375,103.97218322753906,1013.69775390625,615.7984619140625,0,27,1024,693,1024,768
210540894,0.8639710545539856,142.73809814453125,256.511962890625,573.0694580078125,553.956787109375,78,211,576,599,576,1024
216677071,0.28286051750183105,246.85414123535156,136.12399291992188,782.5202026367188,456.9283447265625,166,88,863,506,902,643
218006349,0.6117284893989563,420.5861511230469,30.547794342041016,796.6283569335938,811.0220947265625,364,0,808,884,808,884
218169488,0.9026170372962952,86.8321533203125,149.25527954101562,983.1563720703125,604.2733154296875,0,81,1024,673,1024,768
222926546,0.8845652937889099,251.16204833984375,282.08221435546875,511.0308837890625,729.0869750976562,212,215,551,797,768,1024
230669787,0.7812100648880005,186.23330688476562,98.2913818359375,485.5948791503906,882.7830810546875,141,0,531,1001,768,1024
230892968,0.5914791822433472,228.13705444335938,486.6288757324219,600.4298095703125,579.8712768554688,172,472,657,594,768,1024
231123577,0.8961693048477173,138.72042846679688,166.80899047851562,895.14013671875,697.033203125,25,87,1009,777,1024,910
233222321,0.44319233298301697,70.15072631835938,178.73329162597656,1022.1671142578125,474.4431457519531,0,134,1024,519,1024,746
233788632,0.8596219420433044,171.16741943359375,3.2672119140625,578.578857421875,998.2286987304688,110,0,640,1024,768,1024
235272151,0.8163302540779114,340.4434509277344,283.9141540527344,708.91259765625,572.775634765625,285,240,765,617,1024,768
238806401,0.5422210097312927,149.53936767578125,257.2423400878906,652.8284301757812,347.55255126953125,74,243,729,362,1024,683
240694008,0.6504448652267456,32.94862365722656,-8.04644775390625,671.8043823242188,1009.2689819335938,0,0,752,1024,752,1024
245050068,0.6749759912490845,644.7490234375,212.72006225585938,757.7996826171875,456.3802795410156,627,176,768,493,768,1024
246682170,0.853545606136322,149.02099609375,77.78970336914062,549.8955688476562,942.8946533203125,88,0,611,1024,768,1024
247056677,0.3955429792404175,0.593170166015625,282.1767578125,1000.7998046875,567.2666015625,0,239,1024,611,1024,802
248925167,0.5786699652671814,128.57484436035156,135.68099975585938,353.95098876953125,329.54925537109375,94,106,388,359,1024,720
250642335,0.6361367702484131,454.342529296875,783.6712646484375,767.1617431640625,958.730712890625,407,757,768,985,768,1024
251018247,0.3856491148471832,640.5347290039062,579.7655029296875,654.9420776367188,597.8157958984375,638,577,658,601,1024,768
251102081,0.8862431049346924,329.9894714355469,228.6438446044922,649.8997802734375,596.1319580078125,282,173,698,652,1024,771
253303009,0.853583574295044,7.6160888671875,66.9158935546875,883.4053344726562,460.4227600097656,0,7,1015,520,1024,795
254239132,0.643602728843689,243.0272216796875,204.9280242919922,835.05615234375,544.2645874023438,154,154,924,596,1024,768
254550879,0.8316417932510376,110.30172729492188,278.968505859375,827.609619140625,564.9969482421875,2,236,936,608,1024,896
255330108,0.7767314314842224,100.62637329101562,201.99728393554688,1004.375244140625,576.288330078125,0,145,1024,633,1024,768
255730254,0.8822994828224182,118.43255615234375,49.880332946777344,851.2863159179688,545.0517578125,8,0,962,577,1024,577
257377672,0.692825198173523,123.26766204833984,17.503570556640625,419.9190673828125,910.150390625,78,0,465,1024,614,1024
257539427,0.6502774953842163,214.693359375,63.32771301269531,740.3119506835938,616.9219360351562,135,0,820,700,1024,768
258068194,0.28277820348739624,557.9539184570312,131.35592651367188,677.9097290039062,177.61875915527344,539,124,696,185,1024,678
259204605,0.8151181936264038,32.43377685546875,84.50267028808594,585.724853515625,308.0963134765625,0,50,669,342,1024,683
259793237,0.9048240780830383,83.65591430664062,148.92587280273438,916.2119140625,496.58624267578125,0,96,1024,549,1024,768
260498716,0.7875711917877197,207.78103637695312,195.26651000976562,641.74365234375,709.4871826171875,142,118,707,768,1024,768
261212905,0.5256438255310059,341.7754821777344,232.46731567382812,675.874267578125,569.92919921875,291,181,726,621,1024,768
261279623,0.7959067225456238,226.70013427734375,305.8067626953125,823.6592407226562,452.231201171875,137,283,914,475,1024,768
261350145,0.6927433013916016,103.44131469726562,237.06939697265625,640.52880859375,379.8121643066406,22,215,722,402,1024,683
261804793,0.41750192642211914,247.96240234375,270.2247314453125,722.1202392578125,491.1815185546875,176,237,794,525,1024,682
264051228,0.6718249320983887,361.52069091796875,65.8912353515625,656.802001953125,635.7362060546875,317,0,702,722,1024,768
265177554,0.7179058194160461,163.41583251953125,506.85107421875,692.4803466796875,738.614501953125,84,472,768,774,768,1024
266469050,0.5467404723167419,18.45944595336914,26.965347290039062,227.34347534179688,497.30718994140625,0,0,259,507,342,507
271116212,0.4701259732246399,239.934814453125,476.68035888671875,681.1475830078125,692.0969848632812,173,444,748,725,768,1024
271818274,0.5927252173423767,273.7874450683594,552.3759765625,513.7255249023438,629.607177734375,237,540,550,642,1024,768
273798595,0.5946552753448486,94.09536743164062,115.94023132324219,859.4332275390625,559.9578857421875,0,49,975,627,1024,768
275070258,0.7020087242126465,0.455841064453125,173.76177978515625,675.4481201171875,552.4389038085938,0,116,768,610,768,1024
277248728,0.9035820364952087,156.75030517578125,292.6703796386719,774.7965087890625,510.8339538574219,64,259,868,544,1024,768
279508181,0.38443660736083984,222.5989532470703,-0.40590667724609375,249.10906982421875,144.50491333007812,218,0,254,167,576,1024
281944214,0.8237431645393372,95.6681900024414,323.2470397949219,593.4700927734375,649.5869140625,20,274,669,699,768,1024
283037725,0.6244085431098938,134.35401916503906,94.32440185546875,523.2918090820312,732.2421875,76,0,582,828,771,1024
289717860,0.49345624446868896,309.8328857421875,294.02142333984375,611.0221557617188,826.239501953125,264,214,657,854,1024,854
291182573,0.8870540857315063,142.73855590820312,152.10003662109375,1021.4361572265625,679.2826538085938,10,73,1024,759,1024,768
295548732,0.9026553630828857,81.74315643310547,369.760009765625,705.8728637695312,650.4915771484375,0,327,768,693,768,1024
295607628,0.5390880107879639,6.070060729980469,8.3280029296875,603.93701171875,944.5972900390625,0,0,694,1024,768,1024
296273227,0.8646616339683533,206.28305053710938,210.49853515625,549.7574462890625,871.595947265625,154,111,602,971,768,1024
296576870,0.8044484257698059,462.025634765625,194.21636962890625,695.650634765625,890.3901977539062,426,89,731,995,1024,1024
297280358,0.7850254774093628,175.435791015625,284.25787353515625,958.3846435546875,647.101318359375,57,229,1024,702,1024,768
297343993,0.5145416855812073,252.40045166015625,223.07611083984375,438.03076171875,990.0127563476562,224,108,466,1024,768,1024
297344304,0.8420844674110413,299.42364501953125,385.751953125,621.042236328125,723.279296875,251,335,670,774,768,1024
297345906,0.8963236808776855,247.55126953125,328.374755859375,552.0091552734375,829.0904541015625,201,253,598,905,768,1024
297350365,0.8610779047012329,209.93270874023438,351.91912841796875,539.6109619140625,878.6249389648438,160,272,590,958,768,1024
298150510,0.8458074331283569,3.82537841796875,251.2196502685547,749.6258544921875,507.69268798828125,0,212,862,547,1024,768
303246307,0.8231245279312134,51.243621826171875,263.6243896484375,751.1444091796875,409.8936767578125,0,241,857,432,1024,768
303860979,0.8780303597450256,505.02581787109375,156.7923583984375,781.7066040039062,528.266357421875,463,101,824,584,1024,768
305957244,0.45681941509246826,315.43798828125,420.67218017578125,479.43145751953125,696.7178344726562,290,379,505,739,768,1024
307333617,0.41057443618774414,263.89935302734375,255.27456665039062,843.0159301757812,503.078369140625,177,218,930,541,1024,768
308036355,0.4706529676914215,0.02720850706100464,187.85040283203125,62.158660888671875,272.7205810546875,0,175,72,286,944,605
308685142,0.32841426134109497,62.26604461669922,142.1272430419922,92.31639862060547,256.0438232421875,57,125,97,274,1024,768
309139312,0.45811179280281067,22.76397705078125,1.1375885009765625,966.5216674804688,703.9391479492188,0,0,1024,768,1024,768
311053404,0.924309492111206,369.5318603515625,234.07449340820312,835.5770263671875,460.6002502441406,299,200,906,495,1024,768
315859702,0.8883435726165771,92.20742797851562,294.01641845703125,895.8199462890625,488.96826171875,0,264,1017,519,1024,768
320164983,0.8829946517944336,94.76925659179688,130.81639099121094,917.9415283203125,614.4495239257812,0,58,1024,660,1024,660
320526912,0.7888998985290527,14.580230712890625,225.98867797851562,545.0618286132812,942.8392333984375,0,118,577,1024,577,1024
321365333,0.36872944235801697,225.0484619140625,291.6883850097656,846.0408935546875,714.00439453125,131,228,940,768,1024,768
323316751,0.3321293592453003,292.0877685546875,364.8370666503906,531.271484375,736.374755859375,256,309,568,793,768,1024
323383315,0.9264330863952637,161.30072021484375,161.68991088867188,708.0887451171875,414.3398742675781,79,123,791,453,1024,683
323408837,0.6522170305252075,383.250732421875,226.66287231445312,760.92333984375,421.2137451171875,326,197,818,451,1024,683
323881815,0.49139270186424255,146.69180297851562,128.76611328125,730.072509765625,859.37890625,59,19,818,969,844,1024
324414620,0.8842105269432068,33.578582763671875,266.4710998535156,982.210205078125,603.924072265625,0,215,1024,655,1024,768
324872941,0.35799816250801086,90.68109130859375,58.30966567993164,901.1244506835938,677.4188842773438,0,0,1023,683,1024,683
325473388,0.8196078538894653,106.7706298828125,145.3882598876953,971.5045166015625,580.7357177734375,0,80,1024,647,1024,768
326623923,0.7623612284660339,242.0098876953125,113.43547821044922,625.268798828125,390.20538330078125,184,71,683,432,1024,683
327085810,0.7141656875610352,171.91607666015625,139.55386352539062,836.3364868164062,506.1224670410156,72,84,936,562,1024,683
328562547,0.41539886593818665,248.2911376953125,284.8445739746094,940.0416259765625,484.9747314453125,144,254,1024,515,1024,683
328603442,0.7352244257926941,104.15226745605469,363.421142578125,517.1777954101562,529.4195556640625,42,338,580,555,768,1024
328668308,0.631160318851471,204.44261169433594,253.83799743652344,356.3182067871094,637.79345703125,181,196,380,696,576,1024
329069227,0.896678626537323,457.1308898925781,82.01409149169922,668.3500366210938,313.4059143066406,425,47,701,349,1024,473
329258912,0.9031355977058411,153.47979736328125,203.9644775390625,836.3716430664062,642.906005859375,51,138,939,709,1024,768
330432249,0.837528645992279,-2.2303619384765625,286.5194091796875,592.5455322265625,584.0570678710938,0,241,682,629,768,1024
331741280,0.8154890537261963,103.39878845214844,530.1781616210938,613.3555908203125,844.9270629882812,26,482,690,893,768,1024
331759578,0.48728147149086,300.7074890136719,266.72607421875,791.5435791015625,490.4017333984375,227,233,866,524,1024,819
332220099,0.799378514289856,61.2476806640625,125.77542114257812,633.3822631835938,734.8787841796875,0,34,720,827,768,1024
333241647,0.4337459206581116,343.2148132324219,293.6477355957031,674.2465209960938,546.8112182617188,293,255,724,585,768,1024
333419749,0.8704838156700134,80.12638092041016,371.2384033203125,762.3861694335938,959.2696533203125,0,283,768,1024,768,1024
333528980,0.3854636549949646,172.78155517578125,292.13812255859375,320.3087463378906,376.6805419921875,150,279,343,390,1024,686
333911465,0.8771937489509583,299.347412109375,132.23101806640625,516.390380859375,919.6262817382812,266,14,549,1024,768,1024
334167251,0.8017426133155823,55.78778839111328,15.365875244140625,617.5308837890625,1006.806396484375,0,0,702,1024,732,1024
334582548,0.8204286694526672,233.89559936523438,81.15390014648438,822.46435546875,1016.7965087890625,145,0,911,1024,1024,1024
336116182,0.8732083439826965,-1.2750091552734375,201.28761291503906,499.9251708984375,621.6317138671875,0,138,576,685,768,1024
336350687,0.5612270832061768,201.67654418945312,40.178794860839844,1013.4603271484375,765.7981567382812,79,0,1024,784,1024,784
337275306,0.39578405022621155,203.1247100830078,497.4682922363281,588.728515625,776.6435546875,145,455,647,819,768,1024
337300751,0.45075803995132446,62.127471923828125,175.38980102539062,1006.4541015625,405.6025695800781,0,140,1024,441,1024,683
337898478,0.8632223010063171,44.67933654785156,239.05429077148438,501.2068176269531,906.6480712890625,0,138,570,1007,576,1024
338056890,0.9127129912376404,171.3837890625,184.44052124023438,925.27490234375,571.0914916992188,58,126,1024,630,1024,685
339161185,0.8945784568786621,158.49911499023438,238.12449645996094,989.822265625,663.4354858398438,33,174,1024,728,1024,768
341081058,0.6172018051147461,242.3638916015625,227.04396057128906,878.8104248046875,399.4954833984375,146,201,975,426,1024,768
341776603,0.5629115700721741,167.54949951171875,60.17388153076172,501.66217041015625,356.4012756347656,117,15,552,401,656,437
342538854,0.8515021800994873,395.5205078125,174.4176025390625,636.3653564453125,376.2361145019531,359,144,673,407,1024,576
343426812,0.8107296824455261,13.550506591796875,260.2372741699219,1021.52734375,625.7919921875,0,205,1024,681,1024,805
344351733,0.3196430802345276,330.1001892089844,188.7465057373047,660.974365234375,581.860595703125,280,129,711,641,1024,680
344686881,0.30868107080459595,225.05809020996094,338.75738525390625,484.3807373046875,596.5014038085938,186,300,524,636,576,1024
346095379,0.8206108808517456,-1.43489670753479,278.40081787109375,350.6470642089844,933.6921997070312,0,180,404,1024,473,1024
347066322,0.8594404458999634,-1.124786376953125,281.2939453125,841.154052734375,531.9246215820312,0,243,968,570,1024,683
348628503,0.27349618077278137,0.029022216796875,1.2899565696716309,1022.9853515625,683.3673095703125,0,0,1024,683,1024,683
349010201,0.8885908126831055,205.86972045898438,260.9255676269531,955.5057373046875,532.61962890625,93,220,1024,574,1024,768
350119175,0.6399840712547302,237.3724365234375,583.30322265625,463.62896728515625,673.4439697265625,203,569,498,687,768,1024
351741126,0.7125270366668701,298.90435791015625,325.8299560546875,562.4444580078125,605.0503540039062,259,283,602,647,768,1024
352157896,0.736427903175354,120.1927490234375,224.45465087890625,743.1002807617188,510.1161804199219,26,181,837,553,1024,768
353990527,0.5914923548698425,208.60194396972656,548.4719848632812,375.26873779296875,690.8880004882812,183,527,401,713,576,1024
354192161,0.7625621557235718,49.8948974609375,194.29664611816406,1009.919189453125,676.4522705078125,0,121,1024,749,1024,768
355148384,0.8941538333892822,256.4072265625,168.2335205078125,834.6114501953125,553.9596557617188,169,110,922,612,1024,682
355750705,0.3865678906440735,200.1712188720703,114.12830352783203,561.2093505859375,529.7369384765625,146,51,616,593,664,765
364903554,0.888796329498291,98.86505126953125,285.76214599609375,827.941650390625,597.0679931640625,0,239,938,644,1024,768
371679488,0.8739234209060669,2.22344970703125,212.5547332763672,882.0844116210938,579.9423828125,0,157,1015,636,1024,768
373122041,0.5310439467430115,281.08917236328125,452.74505615234375,423.56878662109375,562.4893188476562,259,436,445,579,768,1024
373341437,0.8442808985710144,201.05374145507812,229.90444946289062,456.97650146484375,981.5594482421875,162,117,496,1024,768,1024
375666832,0.5068650245666504,475.37384033203125,523.5084838867188,563.8590698242188,583.6926879882812,462,514,578,593,1024,1024
376596150,0.7130882740020752,293.0403747558594,312.79931640625,514.8108520507812,609.0734252929688,259,268,549,654,769,1024
387994114,0.8367206454277039,241.47921752929688,199.23390197753906,1024.1339111328125,652.8203735351562,124,131,1024,681,1024,681
390021362,0.8690236806869507,47.001800537109375,106.65473937988281,988.236328125,579.4547729492188,0,35,1024,651,1024,677
390437001,0.4307629466056824,339.31976318359375,246.03016662597656,450.25982666015625,345.6782531738281,322,231,467,361,1024,473
392865141,0.7782401442527771,372.7865905761719,254.66812133789062,926.031494140625,438.3664855957031,289,227,1010,466,1024,768
401337149,0.7930455207824707,193.61981201171875,4.779574871063232,733.438720703125,663.998291015625,112,0,815,683,1024,683
528706,0.7410581707954407,489.1474609375,131.3517303466797,760.3427734375,337.2808532714844,448,100,802,369,1024,669
894046,0.5869877934455872,127.8144302368164,29.463115692138672,271.4118957519531,104.9708251953125,106,18,293,117,512,342
7252616,0.6092210412025452,239.13235473632812,601.1880493164062,377.0290832519531,701.9180297851562,218,586,398,718,768,1024
7429236,0.5454593896865845,424.43328857421875,109.62142944335938,835.4705200195312,255.36492919921875,362,87,898,278,1024,683
10224729,0.4441359043121338,463.51190185546875,432.4320373535156,558.273193359375,557.9187622070312,449,413,573,577,1024,1019
10323485,0.7362933158874512,173.58352661132812,164.66001892089844,741.531005859375,551.5039672851562,88,106,827,610,1024,768
17430698,0.6801732778549194,453.8313293457031,44.767791748046875,677.423095703125,252.5247344970703,420,13,711,284,1024,758
22932868,0.6210709810256958,0.5372390747070312,661.1340942382812,237.60272216796875,712.0756225585938,0,653,274,720,1024,758
23601091,0.5383445024490356,232.79397583007812,355.0664978027344,356.9610290527344,420.724365234375,214,345,376,431,1024,768
24658285,0.4867077171802521,956.5148315429688,152.8796844482422,1022.5797729492188,180.7360382080078,946,148,1024,185,1024,759
25064926,0.6303207278251648,476.7197570800781,281.0579528808594,538.4385986328125,301.8160400390625,467,277,548,305,1024,683
27928276,0.6877928972244263,150.01528930664062,117.03723907470703,698.0086669921875,515.5859375,67,57,781,576,1024,768
30231483,0.9263821244239807,98.81808471679688,184.94155883789062,876.4964599609375,836.810546875,0,87,994,935,1024,1024
31258519,0.4160420596599579,127.136962890625,344.4266357421875,538.3702392578125,546.8721313476562,65,314,601,578,1024,759
32330759,0.8921141028404236,85.28347778320312,-0.01556396484375,937.9615478515625,701.8739624023438,0,0,1024,768,1024,768
36854052,0.866528332233429,78.0653305053711,2.1363983154296875,603.558837890625,597.130859375,0,0,666,686,666,686
57318032,0.658419668674469,2.4686965942382812,144.357421875,666.4649658203125,904.01611328125,0,30,767,1018,768,1024
60994340,0.5038387179374695,105.55976867675781,455.20574951171875,314.61041259765625,711.7267456054688,74,416,346,751,576,1024
64036576,0.7128655910491943,797.3511352539062,401.0717468261719,964.9701538085938,458.140869140625,772,392,991,467,1024,768
64237236,0.7811389565467834,405.78887939453125,337.193359375,535.5884399414062,434.16046142578125,386,322,556,449,1024,768
64237774,0.5151697993278503,721.8907470703125,176.3369140625,756.6666259765625,234.16062927246094,716,167,762,243,1024,768
65204452,0.4917738735675812,444.8516540527344,413.6248779296875,502.3480529785156,451.17169189453125,436,407,511,457,1024,683
65394665,0.8960139751434326,240.4393310546875,233.35446166992188,768.4827880859375,591.61669921875,161,179,848,646,1024,768
65562287,0.8068428039550781,345.19732666015625,256.0909118652344,825.8239135742188,576.12548828125,273,208,898,625,1024,850
65669388,0.739380419254303,144.67144775390625,138.96290588378906,787.0486450195312,526.878662109375,48,80,884,586,1024,686
66269306,0.5651320815086365,2.8483200073242188,328.8831481933594,189.19110107421875,449.644775390625,0,310,218,468,1024,768
66327823,0.6318536400794983,375.4930725097656,118.8827133178711,497.3714294433594,284.7970886230469,357,93,516,310,1024,768
66567220,0.6224672794342041,526.7652587890625,277.3626708984375,906.11474609375,368.069091796875,469,263,964,382,1024,768
66692454,0.5239817500114441,291.8525390625,455.7507019042969,497.914794921875,555.2396850585938,260,440,529,571,1024,768
66918786,0.7232073545455933,211.65206909179688,131.94334411621094,428.7077331542969,212.53668212890625,179,119,462,225,1024,769
67502886,0.44969993829727173,125.3966064453125,124.84075927734375,900.577392578125,541.3748779296875,9,62,1017,604,1024,656
68208767,0.765674889087677,169.29689025878906,267.63079833984375,469.58697509765625,425.17926025390625,124,243,515,449,1024,682
69491322,0.7189887762069702,397.0775146484375,101.8155746459961,806.7877197265625,398.695556640625,335,57,869,444,1024,576
69916375,0.9188947081565857,267.24365234375,83.2771224975586,734.5433349609375,381.09649658203125,197,38,805,426,1024,468
70924355,0.72662752866745,414.21343994140625,239.60031127929688,655.3417358398438,389.5864562988281,378,217,692,413,1024,768
72249218,0.910358726978302,194.53338623046875,98.65282440185547,714.2728271484375,540.5057983398438,116,32,793,607,1024,683
76859119,0.8414803147315979,496.3995361328125,299.610107421875,618.90576171875,353.573974609375,478,291,638,362,1024,683
77410678,0.5796527862548828,114.24312591552734,382.4863586425781,283.15740966796875,479.1951599121094,88,367,309,494,1024,768
77428072,0.5962597131729126,676.8260498046875,411.488037109375,767.2054443359375,467.0654296875,663,403,768,476,768,1024
88914302,0.883629322052002,222.93356323242188,274.030029296875,824.5386962890625,627.9266967773438,132,220,915,682,1024,766
94296812,0.8451352715492249,178.4407196044922,237.63790893554688,565.3076171875,897.4390869140625,120,138,624,997,768,1024
95732143,0.7640172839164734,246.80116271972656,136.1421661376953,457.5968017578125,214.99563598632812,215,124,490,227,1024,683
96297126,0.871728241443634,66.01626586914062,64.90143585205078,949.8760986328125,664.1397705078125,0,0,1024,703,1024,703
96688507,0.8494108319282532,539.6080322265625,207.88015747070312,671.63232421875,341.6351318359375,519,187,692,362,1024,681
97160462,0.8611324429512024,393.7553405761719,314.4841003417969,599.5866088867188,456.24884033203125,362,293,631,478,1024,768
97400259,0.887222409248352,151.58383178710938,12.222772598266602,912.5008544921875,460.67864990234375,37,0,1024,528,1024,632
98458521,0.557256817817688,161.54544067382812,250.39956665039062,464.1210632324219,490.0713195800781,116,214,510,527,1024,576
98768398,0.9245661497116089,136.885009765625,174.4079132080078,729.3942260742188,570.3012084960938,48,115,819,630,1024,768
102596824,0.8826717734336853,263.9418029785156,71.59396362304688,697.400146484375,428.007568359375,198,18,763,482,1024,768
103012823,0.8979377150535583,346.21337890625,321.58837890625,719.9219970703125,474.1026611328125,290,298,776,497,1024,768
106318630,0.899599015712738,115.53459167480469,317.4525146484375,505.22247314453125,861.649658203125,57,235,564,944,576,1024
107093498,0.8096681833267212,166.8714599609375,-0.6282291412353516,727.5865478515625,386.50177001953125,82,0,812,445,1024,576
108929448,0.7198618650436401,145.47576904296875,247.3172149658203,352.2864074707031,418.277099609375,114,221,384,444,1024,704
110352640,0.9160246849060059,124.18157958984375,174.20782470703125,914.2896118164062,632.5172119140625,5,105,1024,702,1024,768
112950125,0.6621775031089783,223.22769165039062,430.98114013671875,490.19586181640625,801.6654663085938,183,375,531,858,683,1024
117718939,0.7453655004501343,337.00909423828125,343.1172790527344,627.3712158203125,500.27069091796875,293,319,671,524,906,547
118130537,0.8477738499641418,105.81381225585938,177.71847534179688,938.3673095703125,775.4266357421875,0,88,1024,866,1024,958
122244421,0.6009587645530701,567.94677734375,258.44110107421875,646.0890502929688,481.425537109375,556,224,658,515,865,748
123800972,0.6800459623336792,150.7384490966797,397.8937683105469,333.3523864746094,601.2587890625,123,367,361,632,488,976
123942735,0.7039827108383179,684.603271484375,367.963134765625,889.829345703125,452.89739990234375,653,355,921,466,1024,768
124401353,0.5779430270195007,488.7530517578125,419.43243408203125,518.34130859375,473.70721435546875,484,411,523,482,1024,683
133313576,0.49731889367103577,591.3612670898438,195.61570739746094,644.2063598632812,289.04449462890625,583,181,653,304,1024,575
135644177,0.33332180976867676,299.08343505859375,221.62091064453125,878.2599487304688,582.818359375,212,167,966,637,1024,768
136411233,0.45264920592308044,19.709075927734375,5.879058837890625,1014.0760498046875,755.2670288085938,0,0,1024,768,1024,768
137282797,0.6574602127075195,347.3157043457031,253.74215698242188,496.3787841796875,344.4110412597656,324,240,519,359,957,702
137374976,0.5110352039337158,376.01995849609375,265.9884948730469,535.5601196289062,439.1083068847656,352,240,560,466,1006,814
138519448,0.8897249698638916,53.34832763671875,46.507022857666016,974.7672729492188,667.3271484375,0,0,1024,709,1024,709
138520687,0.8805409669876099,35.635833740234375,52.5100212097168,1008.8040771484375,658.943603515625,0,0,1024,683,1024,683
141281891,0.6444195508956909,61.010005950927734,296.0076904296875,637.5628051757812,749.8447265625,0,227,725,818,755,1024
142426949,0.8963200449943542,365.37750244140625,286.3975524902344,655.3031005859375,425.1219787597656,321,265,699,446,1024,683
143978626,0.906721293926239,130.8079833984375,57.52030944824219,775.2742309570312,574.664794921875,34,0,872,576,1024,576
148377653,0.4742642045021057,292.32611083984375,330.860595703125,403.4107360839844,376.461181640625,275,324,421,384,768,1024
148495098,0.6044186353683472,0.39801025390625,-0.12273108959197998,229.97247314453125,287.9621887207031,0,0,265,332,1024,678
149176302,0.6982875466346741,506.295654296875,121.4551010131836,939.2540283203125,507.7967529296875,441,63,1005,566,1024,765
150128505,0.6183380484580994,276.5970764160156,258.30023193359375,365.0608825683594,393.4536437988281,263,238,379,414,639,639
150735745,0.9049239754676819,122.74151611328125,19.745563507080078,958.8749389648438,702.0040893554688,0,0,1024,753,1024,753
151468874,0.8656299710273743,214.74111938476562,87.68238067626953,847.797607421875,645.6537475585938,119,3,943,683,1024,683
155103033,0.8564117550849915,81.83053588867188,227.69357299804688,599.4041748046875,565.22021484375,4,177,678,616,1024,768
159118261,0.6003707051277161,251.3408660888672,328.5863037109375,672.0562133789062,609.0919799804688,188,286,736,652,1024,768
159181677,0.6271198391914368,542.2176513671875,372.32916259765625,624.587646484375,409.17144775390625,529,366,637,415,1024,683
163658640,0.7224729657173157,249.1023406982422,155.7760009765625,476.90008544921875,228.3404998779297,214,144,512,240,1024,576
166043234,0.5603199601173401,611.5903930664062,-0.6037960052490234,754.5698852539062,76.23237609863281,590,0,777,88,1024,768
169056349,0.8781471848487854,5.2972412109375,231.03746032714844,405.2913513183594,705.8358154296875,0,159,461,778,461,1024
169214142,0.680385947227478,110.03591918945312,94.07433319091797,703.257080078125,491.2825622558594,21,34,793,551,1024,683
170216695,0.5374177098274231,223.53073120117188,358.1749267578125,304.5564270019531,477.1495666503906,211,340,317,495,1024,683
171185664,0.9041544198989868,18.24359130859375,145.93576049804688,891.943359375,637.0946044921875,0,72,1023,711,1024,768
171358036,0.9074405431747437,478.8537292480469,340.4028015136719,716.0074462890625,433.051025390625,443,326,752,447,1024,768
173941449,0.8870139718055725,19.767974853515625,221.3531951904297,730.75,712.0908203125,0,147,768,786,768,1024
174392907,0.8998375535011292,203.47750854492188,242.35919189453125,788.4345703125,557.224365234375,115,195,877,605,1024,804
174393627,0.9015235304832458,152.35919189453125,8.601729393005371,895.7158813476562,451.6708984375,40,0,1008,519,1024,613
174443597,0.6965257525444031,595.1046142578125,626.0435180664062,698.1974487304688,730.6911010742188,579,610,714,747,768,1024
175143151,0.9054511189460754,218.00363159179688,222.355224609375,873.6923828125,585.8892822265625,119,167,973,641,1024,768
175559771,0.5579741597175598,216.37464904785156,312.3611755371094,369.39288330078125,415.9571228027344,193,296,393,432,683,1024
176236432,0.4719661772251129,254.99984741210938,456.5091857910156,358.9421691894531,490.77313232421875,239,451,375,496,1024,683
181011872,0.7558273673057556,704.7783813476562,558.912353515625,780.2981567382812,647.4954833984375,693,545,792,661,1024,706
181333930,0.8672084808349609,188.6507568359375,38.757171630859375,822.1055297851562,1001.49169921875,93,0,918,1024,1024,1024
182739586,0.9110444784164429,48.229644775390625,141.86785888671875,905.126220703125,603.9669189453125,0,72,1024,674,1024,689
184849233,0.7769036889076233,193.62423706054688,135.86981201171875,635.430419921875,578.4340209960938,127,69,702,645,1024,768
194085193,0.8975441455841064,118.29336547851562,35.438697814941406,950.0501708984375,743.3812866210938,0,0,1024,801,1024,801
194877179,0.8816637396812439,116.27719116210938,57.7379150390625,860.3203125,553.8712158203125,4,0,972,629,1024,768
196646151,0.9045848846435547,220.5974884033203,246.1006317138672,457.36407470703125,386.2653503417969,185,225,493,408,844,563
197427887,0.8880307078361511,255.40957641601562,5.861114501953125,683.7456665039062,766.76708984375,191,0,748,881,768,1024
198474948,0.8957604169845581,102.36782836914062,384.90472412109375,321.7873840332031,656.0148315429688,69,344,355,697,576,1024
199173853,0.8837822079658508,179.20692443847656,199.6434326171875,543.2186889648438,718.1544189453125,124,121,598,796,708,1024
200276933,0.8764995336532593,175.5437774658203,232.07177734375,463.75341796875,654.12451171875,132,168,507,718,768,1024
200434350,0.7386958599090576,560.323486328125,212.32254028320312,730.1832275390625,322.8297119140625,534,195,756,340,1024,576
201227010,0.908341646194458,322.07269287109375,238.018798828125,850.4631958007812,494.4454650878906,242,199,930,533,1024,768
202031857,0.463191419839859,450.63592529296875,292.0128173828125,494.4703369140625,337.3379821777344,444,285,502,345,1024,682
202031905,0.5095446109771729,453.6812438964844,292.3331298828125,487.6742248535156,356.7007141113281,448,282,493,367,1024,682
202946133,0.9053558111190796,210.98773193359375,307.79034423828125,486.6851806640625,736.0520629882812,169,243,529,801,768,1024
203459695,0.5814969539642334,392.52947998046875,173.76876831054688,415.084716796875,186.14248657226562,389,171,419,188,1024,576
205472493,0.917569637298584,218.06130981445312,251.67752075195312,821.6944580078125,548.2130126953125,127,207,913,593,1024,768
210210742,0.5803953409194946,232.048095703125,422.516845703125,1010.9866943359375,681.4362182617188,115,383,1024,683,1024,683
210210853,0.5929327011108398,544.7500610351562,293.1446838378906,602.6397094726562,323.2228698730469,536,288,612,328,1024,683
211432908,0.6132667064666748,687.1666259765625,446.5238342285156,775.849609375,486.8067626953125,673,440,790,493,1024,768
213944197,0.6383948922157288,173.91549682617188,451.8618469238281,522.3643798828125,665.1341552734375,121,419,575,683,1024,683
218094185,0.6600242257118225,547.269775390625,223.03665161132812,772.1759033203125,536.6834716796875,513,175,806,584,1024,768
218381163,0.6387175917625427,351.47991943359375,244.5557861328125,502.6085205078125,370.4282531738281,328,225,526,390,1024,682
218381202,0.39803406596183777,316.93463134765625,283.7015686035156,630.7123413085938,415.76995849609375,269,263,678,436,1024,682
218510511,0.5483601689338684,47.56214904785156,110.63905334472656,431.33636474609375,372.9241943359375,0,71,489,413,768,1024
219072869,0.8989675641059875,189.67449951171875,141.27743530273438,822.2564086914062,627.9979858398438,94,68,918,702,1024,737
220203945,0.834676206111908,147.4380340576172,279.5412292480469,575.695556640625,656.2960205078125,83,223,640,713,768,1024
220381222,0.6378377676010132,164.3948211669922,281.4561767578125,486.54119873046875,478.3337097167969,116,251,535,508,1024,708
221046238,0.8940891623497009,27.79840850830078,175.68466186523438,683.3189697265625,946.551025390625,0,60,768,1024,768,1024
226667913,0.8570301532745361,392.0262451171875,571.486328125,597.8729248046875,730.2210693359375,361,547,629,755,768,1024
226667977,0.8481696248054504,334.8276672363281,511.2445068359375,481.5848693847656,650.7919921875,312,490,504,672,768,1024
227470778,0.8972210884094238,112.20794677734375,36.4488410949707,970.6940307617188,566.0398559570312,0,0,1024,577,1024,577
228257426,0.8947153091430664,199.6829833984375,153.03475952148438,735.3300170898438,604.5866088867188,119,85,816,673,1024,767
229242561,0.32993265986442566,657.74169921875,9.026981353759766,680.0625,31.009870529174805,654,5,684,35,1024,683
231545428,0.9012418985366821,153.02606201171875,208.38287353515625,516.12451171875,796.9844360351562,98,120,571,886,768,1024
232226201,0.584557294845581,242.29405212402344,348.9376525878906,475.8648681640625,492.5528259277344,207,327,511,515,853,1024
233460884,0.9139717221260071,278.85223388671875,241.7283935546875,664.6763305664062,878.007568359375,220,146,723,974,768,1024
234895080,0.5811237692832947,241.13446044921875,125.32329559326172,555.4085693359375,373.4697570800781,193,88,603,411,1024,683
235485171,0.8592033982276917,115.28204345703125,149.94891357421875,911.6008911132812,696.9752807617188,0,67,1024,780,1024,829
238733755,0.39498573541641235,485.9096374511719,299.1644287109375,540.600341796875,359.56591796875,477,290,549,369,1024,680
238850579,0.9167378544807434,66.85983276367188,29.45305061340332,1020.41845703125,639.5993041992188,0,0,1024,728,1024,728
240245963,0.4844070076942444,185.1936492919922,502.133544921875,575.257568359375,660.4608764648438,126,478,634,683,1024,683
243318960,0.49770694971084595,175.3341064453125,451.61553955078125,241.06134033203125,524.836181640625,165,440,251,536,473,1024
246877102,0.6938368082046509,682.9525756835938,396.99542236328125,936.0376586914062,492.2401428222656,644,382,975,507,1024,682
250233820,0.5603650212287903,23.112960815429688,642.48974609375,213.8638153076172,823.25634765625,0,615,243,851,769,1024
250401983,0.9133503437042236,136.7757568359375,203.49493408203125,556.901611328125,881.6143188476562,73,101,620,984,768,1024
250659226,0.7115640044212341,94.28164672851562,332.8556823730469,244.58889770507812,381.7842712402344,71,325,268,390,1024,680
250770155,0.8957921266555786,124.59542846679688,166.0276336669922,611.654052734375,478.3682556152344,51,119,685,526,1024,712
252133030,0.8563488125801086,290.8192138671875,101.47466278076172,765.4058837890625,449.9278869628906,219,49,837,503,1024,684
253031755,0.8973455429077148,88.07382202148438,236.51834106445312,570.7103271484375,796.0196533203125,15,152,644,880,768,1024
253256261,0.8977298736572266,100.92308807373047,76.15382385253906,806.785400390625,546.4478149414062,0,5,866,617,866,626
253633675,0.9015411734580994,30.334869384765625,6.78935432434082,941.7725830078125,601.2068481445312,0,0,1024,680,1024,680
255750855,0.9055494666099548,32.133544921875,106.88571166992188,653.6419677734375,791.3359375,0,4,747,895,768,1024
256265891,0.6420844793319702,171.6918182373047,569.4175415039062,413.33990478515625,649.159912109375,135,557,450,662,1024,683
256282237,0.4350802004337311,443.6712646484375,467.30157470703125,460.9949951171875,493.0333251953125,441,463,464,497,1024,768
256843724,0.834884524345398,296.7568664550781,211.19728088378906,575.5400390625,466.0637512207031,254,172,618,505,1024,796
256885907,0.8917075991630554,145.00146484375,96.07745361328125,833.0582275390625,676.255859375,41,9,937,764,1024,768
257068653,0.9033000469207764,169.62982177734375,206.58299255371094,952.6288452148438,449.20770263671875,52,170,1024,486,1024,683
257328491,0.9054309129714966,370.5259094238281,264.1461486816406,812.7882080078125,561.3828125,304,219,880,606,1024,769
258521484,0.6626862287521362,-0.2984466552734375,0.9775482416152954,348.4425048828125,466.09124755859375,0,0,401,536,1024,683
259494366,0.4725574851036072,19.437423706054688,178.93161010742188,765.5009155273438,1022.9698486328125,0,52,768,1024,768,1024
259538045,0.8994130492210388,326.3408508300781,309.6784362792969,592.7857666015625,575.2964477539062,286,269,633,616,909,909
260117580,0.9167630076408386,144.09173583984375,298.07879638671875,586.7417602539062,808.6807250976562,77,221,654,886,771,1024
260481712,0.5218637585639954,718.5857543945312,-0.36037445068359375,1017.6043090820312,619.06884765625,673,0,1024,712,1024,768
260520462,0.4955888092517853,427.47674560546875,485.6373291015625,811.8536987304688,826.8802490234375,369,434,870,879,1024,916
262580886,0.7697787284851074,124.6696548461914,144.2125701904297,732.6732788085938,497.17413330078125,33,91,824,551,865,1024
262891984,0.8651843070983887,179.1134033203125,272.650634765625,419.1905517578125,682.7908325195312,143,211,456,745,576,1024
263484087,0.871982991695404,524.9661254882812,300.927978515625,666.2788696289062,357.97930908203125,503,292,688,367,1024,683
263732568,0.8211489319801331,329.1441345214844,304.520751953125,588.803466796875,483.36444091796875,290,277,628,511,1024,768
263867565,0.9150806069374084,169.72308349609375,241.74777221679688,733.639404296875,645.24609375,85,181,819,706,1024,768
264644934,0.8919631242752075,198.69651794433594,254.41165161132812,511.06396484375,794.9940185546875,151,173,558,877,609,1024
265268730,0.6668546199798584,461.95977783203125,429.9345703125,531.09716796875,473.2625427246094,451,423,542,480,1024,913
268202281,0.8442546725273132,246.20843505859375,197.318603515625,895.1383666992188,685.8469848632812,148,124,993,760,1024,768
268854916,0.5152137279510498,451.55181884765625,163.80245971679688,768.44677734375,836.4661865234375,404,62,768,938,768,1024
270577536,0.895857036113739,340.8658142089844,234.16998291015625,736.4796142578125,464.7802734375,281,199,796,500,1024,776
270756656,0.8939078450202942,2.2333831787109375,131.74822998046875,695.5418090820312,984.0897827148438,0,3,768,1024,768,1024
270987519,0.8744370937347412,217.95114135742188,154.35292053222656,766.7999267578125,589.8251953125,135,89,850,656,1024,683
274547907,0.3444996476173401,333.22198486328125,389.14678955078125,574.2086791992188,586.376220703125,297,359,611,616,916,1024
274611923,0.905853271484375,71.31742858886719,97.39694213867188,298.694091796875,466.19415283203125,37,42,333,522,413,600
277346045,0.9068194627761841,322.01226806640625,205.41802978515625,763.2395629882812,592.912841796875,255,147,830,652,1024,768
279900489,0.9179067015647888,201.78488159179688,211.36355590820312,861.2760009765625,553.7459716796875,102,160,961,606,1024,768
282349821,0.9070736169815063,173.8302764892578,330.0940856933594,474.4692077636719,728.2049560546875,128,270,520,788,574,1024
283278341,0.7881591320037842,52.778709411621094,245.46395874023438,503.01654052734375,691.3765869140625,0,178,571,759,768,1024
283278537,0.8881790041923523,-0.33306884765625,257.0802307128906,626.9243774414062,1020.6220703125,0,142,722,1024,768,1024
283294876,0.768378496170044,410.1512451171875,432.8386535644531,738.1892700195312,648.3248291015625,360,400,768,681,768,1024
284215070,0.8722296953201294,292.98162841796875,252.4282684326172,723.9098510742188,551.3677368164062,228,207,789,597,1024,817
284841355,0.8682748079299927,370.6142272949219,281.3364562988281,690.918212890625,811.395263671875,322,201,739,891,1024,1024
286218796,0.6677030324935913,565.3173828125,346.7380065917969,818.864013671875,534.7698974609375,527,318,857,563,1024,747
286506573,0.9076619148254395,62.62884521484375,185.9647216796875,689.2276611328125,869.499267578125,0,83,768,973,768,1024
287014679,0.6901305913925171,512.10009765625,318.68902587890625,558.74853515625,344.0235290527344,505,314,566,348,1024,678
288935160,0.8950843811035156,292.9529113769531,268.3462829589844,735.0908203125,781.829833984375,226,191,768,859,768,1024
292280082,0.5944395661354065,461.90850830078125,524.92919921875,583.2206420898438,630.912353515625,443,509,602,647,869,883
292506155,0.4549897611141205,127.25896453857422,227.05068969726562,647.6722412109375,736.8719482421875,49,150,726,814,849,935
293705642,0.7644126415252686,10.527801513671875,17.386507034301758,823.9320068359375,678.482421875,0,0,946,682,1024,682
294612688,0.698284387588501,314.01904296875,155.1455078125,768.1123657226562,888.14892578125,245,45,837,999,1003,1024
295337147,0.4570254981517792,362.2372741699219,220.59410095214844,393.8683166503906,240.37371826171875,357,217,399,244,1024,461
295340559,0.801728367805481,358.4551696777344,438.9341735839844,428.4762878417969,484.477783203125,347,432,439,492,812,822
295449814,0.8093127012252808,253.61004638671875,274.9364318847656,880.5115356445312,724.0839233398438,159,207,975,792,1024,923
297493377,0.5739014148712158,537.7667236328125,700.0797729492188,624.72119140625,736.8235473632812,524,694,638,743,768,1024
300141761,0.882871150970459,110.11739349365234,295.18890380859375,631.5274047851562,746.9664916992188,31,227,710,815,842,1024
300391154,0.8612111210823059,220.3744354248047,270.5774841308594,695.5736694335938,670.221435546875,149,210,767,731,848,933
305962968,0.9123152494430542,137.86270141601562,504.77496337890625,428.30804443359375,684.0363159179688,94,477,472,711,576,1024
306004390,0.7796979546546936,438.53094482421875,369.038818359375,621.6428833007812,494.1960754394531,411,350,650,513,1024,768
306005218,0.8810819983482361,463.82379150390625,328.243408203125,678.6858520507812,480.16217041015625,431,305,711,503,1024,768
306005618,0.9111149311065674,388.31494140625,343.30706787109375,629.3048706054688,492.17120361328125,352,320,666,515,1024,768
306809967,0.6451349854469299,404.4534912109375,255.69073486328125,521.0402221679688,367.251953125,386,238,539,384,1024,768
307047162,0.7302981615066528,286.08660888671875,134.35110473632812,566.6056518554688,427.36981201171875,244,90,609,472,1024,768
307457128,0.7909591197967529,192.90391540527344,164.94625854492188,518.0736694335938,416.1611022949219,144,127,567,454,683,1024
310707580,0.36018550395965576,125.63958740234375,-0.12515628337860107,632.7977294921875,332.93927001953125,49,0,709,383,859,883
310996416,0.8952363133430481,135.96212768554688,123.8972396850586,907.5540771484375,731.5223388671875,20,32,1024,823,1024,833
313289904,0.7313015460968018,481.2545471191406,186.2749786376953,625.3727416992188,252.6474609375,459,176,647,263,1024,473
314279898,0.9114896655082703,222.7813720703125,267.55206298828125,775.7515869140625,498.43682861328125,139,232,859,534,1024,768
317233489,0.9036698341369629,366.2853698730469,274.1447448730469,684.7103271484375,481.5238952636719,318,243,733,513,1024,682
319429214,0.9000772833824158,183.52133178710938,261.0779724121094,670.1909790039062,563.9277954101562,110,215,744,610,767,818
320115264,0.8204259872436523,266.1139221191406,424.09478759765625,542.129150390625,634.6582641601562,224,392,584,667,768,1024
320136977,0.6559472680091858,47.2612419128418,363.895751953125,279.1396179199219,570.1641845703125,12,332,314,602,485,1024
323628410,0.8720532655715942,197.6573486328125,141.54580688476562,831.210693359375,608.9236450195312,102,71,927,680,1024,683
323949041,0.7615033388137817,35.12603759765625,171.65321350097656,457.2046203613281,495.9631652832031,0,123,521,545,995,590
325006421,0.5369773507118225,194.38632202148438,183.5657196044922,885.9417724609375,648.0723266601562,90,113,990,718,1024,766
325006637,0.8744534254074097,290.0693664550781,5.561361312866211,874.516357421875,496.7472839355469,202,0,963,571,1024,766
325465331,0.5629905462265015,729.7714233398438,235.75694274902344,1020.9470825195312,329.0018310546875,686,221,1024,343,1024,683
325659425,0.7543114423751831,166.2060546875,403.19683837890625,318.6227111816406,621.7031860351562,143,370,342,655,576,1024
325991021,0.4678708612918854,171.24114990234375,231.1352081298828,888.4938354492188,874.5526123046875,63,134,997,972,1024,1023
326169988,0.9061993956565857,171.447509765625,257.54229736328125,579.2462768554688,747.9775390625,110,183,641,822,768,1024
328704620,0.9110784530639648,173.8750762939453,140.70460510253906,641.2801513671875,493.4425354003906,103,87,712,547,1024,682
329300680,0.4600943624973297,519.7674560546875,175.54344177246094,585.4913330078125,195.4887237548828,509,172,596,199,1024,683
331360136,0.7147237062454224,327.18359375,233.8538818359375,760.024658203125,470.82843017578125,262,198,825,507,1024,684
331888441,0.8818517923355103,238.68096923828125,99.29512786865234,362.296875,257.4303283691406,220,75,381,282,561,409
332131287,0.9012396335601807,312.5860595703125,208.33607482910156,811.4581298828125,432.4151306152344,237,174,887,467,1024,683
332259432,0.9059338569641113,466.6861267089844,163.60589599609375,838.83251953125,629.697998046875,410,93,895,700,1024,768
332976113,0.642704427242279,392.5916748046875,275.70245361328125,1021.834228515625,678.6248779296875,298,215,1024,683,1024,683
333094052,0.9191918969154358,243.82081604003906,311.4274597167969,751.2841186523438,593.0679321289062,167,269,828,636,1024,798
333133312,0.9113940000534058,112.82080078125,145.4149932861328,925.43017578125,578.4841918945312,0,80,1024,644,1024,784
333362191,0.7453418374061584,347.47564697265625,439.7713928222656,445.17596435546875,503.4728088378906,332,430,460,514,768,1024
333437030,0.8600273728370667,470.2630615234375,181.46014404296875,617.679443359375,442.3495178222656,448,142,640,482,1024,577
333861117,0.5238983035087585,241.7019500732422,394.8446350097656,316.9504089355469,471.0581970214844,230,383,329,483,473,1024
334939232,0.803726077079773,176.16554260253906,195.6162567138672,609.4686889648438,545.7977294921875,111,143,675,576,1024,576
335225048,0.8743876218795776,19.417808532714844,24.38977813720703,463.91143798828125,270.93182373046875,0,0,531,308,538,358
335586196,0.48681312799453735,454.7144470214844,456.1788330078125,474.8561096191406,468.71673583984375,451,454,478,471,1024,768
337593369,0.3628414273262024,474.03662109375,236.61795043945312,777.5499877929688,440.744140625,428,205,778,440,778,440
337654773,0.6790409088134766,574.5962524414062,227.2066650390625,887.2136840820312,450.9833679199219,527,193,935,485,1024,664
338850575,0.9005694389343262,36.768028259277344,298.33294677734375,532.8386840820312,657.4280395507812,0,244,576,712,576,1024
339283261,0.8636383414268494,28.86431121826172,267.6880187988281,514.7066650390625,658.1771240234375,0,209,576,717,576,1024
340300988,0.8975903987884521,167.86080932617188,269.326171875,543.0912475585938,820.9588623046875,111,186,600,904,768,1024
340740333,0.6217344403266907,690.8272094726562,2.021559953689575,885.1272583007812,275.4170837402344,661,0,915,317,1024,927
340741953,0.856867253780365,379.9539794921875,243.4335174560547,526.1203002929688,340.6456298828125,358,228,549,356,1024,683
343286952,0.46877196431159973,151.5383758544922,526.7073974609375,347.8834533691406,617.19775390625,122,513,378,631,576,1024
343311656,0.6613925099372864,245.239501953125,311.827392578125,724.564453125,443.732177734375,173,292,797,464,1024,768
344128949,0.8928558230400085,147.833984375,70.413818359375,867.3251953125,903.0284423828125,39,0,952,1024,952,1024
344399805,0.5738838315010071,575.3955078125,121.51776885986328,770.9739990234375,264.7914123535156,546,100,801,287,1024,576
345830135,0.6130561828613281,458.0865783691406,400.4363098144531,552.1688842773438,561.3257446289062,443,376,567,586,771,1024
347724575,0.6488996744155884,365.4503479003906,442.62408447265625,713.1719360351562,837.0606079101562,313,383,766,897,868,1024
348000262,0.763614296913147,358.8292236328125,491.50775146484375,545.1801147460938,574.1712036132812,330,479,574,587,1024,768
348460417,0.5369142293930054,717.3274536132812,111.5314712524414,985.9744262695312,442.7889099121094,677,61,1024,493,1024,577
349191102,0.634520411491394,312.95953369140625,441.3467712402344,427.07257080078125,490.2006530761719,295,434,445,498,768,1024
349385735,0.6324599981307983,28.6256103515625,59.507110595703125,1013.6253662109375,920.5787353515625,0,0,1024,1024,1024,1024
349986855,0.5881927013397217,510.8236389160156,73.82145690917969,658.7321166992188,128.16754150390625,488,65,681,137,1024,768
350687805,0.918678343296051,88.6690673828125,136.65145874023438,864.9801025390625,630.7377319335938,0,62,982,705,1024,770
350733895,0.9125092625617981,192.53196716308594,317.9765930175781,520.1148681640625,768.8377685546875,143,250,570,837,768,1024
351960736,0.9102787375450134,52.77725601196289,382.64483642578125,540.2880859375,669.1968383789062,0,339,576,713,576,1024
352185309,0.9113695621490479,22.24046516418457,344.6505432128906,549.4257202148438,687.429443359375,0,293,576,739,576,1024
354358554,0.6355857253074646,213.96484375,454.1380615234375,387.061279296875,519.7833862304688,188,444,414,530,1024,545
356030294,0.6176525950431824,153.40823364257812,-0.9188232421875,1020.6353759765625,354.4670104980469,23,0,1024,408,1024,1024
357063669,0.9120662212371826,169.96237182617188,264.017822265625,798.8739013671875,644.8818359375,75,206,894,703,1024,768
358743595,0.650597333908081,139.46693420410156,207.26548767089844,366.74169921875,419.38671875,105,175,401,452,518,483
358934811,0.9019521474838257,143.2422637939453,361.4404296875,542.5265502929688,675.873046875,83,314,603,724,768,1024
361324501,0.4046882688999176,68.60612487792969,2.183475971221924,476.76611328125,528.9246215820312,7,0,538,608,1024,684
363321749,0.7843481302261353,142.0380096435547,416.8816833496094,387.85247802734375,774.79248046875,105,363,425,829,768,1024
363562950,0.9077870845794678,207.37051391601562,456.57818603515625,427.51971435546875,672.0835571289062,174,424,461,705,768,1024
364174476,0.6674472689628601,104.30638122558594,138.0342559814453,182.9154510498047,171.4473876953125,92,133,195,177,1024,768
366550272,0.8968366384506226,142.53488159179688,196.36134338378906,618.8123779296875,446.87115478515625,71,158,691,485,768,1024
368557711,0.8772019147872925,296.5814514160156,212.58267211914062,755.8602294921875,549.6087646484375,227,162,825,601,1024,681
374872522,0.8704923987388611,294.14642333984375,349.1920166015625,635.6859130859375,856.44140625,242,273,687,933,768,1024
376060474,0.843035876750946,33.49101257324219,331.4517822265625,334.77642822265625,707.1998291015625,0,275,380,764,576,1024
376115685,0.8617605566978455,225.61184692382812,489.71978759765625,548.803955078125,690.2318725585938,177,459,576,721,576,1024
377053069,0.6953099966049194,162.20834350585938,256.3917541503906,575.4332275390625,489.5704650878906,100,221,638,525,1024,768
378657376,0.48377281427383423,555.614501953125,208.81410217285156,762.5157470703125,378.2964782714844,524,183,794,404,1024,683
378833781,0.884960412979126,409.6529235839844,208.48001098632812,628.5851440429688,602.0107421875,376,149,662,662,1024,768
383360457,0.8799898624420166,89.6787338256836,464.43707275390625,469.6296081542969,698.9846801757812,32,429,527,735,576,1024
388394707,0.8869433403015137,72.45925903320312,63.55074691772461,975.2005615234375,667.9539794921875,0,0,1024,703,1024,703
388492523,0.8111769556999207,4.039764404296875,68.69476318359375,933.2642822265625,770.0029296875,0,0,1024,829,1024,829
388739225,0.7187734246253967,385.66595458984375,524.0332641601562,752.0365600585938,896.8782348632812,330,468,807,953,1024,1024
388886786,0.7529624700546265,1.3234862089157104,290.6396484375,415.8749084472656,674.0764770507812,0,233,479,732,771,1024
388903506,0.8352594971656799,243.42214965820312,489.7115478515625,522.0965576171875,670.3653564453125,201,462,564,698,768,1024
388984174,0.902622401714325,171.6658935546875,154.83917236328125,790.8094482421875,573.82373046875,78,91,884,637,1024,768
389104213,0.9138691425323486,50.621002197265625,5.385632038116455,988.87060546875,717.647216796875,0,0,1024,759,1024,759
389213966,0.8738920092582703,557.5193481445312,409.2095031738281,731.0952758789062,521.4066162109375,531,392,758,539,1024,768
391110961,0.8489229083061218,246.7073974609375,447.9501037597656,428.1527099609375,544.136962890625,219,433,456,559,768,1024
391112775,0.7240833044052124,225.46302795410156,645.8294677734375,376.09368896484375,769.4393310546875,202,627,399,788,768,1024
391442889,0.46335670351982117,490.64044189453125,311.6075744628906,538.2481079101562,340.1737976074219,483,307,546,345,1024,683
391612628,0.7051725387573242,0.392303466796875,277.17742919921875,154.9724884033203,430.8692626953125,0,254,179,454,768,1024
392320007,0.8952570557594299,221.43399047851562,396.4573669433594,364.5052490234375,518.2139282226562,199,378,386,537,768,1024
392380550,0.7945918440818787,396.7543029785156,175.49374389648438,596.04345703125,439.7098693847656,366,135,626,480,1024,684
393222598,0.9008939266204834,33.31146240234375,174.10446166992188,809.3224487304688,720.1517333984375,0,92,926,768,1024,768
394145353,0.9196242094039917,157.49600219726562,81.3749008178711,815.06640625,566.2537231445312,58,8,914,639,1024,683
394365398,0.8663834929466248,278.38238525390625,197.39468383789062,630.2337036132812,472.7325134277344,225,156,684,515,1024,683
395792832,0.6218671798706055,662.4338989257812,157.04029846191406,725.5492553710938,224.69398498535156,652,146,736,235,1024,768
396618823,0.8583089709281921,360.15283203125,295.34332275390625,650.7194213867188,389.89361572265625,316,281,695,405,1024,683
397087110,0.5042421817779541,77.39264678955078,344.31298828125,235.1934814453125,446.4289245605469,53,328,259,462,1024,576
397692759,0.9192305207252502,175.10772705078125,112.24186706542969,949.6985473632812,662.5243530273438,58,29,1024,746,1024,768
399825135,0.9167323708534241,286.001708984375,255.67538452148438,792.7860107421875,541.1217041015625,209,212,869,584,1024,768
401524599,0.4899187386035919,379.76593017578125,316.8143310546875,747.9603271484375,915.679443359375,324,226,768,1006,768,1024
403885723,0.9122761487960815,171.27587890625,210.94241333007812,642.6835327148438,834.8687744140625,100,117,714,929,768,1024
404629388,0.893459677696228,127.95890808105469,222.68035888671875,649.3859252929688,736.0690307617188,49,145,728,814,767,1024
406286142,0.7368891835212708,76.79843139648438,481.56439208984375,522.076416015625,724.5929565429688,10,445,576,762,576,1024
11323410,0.9017576575279236,276.3948974609375,184.7504425048828,639.8475952148438,390.35638427734375,221,153,695,422,1024,768
12071381,0.8444628715515137,442.83465576171875,310.65594482421875,606.2219848632812,361.379638671875,418,303,631,369,1024,678
15613012,0.4683340787887573,180.57505798339844,383.218017578125,372.27197265625,559.876220703125,151,356,402,587,410,800
18513988,0.7964267134666443,366.6785888671875,157.03048706054688,566.1513671875,592.1640014648438,336,91,597,658,1024,768
18566122,0.9049504995346069,157.55526733398438,252.6298828125,956.146728515625,402.3097839355469,37,230,1024,425,1024,681
18852033,0.6239393949508667,220.6444091796875,213.06948852539062,685.5987548828125,375.8348388671875,150,188,756,401,1024,683
24808879,0.8497527837753296,178.13943481445312,204.4293670654297,853.932373046875,466.2254333496094,76,165,956,506,1024,683
32721772,0.9039000272750854,302.1959228515625,254.2091827392578,765.1995849609375,428.5211181640625,232,228,835,455,1024,683
34951006,0.7273184657096863,291.39642333984375,134.89892578125,721.16015625,509.15435791015625,226,78,786,566,1024,684
35666525,0.8920758962631226,449.9186706542969,279.4510498046875,627.0307006835938,342.490966796875,423,269,654,352,1024,577
37981026,0.9166743755340576,-0.071746826171875,236.71078491210938,768.51708984375,517.1974487304688,0,194,884,560,1024,683
41019639,0.509997546672821,541.2083129882812,628.82470703125,567.296142578125,657.3206787109375,537,624,572,662,768,1024
41842190,0.8661068081855774,164.2643585205078,87.54574584960938,886.9144897460938,939.925048828125,55,0,996,1024,1023,1024
44175608,0.6573446989059448,117.34577178955078,401.6327209472656,162.40542602539062,435.1156311035156,110,396,170,441,576,1024
75699201,0.9037514925003052,97.2314453125,250.98390197753906,924.7320556640625,434.7315368652344,0,223,1024,463,1024,682
81281740,0.5051430463790894,528.7298583984375,29.50960922241211,844.889892578125,95.98377227783203,481,19,893,106,1024,768
82553726,0.48102277517318726,239.41290283203125,2.5252087116241455,898.1450805664062,491.9291076660156,140,0,997,566,1024,631
85438405,0.752497136592865,334.0289306640625,441.26776123046875,470.04443359375,530.4972534179688,313,427,491,544,768,1024
91540342,0.8725160956382751,430.130615234375,282.51788330078125,680.286865234375,374.2950134277344,392,268,718,389,1024,682
93037661,0.6973770260810852,223.93582153320312,280.5976867675781,820.024169921875,719.5616455078125,134,214,910,786,1024,963
95272295,0.9187923073768616,87.48358154296875,210.7856903076172,911.1370239257812,558.6356811523438,0,158,1024,611,1024,767
102409920,0.8993615508079529,329.1137390136719,173.6241455078125,936.2518310546875,632.3200073242188,238,104,1024,669,1024,669
103690871,0.6491166353225708,440.3348083496094,532.6249389648438,630.9301147460938,618.5473022460938,411,519,660,632,1024,1024
106332426,0.6736752390861511,465.533203125,310.65301513671875,556.2161254882812,365.6390075683594,451,302,570,374,1024,683
106424674,0.7946391105651855,102.55899047851562,48.2089729309082,627.0294189453125,550.3399658203125,23,0,706,626,1024,683
107452015,0.9144234657287598,324.4065856933594,248.7259979248047,818.71435546875,426.2377624511719,250,222,893,453,1024,683
107623255,0.88022780418396,341.7566833496094,183.0790557861328,648.310546875,464.4316711425781,295,140,695,507,1024,744
109817765,0.897829532623291,17.175945281982422,107.37614440917969,580.9728393554688,357.5261535644531,0,69,620,396,620,465
110736034,0.5647906064987183,166.3997344970703,12.519330024719238,569.5907592773438,944.4494018554688,105,0,631,1000,750,1000
112497807,0.5068245530128479,398.6703186035156,556.2554321289062,552.7725219726562,596.1597290039062,375,550,576,603,768,1024
113733805,0.891411542892456,155.573974609375,235.44735717773438,332.1387939453125,464.5801086425781,129,201,359,499,768,1024
114097590,0.6731745004653931,315.61273193359375,295.6978454589844,608.4302978515625,360.8734130859375,271,285,653,371,1024,684
119928307,0.8611893057823181,395.656494140625,221.15866088867188,662.33837890625,331.158935546875,355,204,703,348,1024,461
120288982,0.6293783783912659,183.27088928222656,397.9384460449219,247.7038116455078,432.9394226074219,173,392,258,439,576,1024
121523917,0.8882337808609009,38.388267517089844,31.82463264465332,399.68133544921875,364.03985595703125,0,0,445,388,445,388
121877853,0.8778356313705444,281.9217529296875,344.43255615234375,746.6676025390625,475.37664794921875,212,324,817,496,1024,782
122436765,0.7853437066078186,331.7618713378906,297.141845703125,517.9014282226562,350.7543029785156,303,289,546,359,880,649
123778403,0.8683114051818848,284.22332763671875,223.57376098632812,841.9841918945312,459.1270751953125,200,188,926,495,1024,683
125554181,0.4335092306137085,240.1070098876953,234.3944091796875,685.1141357421875,293.78179931640625,173,225,752,303,1024,768
127036056,0.8884559273719788,359.16815185546875,290.0449523925781,672.9523315429688,465.2360534667969,312,263,721,492,1024,737
127500426,0.9266692996025085,72.3258056640625,87.8230972290039,737.1702270507812,470.81640625,0,30,837,529,1024,680
130784366,0.5383374691009521,663.7349243164062,-0.3374148905277252,798.2116088867188,37.55157470703125,643,0,819,44,1024,668
130791154,0.5420149564743042,848.637939453125,19.23198699951172,924.284423828125,116.98695373535156,837,4,936,132,1024,684
131014748,0.42471298575401306,557.81982421875,367.2184753417969,655.7225341796875,391.5267333984375,543,363,671,396,1024,683
133579625,0.6274318099021912,526.847412109375,81.7486801147461,1019.5870361328125,288.1806335449219,452,50,1024,320,1024,683
135094130,0.894756019115448,274.0835266113281,203.39810180664062,694.7918701171875,415.5929870605469,210,171,758,448,1024,576
136134800,0.4265015423297882,566.2879638671875,371.0148010253906,703.1324462890625,446.67919921875,545,359,724,459,1024,842
136232174,0.8743512630462646,81.92233276367188,186.03298950195312,409.5640563964844,757.731689453125,32,100,459,844,576,1024
136264505,0.897879958152771,310.446044921875,145.99319458007812,681.822265625,455.043212890625,254,99,738,502,1024,665
137282891,0.914894163608551,199.95855712890625,211.97427368164062,751.2801513671875,457.7466735839844,117,175,834,495,1024,651
137374972,0.9010907411575317,369.39105224609375,206.43716430664062,575.4994506835938,536.961181640625,338,156,607,587,1024,795
139394853,0.8906857967376709,472.31756591796875,435.8732604980469,645.8295288085938,613.126708984375,446,409,672,640,1024,1024
139863919,0.9166861772537231,87.18789672851562,187.89617919921875,920.6572265625,401.4953918457031,0,155,1024,434,1024,495
140781692,0.8818509578704834,230.19894409179688,249.1087188720703,922.2203369140625,538.8101806640625,126,205,1024,583,1024,683
141367200,0.8211411237716675,348.90631103515625,464.4854736328125,682.7664184570312,609.0552978515625,298,442,733,631,1024,1024
141519329,0.8699640035629272,278.46380615234375,318.9849853515625,690.4666137695312,398.4248046875,216,307,753,411,1024,754
141526178,0.8004639148712158,69.48294067382812,261.1508483886719,997.40478515625,587.9794921875,0,212,1024,638,1024,848
142037204,0.7522023916244507,518.4959716796875,323.5558166503906,931.6258544921875,416.0965576171875,456,309,994,430,1024,684
142190465,0.7714194655418396,215.53233337402344,264.3464660644531,664.7962036132812,483.0933532714844,148,231,733,516,1024,683
142256251,0.9066758751869202,210.47659301757812,225.73069763183594,691.867431640625,356.2937316894531,138,206,765,376,1024,683
142417674,0.9158318638801575,60.77313232421875,227.89230346679688,894.2481079101562,612.98388671875,0,170,1020,671,1024,768
143233455,0.8952153325080872,118.19970703125,297.58489990234375,690.8693237304688,435.6237487792969,32,276,777,457,1024,681
144525612,0.7870388031005859,439.74822998046875,467.8178405761719,936.0885620117188,618.7056884765625,365,445,1011,642,1024,878
145251944,0.8429276943206787,373.90655517578125,326.56976318359375,690.6154174804688,488.9847412109375,326,302,739,514,1024,768
146331549,0.7522156238555908,357.0538330078125,232.7173309326172,658.1915893554688,324.936279296875,311,218,704,339,1024,653
149355421,0.8571128249168396,323.5868835449219,317.54327392578125,498.7140197753906,361.46893310546875,297,310,525,369,1024,683
149621800,0.6003782153129578,89.4542236328125,405.00189208984375,291.1819152832031,521.3705444335938,59,387,322,539,768,1024
153154484,0.7450196146965027,135.7373046875,300.35736083984375,839.9535522460938,402.1118469238281,30,285,946,418,1024,683
154973239,0.6371626257896423,377.6022033691406,167.658447265625,604.017822265625,323.018798828125,343,144,638,347,1024,683
156040410,0.6681273579597473,586.3482055664062,358.747802734375,856.7522583007812,426.31878662109375,545,348,898,437,1024,683
163498033,0.7137288451194763,291.04351806640625,234.4539794921875,527.8153686523438,320.52056884765625,255,221,564,334,1024,768
166737041,0.8709699511528015,455.792724609375,56.58789825439453,677.874755859375,651.8292846679688,422,0,712,683,1024,683
168966677,0.6636354327201843,169.813720703125,43.9179573059082,241.62625122070312,99.55464935302734,159,35,253,108,1024,768
169131878,0.8749735951423645,433.4161682128906,219.55592346191406,861.0946044921875,323.2301025390625,369,204,926,339,1024,683
173129512,0.5053917169570923,478.9373474121094,346.9040832519531,516.2957153320312,375.7070007324219,473,342,522,381,768,1024
174042423,0.8744203448295593,486.00244140625,261.0556335449219,663.77734375,504.0340881347656,459,224,691,541,1024,683
175907247,0.8692755103111267,360.8929443359375,149.54827880859375,607.2266845703125,775.933837890625,323,55,645,870,925,1024
175925148,0.63847815990448,455.54815673828125,383.6014099121094,598.2589721679688,418.6962890625,434,378,620,424,1024,768
175925553,0.6698336601257324,836.0782470703125,423.82965087890625,991.890625,567.7944946289062,812,402,1016,590,1024,768
176061790,0.8925907611846924,315.2342529296875,391.73974609375,620.6852416992188,528.13818359375,269,371,667,549,1024,768
177140177,0.8996908664703369,148.21209716796875,293.61822509765625,848.305908203125,454.8265686035156,43,269,954,480,1024,768
178332270,0.7874811291694641,133.61749267578125,203.46780395507812,431.8546142578125,324.41143798828125,88,185,477,343,1024,683
179302615,0.6097716689109802,321.2222900390625,219.9359130859375,507.75860595703125,404.1429138183594,293,192,536,432,1024,683
181206993,0.6440979838371277,384.63275146484375,331.5947570800781,602.36865234375,383.2332458496094,351,323,636,391,1024,682
181728988,0.6313677430152893,454.4921875,362.0248718261719,702.6201171875,453.2143249511719,417,348,740,467,1024,683
181739954,0.6201675534248352,650.42626953125,305.81390380859375,787.290283203125,355.4266357421875,629,298,808,363,1024,683
182463794,0.6182605028152466,1.4162406921386719,556.9942626953125,84.7039794921875,632.954833984375,0,545,98,645,1024,683
183386816,0.5619502067565918,429.20587158203125,298.75,638.6516723632812,381.3684997558594,397,286,671,394,893,595
185416137,0.8636324405670166,440.94390869140625,104.73054504394531,556.5154418945312,483.0685729980469,423,47,574,540,1024,681
185530725,0.36350172758102417,1.2249526977539062,4.655253887176514,253.2705078125,207.29762268066406,0,0,292,238,1024,684
186007773,0.7723938226699829,444.3045654296875,230.41099548339844,615.3819580078125,427.446533203125,418,200,642,458,1024,683
187080589,0.8991130590438843,285.4706115722656,244.016357421875,834.9947509765625,459.6474609375,203,211,918,492,1024,768
187870400,0.7923452854156494,326.8607482910156,418.80615234375,456.0971374511719,632.0777587890625,307,386,476,665,768,1024
188554878,0.8309316635131836,287.1141357421875,234.73118591308594,693.6795654296875,438.5506591796875,226,204,755,470,1024,664
189075564,0.9020950198173523,182.57192993164062,284.7269592285156,415.3384094238281,358.0721435546875,147,273,451,370,644,618
190048484,0.7357140183448792,455.54949951171875,312.4369201660156,704.0031127929688,376.374755859375,418,302,742,386,1024,683
192187843,0.8673022389411926,216.27279663085938,181.1726531982422,790.600830078125,429.138427734375,130,143,877,467,1024,574
192192736,0.526741087436676,263.8670959472656,416.7080993652344,329.48114013671875,462.5343322753906,254,409,340,470,576,1024
193560230,0.8785545825958252,310.1883239746094,159.83221435546875,826.0494384765625,450.7528381347656,232,116,904,495,1024,593
195172945,0.7290819883346558,835.684814453125,517.6596069335938,917.834716796875,633.7332763671875,823,500,931,652,1024,682
195898852,0.9159321784973145,336.8301696777344,305.0904235839844,645.679443359375,385.617919921875,290,293,693,398,1024,683
195909080,0.8837149143218994,379.6046142578125,248.6608428955078,666.0407104492188,456.23492431640625,336,217,710,488,768,1024
196739764,0.9180451035499573,104.65426635742188,97.48190307617188,612.4541015625,339.7264404296875,28,61,689,377,1024,683
197504202,0.7247499227523804,175.7476348876953,111.41183471679688,506.2409973144531,660.7860107421875,126,29,556,744,683,1024
197520568,0.9054642915725708,212.89697265625,250.12796020507812,800.506103515625,439.5357971191406,124,221,889,468,1024,768
198474197,0.8904280066490173,468.16986083984375,177.0977783203125,826.0202026367188,243.26113891601562,414,167,880,254,1024,683
199503178,0.8419042229652405,287.32867431640625,413.9610595703125,584.3222045898438,505.686767578125,242,400,629,520,1024,834
199771876,0.683067798614502,410.02117919921875,362.3233642578125,690.4198608398438,439.93682861328125,367,350,733,452,1024,768
200190396,0.8830603361129761,355.53826904296875,301.358154296875,662.3384399414062,532.41015625,309,266,709,568,1024,768
200373312,0.9006028771400452,127.6168212890625,81.22389221191406,876.2510375976562,571.6685180664062,15,7,989,646,1024,768
200720311,0.8109378814697266,435.8331298828125,336.1536560058594,911.57373046875,465.2563781738281,364,316,983,485,1024,682
200720325,0.8593920469284058,92.69793701171875,264.860595703125,643.3704833984375,394.3663024902344,10,245,726,414,1024,682
202031964,0.6691498160362244,416.99945068359375,1.7766852378845215,741.0863647460938,474.8626403808594,368,0,790,546,1024,682
202401719,0.8750135898590088,520.6771850585938,183.7761688232422,707.9529418945312,344.2386169433594,492,159,737,369,1024,682
202401811,0.6412758827209473,451.67633056640625,214.96694946289062,508.44134521484375,385.7352294921875,443,189,517,412,1024,682
203846439,0.7019814252853394,638.4695434570312,277.84454345703125,913.6188354492188,350.3636169433594,597,266,955,362,1024,683
204125338,0.37681713700294495,559.7861328125,837.4190673828125,607.32275390625,916.98095703125,552,825,615,929,773,1024
205235942,0.5577429533004761,543.4400024414062,51.915428161621094,933.8831176757812,147.62525939941406,484,37,993,162,1024,732
205353769,0.8507229685783386,592.0467529296875,139.0367431640625,736.3509521484375,188.24813842773438,570,131,758,196,1024,683
207325209,0.7487367391586304,266.27203369140625,490.783203125,396.74151611328125,549.570068359375,246,481,417,559,768,1024
209186024,0.7802212238311768,170.16053771972656,420.71771240234375,455.7769775390625,585.3414916992188,127,396,499,611,768,1024
209998505,0.8498169779777527,379.53814697265625,173.5582275390625,519.0385131835938,570.8228149414062,358,113,540,631,1024,795
212175058,0.8833556175231934,209.83370971679688,425.1314697265625,864.81298828125,690.42919921875,111,385,964,731,1024,1024
213176183,0.7619310617446899,127.01896667480469,337.8390808105469,510.39111328125,484.9398193359375,69,315,568,508,1024,578
213347523,0.6850850582122803,521.06640625,391.3472900390625,630.37060546875,435.40374755859375,504,384,647,443,1024,768
213944203,0.8758434653282166,359.4441223144531,265.894287109375,500.8874816894531,460.5594482421875,338,236,523,490,1024,683
214716813,0.6229467988014221,400.8718566894531,317.851806640625,587.3328857421875,390.2895812988281,372,306,616,402,1024,768
215179739,0.829319417476654,240.51675415039062,257.6051025390625,784.5970458984375,509.61456298828125,158,219,867,548,1024,768
215237232,0.8471208214759827,423.51470947265625,120.52423095703125,570.487060546875,515.010498046875,401,61,593,575,1024,683
215964034,0.5034573674201965,437.10894775390625,429.8922424316406,489.3719482421875,485.4293518066406,429,421,498,494,768,1024
218131123,0.5716279149055481,212.55599975585938,759.6219482421875,321.5024108886719,800.072998046875,196,753,338,807,683,1024
219708076,0.4309869706630707,247.2000732421875,64.57171630859375,442.904296875,860.4680786132812,217,0,473,980,683,1024
219929363,0.8829368352890015,417.7217102050781,271.41937255859375,657.3656616210938,454.139892578125,381,244,694,482,1024,683
220851662,0.7108319997787476,143.02816772460938,625.2505493164062,354.5968017578125,692.5554809570312,111,615,387,703,1024,1010
221276921,0.8204880356788635,232.70529174804688,563.35205078125,348.9508056640625,606.9693603515625,215,556,367,614,576,1024
222191113,0.6819242238998413,111.48641967773438,624.4880981445312,444.46099853515625,689.8118286132812,61,614,495,700,768,1024
224899198,0.46903929114341736,443.255615234375,309.85809326171875,637.8314208984375,518.2391357421875,414,278,668,550,1024,768
226843540,0.4344842731952667,225.6312255859375,306.9712829589844,688.0695190429688,463.2648010253906,156,283,758,487,991,768
229193858,0.9029563665390015,296.47222900390625,280.9409484863281,607.9610595703125,335.2828063964844,249,272,655,344,1024,683
229242472,0.8940386176109314,144.0157470703125,293.970947265625,565.6886596679688,374.0671081542969,80,281,629,387,1024,683
229242482,0.4492608308792114,45.649261474609375,2.061440944671631,191.26405334472656,122.15483093261719,23,0,214,141,1024,683
229480590,0.3272584080696106,171.54595947265625,508.3271484375,247.6741180419922,577.8233642578125,160,497,260,589,473,1024
230656138,0.9187308549880981,180.61253356933594,353.00445556640625,582.6240234375,714.2228393554688,120,298,643,769,768,1024
231331671,0.7681683897972107,283.0654296875,329.3737487792969,787.8807373046875,456.0666198730469,207,310,864,476,1024,683
233056370,0.45996853709220886,44.791748046875,154.39468383789062,1021.6474609375,412.177001953125,0,115,1024,451,1024,683
233056372,0.7465059757232666,200.22921752929688,371.576171875,983.830078125,597.8114624023438,82,337,1024,632,1024,683
233233450,0.6517710089683533,409.9892883300781,167.35397338867188,636.31103515625,284.7259216308594,376,149,671,303,876,874
233631007,0.778710126876831,108.039306640625,226.25552368164062,695.6536254882812,307.35858154296875,19,214,784,320,1024,582
236743110,0.8912832140922546,428.0436096191406,372.6091003417969,635.6141357421875,422.7769775390625,396,365,667,431,1024,768
237567456,0.8996655941009521,116.7158203125,202.13424682617188,780.5308837890625,420.98699951171875,17,169,881,454,1024,683
238021204,0.9070953130722046,58.611663818359375,123.84793090820312,940.294189453125,606.549560546875,0,51,1024,675,1024,675
238463037,0.8912832140922546,428.0436096191406,372.6091003417969,635.6141357421875,422.7769775390625,396,365,667,431,1024,768
238964796,0.8532469868659973,75.3001708984375,195.48751831054688,892.318115234375,457.62615966796875,0,156,1015,497,1024,683
239144544,0.6345304250717163,865.7528686523438,148.31033325195312,988.4308471679688,421.656982421875,847,107,1007,463,1024,577
240528664,0.9087097644805908,102.19357299804688,183.75164794921875,951.3359375,498.11029052734375,0,136,1024,546,1024,683
240893748,0.6095871329307556,125.06573486328125,459.7679443359375,971.4691772460938,578.9000244140625,0,441,1024,597,1024,1024
241856939,0.9207135438919067,104.66177368164062,228.84967041015625,761.330322265625,516.751220703125,6,185,860,560,1024,666
243370575,0.8362800478935242,402.0557861328125,376.7756042480469,539.5891723632812,563.1483154296875,381,348,561,592,974,847
244657390,0.8822659850120544,218.24002075195312,178.22286987304688,414.1228332519531,350.4206237792969,188,152,444,377,800,449
248000427,0.7050437927246094,253.0491943359375,345.7340393066406,401.6543884277344,474.6893615722656,230,326,424,495,768,1024
248968313,0.8991202712059021,141.46856689453125,190.11268615722656,962.3381958007812,507.163330078125,18,142,1024,555,1024,683
249848605,0.7637206315994263,460.0861511230469,384.8924865722656,606.1749267578125,423.882080078125,438,379,629,430,1024,828
250538474,0.6415140628814697,423.9981689453125,293.1324462890625,515.4600830078125,446.09075927734375,410,270,530,470,768,1024
251011341,0.7313219904899597,265.9702453613281,207.5626220703125,526.64892578125,395.56689453125,226,179,566,424,858,610
251750677,0.7689172625541687,304.63665771484375,316.5722961425781,511.4052734375,415.4342041015625,273,301,543,431,1024,683
252455624,0.7326772212982178,646.9241943359375,191.91714477539062,900.80419921875,341.70355224609375,608,169,939,365,1024,768
252829895,0.8857982754707336,249.15127563476562,118.93912506103516,741.562255859375,770.7726440429688,175,21,816,863,1024,863
253664656,0.7283985614776611,563.9963989257812,483.54608154296875,780.5247192382812,648.9441528320312,531,458,814,674,1024,1024
256243918,0.8868958950042725,110.931884765625,314.2396240234375,764.1786499023438,543.6295776367188,12,279,863,579,1024,768
256634656,0.5130090117454529,566.5450439453125,414.7425842285156,641.947265625,467.9542236328125,555,406,654,476,1024,768
257068654,0.919307291507721,255.71832275390625,203.3564910888672,891.7796020507812,367.2531433105469,160,178,988,392,1024,683
257538637,0.7492011785507202,105.63296508789062,423.23785400390625,515.3103637695312,519.9993286132812,44,408,577,535,627,1024
257737851,0.8956503868103027,250.10740661621094,271.34600830078125,575.2205200195312,363.8958435058594,201,257,624,378,1024,587
258110399,0.7599039673805237,421.96112060546875,307.42987060546875,826.0524291992188,530.1858520507812,361,274,887,564,1024,819
258450372,0.41123276948928833,165.96583557128906,211.57737731933594,322.09149169921875,241.5787811279297,142,207,346,247,468,468
259724843,0.8123103380203247,165.11309814453125,341.8316650390625,751.395751953125,535.830078125,77,312,840,565,876,866
260250565,0.8397820591926575,558.6307373046875,130.22767639160156,655.0311279296875,379.1266784667969,544,92,670,417,1024,762
260342681,0.6881499290466309,265.2339782714844,566.3543701171875,640.7332763671875,812.106201171875,208,529,698,849,768,1024
264505584,0.8913230895996094,336.3338623046875,264.4585266113281,705.4002685546875,410.5559997558594,280,242,761,433,1024,683
265428168,0.9025004506111145,13.600067138671875,266.6817932128906,878.4503173828125,584.8787841796875,0,218,1009,633,1024,710
270389267,0.5895636677742004,864.301513671875,96.21908569335938,964.9591064453125,225.34495544433594,849,76,981,245,1024,825
270802315,0.35119542479515076,159.6793670654297,17.03688621520996,172.75782775878906,35.576927185058594,157,14,175,39,458,1024
270802523,0.3288264870643616,307.8726806640625,319.8517150878906,349.2951965332031,374.2265319824219,301,311,356,383,458,1024
270803939,0.7227985858917236,189.35235595703125,329.14373779296875,725.3095092773438,711.2383422851562,108,271,806,769,1024,1024
273285300,0.5932337641716003,403.0639343261719,380.92840576171875,477.78094482421875,469.146240234375,391,367,489,483,768,1024
274398179,0.6080668568611145,739.1222534179688,283.87841796875,876.1286010742188,406.17694091796875,718,265,897,425,1024,768
282028248,0.8170652389526367,306.68048095703125,510.6875915527344,593.9673461914062,679.4869995117188,263,485,638,705,768,1024
282797262,0.897355854511261,233.31573486328125,264.0173645019531,838.8328247070312,373.628173828125,142,247,930,391,1024,715
285646211,0.7196539044380188,372.5053405761719,561.1678466796875,474.5347595214844,658.919189453125,357,546,490,674,768,1024
286197191,0.8853423595428467,326.4857482910156,439.58319091796875,775.6997680664062,635.1155395507812,259,410,844,665,977,1024
287032550,0.3566291630268097,138.79896545410156,22.274505615234375,556.040771484375,699.564208984375,76,0,619,802,771,1024
287847618,0.7173050045967102,462.35186767578125,231.5032196044922,587.8383178710938,282.9130554199219,443,223,607,291,1024,768
289444638,0.6780940890312195,530.9265747070312,344.96551513671875,606.2315673828125,387.15960693359375,519,338,618,394,768,1024
291198233,0.8932833075523376,363.2029113769531,195.49571228027344,622.853759765625,502.55377197265625,324,149,662,549,1024,683
291674212,0.514559268951416,463.2275390625,282.5959777832031,601.377685546875,402.92523193359375,442,264,623,421,1024,683
292806539,0.7902064323425293,220.3649444580078,273.7432861328125,694.7337646484375,376.6913757324219,149,258,766,393,1024,766
295404812,0.5249560475349426,303.2086181640625,242.91757202148438,563.3362426757812,355.0683898925781,264,226,603,372,1024,683
297905222,0.46889087557792664,330.353759765625,271.2102355957031,719.7376708984375,324.9249572753906,271,263,779,333,1024,606
298116632,0.8428394794464111,213.97386169433594,364.8921813964844,504.9971618652344,708.9151611328125,170,313,549,761,740,1024
298345120,0.7389024496078491,495.93182373046875,323.84710693359375,625.5523071289062,362.4594421386719,476,318,645,369,1024,680
299171971,0.8988924026489258,135.83340454101562,201.2781219482422,827.4359130859375,821.8876342773438,32,108,932,915,1024,1010
302949754,0.8899369239807129,290.7310485839844,197.94923400878906,762.8475341796875,489.9953308105469,219,154,834,534,1024,683
304734969,0.35880205035209656,310.75970458984375,662.4501953125,547.2494506835938,763.1522827148438,275,647,583,768,1024,768
305449086,0.9156166911125183,289.80377197265625,360.33306884765625,716.9942626953125,460.8895568847656,225,345,782,476,1024,768
305449088,0.7784209251403809,538.2377319335938,73.38545227050781,744.6810913085938,349.7035217285156,507,31,776,392,1024,768
305449116,0.7794457674026489,529.0407104492188,112.12907409667969,723.5226440429688,283.9066162109375,499,86,753,310,1024,768
307700876,0.6518667340278625,39.85919189453125,318.4664001464844,432.26336669921875,403.9746398925781,0,305,492,417,1024,939
308965360,0.8952896595001221,8.109603881835938,333.0897216796875,736.4281005859375,714.298583984375,0,275,768,772,768,1024
310130041,0.8939395546913147,99.92971801757812,155.4210662841797,948.2523193359375,446.4012145996094,0,111,1024,491,1024,682
310579872,0.7198633551597595,583.4432983398438,436.29736328125,805.7887573242188,626.9924926757812,550,407,840,656,1024,853
310722112,0.44560274481773376,158.86123657226562,358.673095703125,915.9853515625,711.336181640625,45,305,1024,765,1024,1006
316518780,0.545507550239563,454.5004577636719,230.16387939453125,578.473876953125,315.2280578613281,435,217,598,328,1024,577
318100815,0.7516169548034668,87.69329833984375,495.07611083984375,610.7439575195312,746.822509765625,9,457,690,768,1024,768
318156565,0.6694974303245544,660.6912841796875,3.095229148864746,815.88330078125,95.92630767822266,637,0,840,110,1024,575
319379377,0.9108245968818665,112.76763916015625,82.80778503417969,628.0584716796875,482.9081115722656,35,22,706,543,1024,683
319577046,0.40817123651504517,69.12586212158203,154.08755493164062,358.0482177734375,267.73419189453125,25,137,402,285,451,451
320816713,0.6651926040649414,182.951416015625,613.0062255859375,229.0019073486328,793.515869140625,176,585,236,821,768,1024
322728575,0.8791439533233643,116.7481689453125,240.917724609375,950.3277587890625,613.35205078125,0,185,1024,670,1024,768
323088563,0.868187665939331,94.52017211914062,238.4625244140625,881.0006103515625,374.6088562011719,0,218,999,396,1024,683
323201587,0.46773603558540344,585.5867919921875,269.95538330078125,748.6693725585938,312.091796875,561,263,768,319,768,1024
323623445,0.9011567831039429,167.58758544921875,235.26138305664062,896.6085815429688,464.01641845703125,58,200,1006,499,1024,683
324431660,0.7122610807418823,356.5309143066406,549.0267944335938,462.5804443359375,582.5635375976562,340,543,479,588,768,1024
328699473,0.8706310987472534,366.52703857421875,289.15521240234375,716.5850219726562,350.5157470703125,314,279,770,360,1024,683
329438911,0.8577635288238525,423.069580078125,188.3336944580078,840.453369140625,275.37457275390625,360,175,904,289,1024,661
329673465,0.8814409375190735,465.94073486328125,320.0377502441406,651.9588012695312,353.7092590332031,438,314,680,359,1024,683
330744655,0.5922218561172485,27.155563354492188,554.6258544921875,377.8377685546875,652.60693359375,0,539,431,668,1024,768
330915870,0.6079609990119934,414.2529296875,366.5116882324219,629.745361328125,470.0922546386719,381,350,663,486,1024,768
330922015,0.6943715214729309,385.40301513671875,143.2993621826172,627.4494018554688,263.89990234375,349,125,664,282,1024,715
331195534,0.8702626824378967,219.91836547851562,217.16751098632812,781.6488037109375,466.7129211425781,135,179,866,505,1024,755
331977550,0.7955721020698547,123.277587890625,268.6261291503906,426.8155517578125,377.92352294921875,77,252,473,395,1024,768
332009515,0.8874245882034302,188.26190185546875,242.97621154785156,803.635498046875,342.0794677734375,95,228,896,357,1024,683
332702926,0.7216339707374573,455.80023193359375,387.1233215332031,645.7553100585938,465.1017150878906,427,375,675,477,1024,802
333014428,0.9166580438613892,105.19113159179688,243.09939575195312,735.5037841796875,458.4725341796875,10,210,831,491,1024,682
333736655,0.9035148620605469,54.9395751953125,131.10203552246094,933.7611083984375,488.0552062988281,0,77,1024,521,1024,521
334201887,0.682060718536377,445.4965515136719,349.8325500488281,513.53955078125,375.28515625,435,346,524,380,1024,577
334341843,0.89274662733078,208.96092224121094,139.30712890625,599.7972412109375,827.0234375,150,36,659,931,768,1024
334482786,0.9070343375205994,114.48912048339844,120.44317626953125,619.895751953125,891.6316528320312,38,4,696,1008,768,1024
334816974,0.7193432450294495,526.9303588867188,307.7266845703125,632.4564819335938,409.303466796875,511,292,649,425,1024,768
334818369,0.5115747451782227,337.6553955078125,333.610107421875,539.0288696289062,425.8786926269531,307,319,570,440,1024,768
336710011,0.7245509624481201,578.58837890625,461.3677673339844,738.7882080078125,524.6588134765625,554,451,763,535,1024,694
336792928,0.7324575185775757,365.42901611328125,282.3349609375,650.7188110351562,375.1327819824219,322,268,694,390,1024,683
336936517,0.635016143321991,346.1663818359375,290.4167175292969,593.0210571289062,359.6038818359375,309,280,631,370,772,524
339836752,0.6863887906074524,79.69627380371094,353.7474060058594,238.7075653076172,428.6790771484375,55,342,263,440,1024,683
339912406,0.8640686869621277,470.6741027832031,216.81777954101562,598.293701171875,637.6651611328125,451,153,618,701,1024,768
340916475,0.6790266036987305,178.99232482910156,422.3826904296875,284.5847473144531,548.3575439453125,163,403,301,568,576,1024
340918539,0.6705775856971741,181.9180908203125,605.1156616210938,326.5333251953125,703.6752319335938,160,590,349,719,576,1024
340920081,0.8364850878715515,144.007568359375,494.3020324707031,636.6529541015625,656.1199951171875,70,470,711,681,768,1024
341041117,0.5460606813430786,368.9518737792969,193.72247314453125,603.3738403320312,868.8942260742188,333,92,639,971,1024,1024
342171432,0.4059966206550598,396.0704345703125,259.45599365234375,549.4092407226562,406.565185546875,373,237,573,429,1024,789
346124897,0.7749912738800049,156.33352661132812,334.7357482910156,396.65936279296875,452.44549560546875,120,317,433,471,658,709
347203703,0.6439724564552307,456.9122314453125,216.013671875,672.442138671875,335.6431884765625,424,198,705,354,1024,592
348444104,0.40272265672683716,271.0892333984375,337.21417236328125,551.8366088867188,455.72186279296875,228,319,594,474,768,1024
349266346,0.49728924036026,190.43597412109375,341.9646301269531,330.27850341796875,373.1454772949219,169,337,352,378,1024,577
349365412,0.8561674356460571,364.6266174316406,91.79470825195312,678.03515625,646.3421020507812,317,8,726,730,1024,768
349370057,0.8449761271476746,320.045654296875,357.69329833984375,617.282958984375,503.54620361328125,275,335,662,526,1024,768
352135868,0.8942597508430481,62.58331298828125,209.15211486816406,989.2698364257812,452.9499206542969,0,172,1024,490,1024,754
356683415,0.9007999897003174,367.28594970703125,313.26824951171875,731.0248413085938,396.4605407714844,312,300,786,409,1024,683
356867058,0.5347740054130554,430.6961364746094,213.82643127441406,559.40283203125,282.9040832519531,411,203,579,294,1024,461
360116187,0.7845177054405212,55.796600341796875,180.899169921875,971.441650390625,585.0552978515625,0,120,1024,646,1024,768
360139743,0.7677201628684998,121.69583129882812,294.195068359375,849.739990234375,542.4136352539062,12,256,959,580,1024,764
363592736,0.8601792454719543,379.6816101074219,184.16397094726562,630.80615234375,552.357421875,342,128,669,608,1024,683
371489885,0.5366789102554321,363.1916809082031,280.6961669921875,470.53216552734375,330.9215087890625,347,273,487,339,768,1024
376104126,0.7520148158073425,283.2475280761719,356.55120849609375,552.50146484375,465.91864013671875,242,340,593,483,768,1024
377397261,0.8955658674240112,88.1788330078125,329.29278564453125,667.1087646484375,592.3888549804688,1,289,754,632,768,1024
377682257,0.9072253108024597,366.91510009765625,368.6813659667969,558.2042236328125,499.6531677246094,338,349,587,520,1024,771
379870167,0.8101165890693665,216.61331176757812,237.34478759765625,950.1844482421875,537.584716796875,106,192,1024,583,1024,768
381624162,0.9081146121025085,155.04644775390625,269.7780456542969,864.0000610351562,462.9832763671875,48,240,971,492,1024,686
383627512,0.920072078704834,237.41574096679688,181.60560607910156,703.536376953125,431.83831787109375,167,144,774,470,1024,686
384566594,0.9086592793464661,198.08349609375,269.9644470214844,747.2567749023438,479.20458984375,115,238,830,511,887,726
385564007,0.734052300453186,398.5645446777344,151.81971740722656,661.3338623046875,427.0145263671875,359,110,701,469,1024,683
385578566,0.8971859812736511,248.79144287109375,315.447265625,745.3085327148438,424.43316650390625,174,299,820,441,1024,682
385578575,0.9254094362258911,218.08009338378906,209.19976806640625,707.82373046875,443.6496276855469,144,174,782,479,1024,683
385787436,0.7915011644363403,271.7373046875,262.0469055175781,787.9891357421875,474.15850830078125,194,230,866,506,1024,683
385788048,0.7304877638816833,18.3148193359375,265.4576416015625,459.32080078125,457.98553466796875,0,236,526,487,1024,683
385889293,0.8600844740867615,460.3619384765625,310.1716003417969,687.308837890625,449.77935791015625,426,289,722,471,1024,768
386204883,0.8570881485939026,337.305908203125,198.69029235839844,622.0410766601562,284.3925476074219,294,185,665,298,1024,473
386848799,0.6986582279205322,422.7789306640625,288.02703857421875,502.67010498046875,310.0474853515625,410,284,515,314,1024,768
388102588,0.8828957676887512,585.5946655273438,263.15545654296875,821.6757202148438,358.27252197265625,550,248,858,373,1024,683
389163343,0.9062564373016357,91.04446411132812,108.11976623535156,790.41064453125,500.1830749511719,0,49,896,559,1024,686
391307147,0.6210781335830688,346.957275390625,209.58876037597656,665.5016479492188,282.580810546875,299,198,714,294,1024,683
391317515,0.6481258869171143,240.05905151367188,325.6844787597656,566.9468994140625,412.450927734375,191,312,616,426,1024,746
393038523,0.8884050250053406,170.43121337890625,233.7600860595703,803.6024169921875,483.563232421875,75,196,899,522,1024,683
394947778,0.7114008665084839,350.18487548828125,361.8460693359375,509.1071472167969,503.0889892578125,326,340,533,525,683,1024
395185687,0.4350305199623108,96.98973083496094,326.37493896484375,540.8766479492188,484.9603271484375,30,302,608,509,1024,768
395373212,0.32059910893440247,1.6317214965820312,29.893272399902344,309.4762268066406,258.8048400878906,0,0,356,294,768,1024
396045446,0.7659561634063721,424.71923828125,298.3045959472656,644.3238525390625,369.05291748046875,391,287,678,380,1024,683
397733839,0.7971160411834717,577.1464233398438,334.45654296875,653.0780639648438,426.39569091796875,565,320,665,441,1024,768
398061977,0.8909246325492859,371.2886962890625,209.3013153076172,737.799072265625,315.7081604003906,316,193,793,332,1024,608
398852031,0.7110254168510437,413.2537841796875,221.94061279296875,624.6380615234375,420.4659118652344,381,192,657,451,1024,768
399741044,0.6155351400375366,214.62002563476562,117.5384750366211,727.36962890625,404.79119873046875,137,74,805,448,1024,533
399750483,0.8414192795753479,261.54925537109375,390.3418273925781,422.0299072265625,422.7219543457031,237,385,447,428,768,1024
401153667,0.7102193236351013,440.7327575683594,286.71923828125,683.283203125,341.4957275390625,404,278,720,350,1024,768
401186191,0.8302958607673645,198.07608032226562,221.35560607910156,736.2860107421875,487.44647216796875,117,181,818,528,1024,768
401186229,0.8003290295600891,135.79364013671875,281.5333251953125,661.944091796875,492.11407470703125,56,249,741,524,1024,768
401191165,0.9035168290138245,369.73529052734375,412.14862060546875,515.9356689453125,490.6394348144531,347,400,538,503,1024,768
401769755,0.665520429611206,331.9264221191406,227.12039184570312,433.4206237792969,450.4255676269531,316,193,449,484,768,1024
401821496,0.5174375176429749,292.91461181640625,268.0166015625,583.6996459960938,602.1321411132812,249,217,628,653,1024,683
403027495,0.9026265740394592,283.7427062988281,159.833984375,736.6845703125,557.3560180664062,215,100,805,617,1024,754
405159331,0.8932153582572937,32.642303466796875,166.67333984375,978.574951171875,452.0834655761719,0,123,1024,495,1024,650
406286110,0.5497785210609436,200.58538818359375,455.2374267578125,404.86688232421875,618.8778076171875,169,430,436,644,576,1024
265663,0.8995473384857178,25.637725830078125,86.38603210449219,444.42645263671875,164.8837890625,0,74,480,177,480,269
1296040,0.49983036518096924,121.70193481445312,232.69256591796875,1010.7183837890625,332.36614990234375,0,217,1024,348,1024,768
1838862,0.74602872133255,259.4083557128906,446.9600524902344,369.66943359375,692.4680786132812,242,410,387,730,575,1024
6140750,0.306640625,604.0282592773438,237.47891235351562,1028.6795654296875,578.8400268554688,540,186,1024,576,1024,576
7512454,0.9138019680976868,116.87875366210938,117.197509765625,882.5191650390625,551.1943969726562,2,52,998,617,1024,670
8859809,0.9037900567054749,29.73827362060547,262.8345947265625,654.4327392578125,638.1025390625,0,206,749,695,768,1024
9246372,0.5468015074729919,311.28253173828125,199.04702758789062,915.7645874023438,282.48724365234375,220,186,1007,296,1024,682
10064439,0.6411604881286621,134.29342651367188,301.4049377441406,871.5892333984375,398.2963562011719,23,286,983,413,1024,683
10297141,0.463687002658844,239.88751220703125,326.43304443359375,618.8381958007812,426.2428283691406,183,311,676,442,1024,683
16124395,0.8407378196716309,215.16299438476562,463.77191162109375,292.81353759765625,631.6204223632812,203,438,305,657,576,1024
17719951,0.6154395937919617,40.443023681640625,424.65740966796875,913.1549072265625,482.53302001953125,0,415,1024,492,1024,768
18370801,0.5437140464782715,74.9197998046875,148.29144287109375,771.4412231445312,396.002197265625,0,111,876,434,1024,768
18387673,0.829267680644989,25.243438720703125,351.72064208984375,1000.003173828125,765.8609008789062,0,289,1024,768,1024,768
23447104,0.6838833689689636,107.66482543945312,27.642173767089844,1017.9188232421875,614.4310302734375,0,0,1024,703,1024,768
25648415,0.6229239702224731,10.8861083984375,210.70957946777344,1022.2576904296875,472.581787109375,0,171,1024,512,1024,768
29107869,0.8555493354797363,182.0445556640625,364.0638427734375,366.6510925292969,689.98974609375,154,315,395,739,498,1024
29289065,0.8746950626373291,67.77413940429688,4.462149620056152,963.55859375,358.19390869140625,0,0,1024,390,1024,390
37353961,0.4235130548477173,83.06301879882812,196.65069580078125,822.3116455078125,555.4296264648438,0,142,934,610,1024,816
37556086,0.43362513184547424,15.975837707519531,584.1263427734375,183.695068359375,681.72265625,0,569,209,683,1024,683
41282526,0.8300511240959167,109.03424072265625,260.9170227050781,1022.8307495117188,562.2632446289062,0,215,1024,608,1024,768
41284521,0.4338817894458771,936.5509643554688,186.03079223632812,1023.7664184570312,306.02923583984375,923,168,1024,325,1024,768
41446978,0.8283185958862305,153.7664794921875,365.1376647949219,932.4317626953125,729.5143432617188,36,310,1024,768,1024,768
42772009,0.712245762348175,154.74667358398438,592.8275146484375,774.82666015625,766.1096801757812,61,566,868,768,1024,768
43852048,0.4199889302253723,6.621088027954102,155.0794677734375,118.4714126586914,492.2686767578125,0,104,136,543,768,1024
46675356,0.8780292272567749,69.33511352539062,270.7737731933594,911.5782470703125,509.6146545410156,0,234,1024,546,1024,768
49010833,0.6169902682304382,473.8359680175781,168.6001434326172,606.07958984375,592.7018432617188,453,104,626,657,1024,683
54664833,0.9136815667152405,105.19119262695312,256.8287353515625,892.42578125,548.458251953125,0,213,1011,593,1024,768
55174283,0.42155101895332336,36.7342529296875,107.57640838623047,678.7442626953125,583.18798828125,0,36,776,655,1024,768
56005826,0.6845287084579468,462.536376953125,102.82454681396484,536.4425048828125,162.3192596435547,451,93,548,172,640,480
60286642,0.9135410189628601,292.9316101074219,177.3353729248047,900.76611328125,498.9314880371094,201,129,992,548,1024,683
62677743,0.5460180044174194,22.841522216796875,20.038057327270508,967.543701171875,413.06500244140625,0,0,1024,421,1024,421
62678021,0.6553972363471985,62.83306884765625,63.51936340332031,972.0388793945312,419.9158630371094,0,10,1024,474,1024,533
64287253,0.5840275287628174,1.0815987586975098,61.63264465332031,228.4889678955078,377.29327392578125,0,14,263,425,708,1024
64973786,0.3027746379375458,81.67925262451172,103.30848693847656,134.30128479003906,124.87960815429688,73,100,143,129,220,220
65739854,0.582981288433075,10.717944145202637,689.2637939453125,63.28767013549805,804.9439697265625,2,671,72,823,768,1024
67044478,0.8977746367454529,244.69932556152344,55.709991455078125,406.427734375,761.028076171875,220,0,431,867,576,1024
67770801,0.8052817583084106,147.88357543945312,261.914794921875,674.707763671875,412.46484375,68,239,754,436,1024,576
67954277,0.9010179042816162,120.16806030273438,86.48578643798828,973.8671875,451.2201232910156,0,31,1024,506,1024,578
70828370,0.7572402358055115,126.60470581054688,86.54122924804688,997.31494140625,547.097900390625,0,17,1024,617,1024,694
74903775,0.719693660736084,116.67532348632812,91.01565551757812,828.92138671875,270.3255920410156,9,64,936,298,1024,680
77088908,0.8392537236213684,355.22357177734375,172.71853637695312,621.169677734375,590.37939453125,315,110,662,654,1024,768
77359957,0.47730502486228943,129.3200225830078,166.8796844482422,221.52294921875,199.71839904785156,115,161,236,205,576,1024
79150295,0.8453015685081482,104.6715087890625,245.70938110351562,882.584716796875,507.3761901855469,0,206,1000,547,1024,768
79701832,0.7924768924713135,80.25985717773438,89.85319519042969,939.7554931640625,573.3726806640625,0,17,1024,646,1024,688
80205816,0.9077792167663574,64.45974731445312,145.82505798339844,943.9923095703125,496.7665710449219,0,93,1024,550,1024,614
80565282,0.8969643712043762,171.25503540039062,251.69911193847656,783.1151123046875,415.51483154296875,79,227,875,441,1024,768
81457666,0.8797527551651001,346.12689208984375,348.24853515625,548.6022338867188,526.1060791015625,315,321,579,553,1024,768
82273495,0.5416437387466431,-7.118408203125,-0.6201953887939453,707.3920288085938,575.1787109375,0,0,815,576,1024,576
85661185,0.6822447180747986,275.3336486816406,149.07275390625,525.7399291992188,1022.52392578125,237,18,564,1024,768,1024
89179381,0.45342355966567993,0.00225830078125,1.6685829162597656,1022.9277954101562,577.6627807617188,0,0,1024,576,1024,576
89288876,0.3733857274055481,2.37054443359375,234.1419677734375,751.870849609375,572.5126953125,0,183,865,624,1024,768
89441080,0.8771383166313171,73.4776611328125,87.4452896118164,1019.960205078125,486.2789306640625,0,27,1024,547,1024,712
94410071,0.8441889882087708,193.5581512451172,324.5747985839844,656.0652465820312,404.8568115234375,124,312,726,417,1024,768
103084547,0.9099130034446716,161.08139038085938,268.905029296875,773.8865966796875,509.4299011230469,69,232,866,546,1024,768
103090174,0.8424990773200989,266.85638427734375,1.562021255493164,575.53515625,426.3770446777344,220,0,622,491,1024,683
104562820,0.8006708025932312,1.07049560546875,22.404327392578125,681.4097290039062,639.6887817382812,0,0,784,733,1024,768
106233657,0.8406453132629395,20.993019104003906,294.04364013671875,491.9468994140625,977.4231567382812,0,191,563,1024,768,1024
106380640,0.4627968668937683,329.0381774902344,183.138427734375,865.5753173828125,402.3146057128906,248,150,947,436,1024,683
107008134,0.8784169554710388,43.39666748046875,91.4299087524414,978.0119018554688,533.5895385742188,0,25,1024,600,1024,710
107801153,0.8756054043769836,87.6812515258789,150.39483642578125,601.100830078125,1024.659423828125,10,19,679,1024,864,1024
108776732,0.8626664876937866,287.2051086425781,177.039794921875,410.1396789550781,768.45654296875,268,88,429,858,768,1024
108869244,0.887200653553009,317.3949890136719,127.2188720703125,475.2856750488281,902.2545166015625,293,10,499,1019,768,1024
108927697,0.9103698134422302,215.35015869140625,280.0844421386719,609.6285400390625,827.11572265625,156,198,669,910,768,1024
111294511,0.8412708640098572,120.05340576171875,141.22560119628906,795.2222900390625,661.98779296875,18,63,897,686,1024,686
115504081,0.5131498575210571,226.83013916015625,174.8964385986328,1022.3948364257812,383.3113708496094,107,143,1024,415,1024,683
117287010,0.6076204180717468,110.90252685546875,124.46528625488281,1015.2113647460938,571.1201171875,0,57,1024,639,1024,683
119342924,0.4934441149234772,142.95913696289062,397.8876953125,854.8209228515625,490.8040771484375,36,383,962,505,1024,768
119847612,0.4539458155632019,223.55044555664062,89.20185852050781,936.780517578125,486.6020202636719,116,29,1024,547,1024,683
121045733,0.8748874664306641,77.71624755859375,72.77532958984375,977.0098266601562,660.9837646484375,0,0,1024,678,1024,678
121463977,0.8269815444946289,65.060546875,293.0694274902344,927.1766967773438,541.7720336914062,0,255,1024,580,1024,686
122013947,0.8777177333831787,438.393798828125,231.38255310058594,740.1119384765625,458.7188720703125,393,197,786,493,1024,768
122123533,0.6032692193984985,-0.8636627197265625,577.9466552734375,432.2623291015625,719.8720703125,0,556,498,742,1024,768
122332415,0.8926419615745544,1.8792724609375,59.456153869628906,935.2215576171875,465.541259765625,0,0,1024,527,1024,768
123202203,0.4449291229248047,56.534576416015625,231.86184692382812,908.427978515625,600.2034912109375,0,176,1024,656,1024,768
124072984,0.39412564039230347,178.7153778076172,589.175048828125,573.9349365234375,805.5911865234375,119,556,634,839,768,1024
127976765,0.8998540043830872,260.3673095703125,90.41372680664062,413.72021484375,829.315185546875,237,0,437,941,768,1024
129505200,0.7821319103240967,220.3000030517578,86.3931884765625,494.70404052734375,872.0101928710938,179,0,536,990,768,1024
130746204,0.5390146970748901,275.6868896484375,46.31219482421875,493.8772888183594,740.1115112304688,242,0,527,845,768,1024
131423285,0.8478649854660034,0.659645676612854,387.64764404296875,472.38055419921875,741.9370727539062,0,334,473,796,473,1024
136440079,0.7402802109718323,166.2322998046875,257.84521484375,711.9244384765625,469.9031677246094,84,226,794,502,800,527
137004599,0.5305395722389221,196.28787231445312,27.04412841796875,284.36419677734375,192.4015350341797,183,2,298,218,716,656
138356586,0.8830593228340149,30.39117431640625,209.40293884277344,970.9994506835938,532.928466796875,0,160,1024,582,1024,768
140843551,0.7753912806510925,479.08837890625,390.1566162109375,584.5341186523438,769.4730224609375,463,333,601,827,768,1024
141534806,0.8586723208427429,203.85867309570312,259.62567138671875,1021.32861328125,742.8353271484375,81,187,1024,768,1024,768
142785840,0.8554577827453613,266.1407470703125,24.459228515625,598.95947265625,1021.0201416015625,216,0,649,1024,768,1024
145820548,0.7627951502799988,217.8572998046875,100.44302368164062,382.02459716796875,831.69921875,193,0,407,942,768,1024
145887654,0.7409153580665588,1.37640380859375,141.34683227539062,902.6846923828125,654.6324462890625,0,64,1024,732,1024,768
146272294,0.7552623748779297,200.13510131835938,335.1261901855469,651.6683959960938,462.4769592285156,132,316,720,482,863,863
147089083,0.46552005410194397,153.60546875,145.61038208007812,371.63623046875,433.6304626464844,120,102,405,477,1024,768
147148999,0.47039929032325745,119.12246704101562,208.86459350585938,260.5670471191406,414.0755920410156,97,178,282,445,768,1024
147381299,0.5628638863563538,147.42462158203125,9.70709228515625,479.757080078125,992.3944702148438,97,0,530,1024,816,1024
148151334,0.6324318051338196,135.98068237304688,205.89163208007812,974.3692626953125,720.74951171875,10,128,1024,768,1024,768
149005478,0.3831240236759186,247.53616333007812,228.8148956298828,541.682373046875,623.4998168945312,203,169,586,683,1024,715
149521183,0.8140075206756592,58.42596435546875,307.2779846191406,331.894775390625,847.318115234375,17,226,373,929,576,1024
149556753,0.9051963686943054,28.525390625,297.8297424316406,952.325439453125,529.2510986328125,0,263,1024,564,1024,768
150576901,0.9210505485534668,77.18245697021484,327.1842041015625,734.6521606445312,739.5732421875,0,265,834,802,1013,1024
151351336,0.42025861144065857,232.27365112304688,191.29598999023438,479.207275390625,931.56201171875,195,80,517,1024,576,1024
152153611,0.5619043111801147,95.44180297851562,187.6435089111328,895.011962890625,359.2967529296875,0,161,1015,386,1024,615
152567049,0.726077139377594,237.69488525390625,128.91748046875,526.9013061523438,933.1478271484375,194,8,571,1024,768,1024
153566556,0.7866321802139282,99.19168090820312,347.6273193359375,886.0855712890625,800.716796875,0,279,1005,869,1024,1024
160688988,0.5378208756446838,843.3763427734375,260.77490234375,891.9619140625,279.7121276855469,836,257,900,283,1024,682
167113692,0.6603788733482361,342.55072021484375,23.627180099487305,584.6834716796875,135.93667602539062,306,6,622,153,1024,768
168771629,0.6698274612426758,367.9393310546875,245.0358428955078,647.34423828125,421.5635681152344,326,218,690,449,1024,684
168771645,0.8753123879432678,452.4044189453125,174.5473175048828,634.851806640625,523.9444580078125,425,122,663,577,1024,684
169488421,0.5238816142082214,38.85284423828125,28.800779342651367,1024.896240234375,429.0206298828125,0,0,1024,490,1024,576
170781456,0.9135964512825012,86.81954956054688,250.22341918945312,941.6279296875,356.3341979980469,0,234,1024,373,1024,615
171462509,0.8601436614990234,265.0959167480469,93.78529357910156,676.4461669921875,355.490966796875,203,54,739,395,1024,683
173165790,0.5733057260513306,272.82440185546875,383.67999267578125,477.1072082519531,545.0824584960938,242,359,508,570,768,1024
174072642,0.8758597373962402,312.5245056152344,266.075927734375,734.6480712890625,449.9180908203125,249,238,798,478,1024,765
174412679,0.7546536326408386,201.2674560546875,443.08233642578125,350.994384765625,482.013671875,178,437,374,488,576,1024
174414533,0.8833938241004944,59.1956787109375,204.5232391357422,1004.8114013671875,538.1137084960938,0,154,1024,589,1024,683
174425329,0.6062434911727905,77.66827392578125,52.94346237182617,916.5430908203125,440.72747802734375,0,0,1024,499,1024,683
176087069,0.7123060822486877,328.614501953125,270.5523681640625,491.60992431640625,527.8666381835938,304,231,517,567,1024,768
176392280,0.46483615040779114,3.0056533813476562,66.26437377929688,764.8170166015625,1009.846435546875,0,0,768,1024,768,1024
177141364,0.8992877006530762,158.57373046875,232.7172088623047,925.89599609375,403.96697998046875,43,207,1024,430,1024,683
177640163,0.5900038480758667,57.2725830078125,97.93402862548828,848.3297119140625,285.80010986328125,0,69,967,314,1024,768
178503980,0.6588461995124817,270.36480712890625,458.0705261230469,609.9887084960938,619.825439453125,219,433,661,645,768,1024
178681163,0.4573918282985687,-0.081878662109375,-2.1628189086914062,1023.7391357421875,765.363037109375,0,0,1024,768,1024,768
180529973,0.8771324753761292,255.75938415527344,169.88534545898438,412.64971923828125,964.9862060546875,232,50,437,1024,771,1024
180919681,0.8891106843948364,179.08547973632812,267.5679016113281,826.65869140625,420.7274169921875,81,244,924,444,1024,683
180919683,0.9131768941879272,178.95599365234375,170.5533447265625,799.6581420898438,514.3038940429688,85,118,893,566,1024,683
181895326,0.4420347213745117,439.1951904296875,74.07598114013672,857.0408935546875,349.68634033203125,376,32,920,392,1024,768
183629844,0.5938265919685364,421.7078552246094,510.51806640625,463.9261779785156,536.121337890625,415,506,471,540,1024,683
184120428,0.3750093877315521,321.25433349609375,101.23533630371094,565.0784301757812,227.12478637695312,284,82,602,247,1024,478
184333613,0.9023293852806091,54.78501892089844,428.4087219238281,724.5852661132812,633.4923095703125,0,397,768,665,768,1024
185689127,0.5155108571052551,387.4244689941406,510.7480773925781,1009.6741943359375,765.285400390625,294,472,1024,768,1024,768
185824335,0.29687225818634033,168.45574951171875,449.0328674316406,254.474365234375,601.6952514648438,155,426,268,625,498,1024
186750536,0.727947473526001,325.2076110839844,192.05859375,820.6888427734375,664.1620483398438,250,121,896,684,1024,684
187322503,0.5521312952041626,317.9854736328125,166.55377197265625,498.6011962890625,202.71865844726562,290,161,526,209,768,1024
191084583,0.9239468574523926,134.29736328125,258.6417236328125,632.434326171875,383.0030517578125,59,239,708,402,1024,768
192050258,0.5456058979034424,167.97000122070312,638.3917236328125,297.9963073730469,776.5152587890625,148,617,318,798,768,1024
192287875,0.3441110849380493,202.26290893554688,202.01535034179688,525.5185546875,869.1055908203125,153,101,575,970,768,1024
194744479,0.9106612205505371,25.734527587890625,280.7586364746094,674.564697265625,404.29559326171875,0,262,772,423,1024,678
199825893,0.6739003658294678,80.13452911376953,0.121612548828125,766.9198608398438,944.489501953125,0,0,768,1024,768,1024
200081749,0.43035584688186646,0.0447235107421875,152.391845703125,594.3465576171875,866.5154418945312,0,45,684,974,768,1024
200489433,0.9088984131813049,55.78697204589844,328.104248046875,641.3544311523438,644.0767211914062,0,280,730,692,768,1024
200636595,0.8787984251976013,212.22866821289062,339.95361328125,522.2884521484375,737.914306640625,165,280,569,798,768,1024
203201788,0.8302363157272339,219.27476501464844,82.0327377319336,514.0006103515625,377.3236999511719,175,37,559,422,718,466
204862873,0.8214897513389587,2.476806640625,268.5978698730469,881.156494140625,644.1066284179688,0,212,1013,701,1024,768
211338123,0.5162568092346191,416.0806579589844,203.02928161621094,722.250732421875,548.2119750976562,370,151,769,600,1024,683
215838151,0.42095890641212463,41.82635498046875,171.16622924804688,998.5265502929688,608.703369140625,0,105,1024,675,1024,742
216093340,0.7588781714439392,167.2160186767578,443.0027160644531,575.9112548828125,662.4519653320312,105,410,638,696,1024,768
217101149,0.9103991389274597,81.1983642578125,152.15870666503906,884.1925659179688,522.193115234375,0,96,1005,578,1024,768
217323368,0.3855750560760498,483.40692138671875,165.23524475097656,581.2846069335938,344.53570556640625,468,138,596,372,1024,768
218258054,0.8257145285606384,196.94285583496094,238.02865600585938,415.4364013671875,861.49267578125,164,144,449,956,576,1024
218973301,0.8651238083839417,70.24542236328125,170.220947265625,1018.4421997070312,583.6744995117188,0,108,1024,646,1024,768
219915969,0.9199937582015991,31.63568115234375,281.4624938964844,968.1062622070312,500.9074401855469,0,248,1024,534,1024,768
220814052,0.7822203040122986,280.5411376953125,256.10003662109375,899.8138427734375,386.2702331542969,187,236,993,406,1024,576
221359303,0.467144638299942,3.907379150390625,285.11932373046875,991.831787109375,632.34619140625,0,233,1024,685,1024,768
227892119,0.824242353439331,33.37488555908203,427.11322021484375,738.3209838867188,668.1475219726562,0,390,768,705,768,1024
228381719,0.9181002974510193,163.46749877929688,169.03875732421875,995.389892578125,482.343505859375,38,122,1024,530,1024,658
229612970,0.5821449756622314,1.7557525634765625,160.32269287109375,422.11358642578125,321.7220153808594,0,136,486,346,768,1024
229791377,0.8848682045936584,104.36688995361328,463.1405944824219,479.4581298828125,683.0477294921875,48,430,536,717,771,1024
230063552,0.7068069577217102,143.21319580078125,449.73516845703125,698.4036865234375,688.6008911132812,59,413,768,725,768,1024
230690301,0.5353152751922607,2.536956787109375,127.90763854980469,914.4158935546875,575.981201171875,0,60,1024,644,1024,768
232186624,0.8410243391990662,311.78033447265625,149.10980224609375,622.7958374023438,404.1013488769531,265,110,670,443,1024,576
233348476,0.8144947290420532,317.3947448730469,436.8498840332031,820.495361328125,627.4989624023438,241,408,896,657,1024,912
235500404,0.5560945868492126,8.088020324707031,259.948486328125,765.3901977539062,980.0162353515625,0,151,768,1024,768,1024
236381992,0.7492161393165588,56.17279052734375,224.9019775390625,778.514404296875,424.20208740234375,0,195,887,455,1024,768
236413375,0.8947885632514954,258.75677490234375,359.039794921875,410.6291198730469,827.5462646484375,235,288,434,898,768,1024
237682492,0.7807648181915283,29.39810562133789,16.805206298828125,396.9288330078125,1024.9039306640625,0,0,415,1024,415,1024
238361531,0.8454567790031433,185.07568359375,133.6435546875,1019.9617919921875,559.659423828125,59,69,1024,624,1024,768
238408336,0.4635815918445587,99.46258544921875,111.5458755493164,878.96533203125,440.52618408203125,0,62,996,461,1024,461
238996042,0.6735423803329468,86.22891998291016,97.86968994140625,643.1978149414062,915.2362060546875,2,0,720,1024,720,1024
239535162,0.5016127228736877,0.44293212890625,3.33599853515625,766.4957275390625,912.6028442382812,0,0,768,1024,768,1024
240931309,0.8990813493728638,195.86996459960938,296.86846923828125,813.387939453125,506.1291809082031,103,265,907,538,1024,874
242884471,0.8477945327758789,160.46163940429688,414.49658203125,786.8204345703125,577.264404296875,66,390,881,602,1024,768
243283005,0.6205282211303711,220.83047485351562,339.5662841796875,920.5137939453125,643.7216796875,115,293,1024,690,1024,768
243497334,0.7336685657501221,135.83416748046875,184.7405548095703,902.9158325195312,299.93402099609375,20,167,1018,318,1024,492
243757968,0.5763280987739563,379.24468994140625,155.57156372070312,904.7241821289062,294.3905029296875,300,134,984,316,1024,493
244454509,0.7408056855201721,48.03599548339844,35.161651611328125,189.93763732910156,385.98309326171875,26,0,212,439,1024,683
247992277,0.8792546391487122,212.66552734375,445.6336364746094,537.1876831054688,586.3258056640625,163,424,576,608,576,1024
248374930,0.8308283686637878,120.08113861083984,215.18276977539062,520.9649047851562,910.4029541015625,59,110,582,1015,768,1024
248880524,0.6501351594924927,206.58303833007812,157.5269775390625,647.3114013671875,847.68359375,140,54,714,952,768,1024
248882179,0.5500266551971436,3.604095458984375,34.872310638427734,1019.5489501953125,555.8161010742188,0,0,1024,560,1024,560
248897008,0.3872166872024536,33.080108642578125,62.13459396362305,336.8198547363281,461.5839538574219,0,2,383,522,407,657
249699975,0.8148220777511597,149.65963745117188,398.2642517089844,991.142822265625,657.4783935546875,23,359,1024,697,1024,1020
250019959,0.8412409424781799,288.2271728515625,95.47195434570312,470.49188232421875,1004.560791015625,260,0,498,1024,768,1024
250800808,0.4857959449291229,223.013671875,252.59652709960938,446.24725341796875,906.4698486328125,189,154,480,1005,768,1024
251251268,0.9052583575248718,113.28451538085938,147.47122192382812,907.4698486328125,598.07373046875,0,79,1024,666,1024,768
251754543,0.8274931311607361,3.18475341796875,155.65206909179688,908.9686279296875,548.0139770507812,0,96,1024,607,1024,768
253824142,0.38622063398361206,-0.2880859375,-0.6921615600585938,1023.6600341796875,767.3001708984375,0,0,1024,768,1024,768
254108234,0.834937334060669,262.32061767578125,198.34872436523438,479.0990295410156,772.3153076171875,229,112,512,859,768,1024
257444824,0.8871968984603882,102.35015869140625,169.2605438232422,901.448974609375,418.72381591796875,0,131,1022,457,1024,680
261570355,0.6382483243942261,326.65045166015625,524.1193237304688,404.9922790527344,745.9862670898438,314,490,417,780,551,1024
261701395,0.8043577671051025,34.674072265625,41.124481201171875,1019.54736328125,861.7020874023438,0,0,1024,866,1024,866
261861493,0.347075492143631,168.36688232421875,18.988676071166992,211.9454345703125,31.06454849243164,161,17,219,33,1024,683
261861498,0.28194451332092285,171.33522033691406,263.58795166015625,180.4660186767578,283.1685791015625,169,260,182,287,1024,683
261984356,0.8690733313560486,89.16571044921875,213.5471954345703,884.29150390625,472.9150085449219,0,174,1004,512,1024,682
262061633,0.580030620098114,34.786041259765625,196.2345428466797,854.5400390625,557.6238403320312,0,142,978,612,1024,682
262782372,0.5938985347747803,30.78353500366211,29.3988037109375,280.8030090332031,970.1885986328125,0,0,315,1024,315,1024
263179742,0.6262106895446777,-0.4414100646972656,333.27154541015625,305.1658935546875,491.1539306640625,0,309,352,515,768,1024
263361942,0.3905057907104492,599.8839721679688,353.734375,694.4833374023438,464.86474609375,585,337,709,482,1024,684
263805538,0.6004766225814819,298.7842712402344,453.81915283203125,418.65576171875,480.90216064453125,280,449,437,485,768,1024
264159257,0.5271750688552856,0.791961669921875,392.3616638183594,345.33984375,679.3507080078125,0,349,398,682,1024,682
264529320,0.43267786502838135,262.12933349609375,49.33944320678711,415.0106201171875,140.47999572753906,239,35,438,155,768,1024
266325167,0.9076665639877319,169.73532104492188,190.58409118652344,839.5626220703125,646.6873168945312,69,122,941,716,1024,826
267178386,0.9061081409454346,88.06317138671875,203.23101806640625,993.8175659179688,540.5321044921875,0,152,1024,592,1024,683
268753245,0.4907929599285126,30.148576736450195,236.94122314453125,470.951904296875,859.0199584960938,0,143,473,953,473,1024
269667709,0.8988628387451172,26.181007385253906,107.83494567871094,778.3746948242188,332.9426574707031,0,74,800,367,800,439
270023091,0.9032781720161438,128.46746826171875,257.8717346191406,666.2893676757812,413.7374572753906,47,234,747,438,1024,683
270968954,0.6407879590988159,225.73841857910156,181.050537109375,486.2428894042969,294.3525390625,186,164,526,312,768,1024
271290893,0.6273420453071594,328.63232421875,82.53506469726562,508.8218078613281,797.103515625,301,0,536,905,768,1024
272704482,0.8483878374099731,0.46611088514328003,149.87921142578125,454.24835205078125,734.7540893554688,0,62,462,823,462,1024
273621566,0.4984697699546814,103.31268310546875,2.8614795207977295,1001.3933715820312,677.8248291015625,0,0,1024,680,1024,680
275180708,0.8373827934265137,236.88580322265625,220.47323608398438,901.1260375976562,627.8252563476562,137,159,1001,689,1024,768
275300201,0.8445190191268921,177.82351684570312,366.67578125,551.1582641601562,622.855224609375,121,328,608,662,768,1024
276247184,0.7499002814292908,168.18617248535156,238.01992797851562,594.860595703125,382.28778076171875,104,216,659,404,720,542
277605559,0.44123777747154236,189.83236694335938,260.06195068359375,967.1209716796875,603.1866455078125,73,208,1024,655,1024,768
278003935,0.7281755208969116,302.151611328125,325.60003662109375,718.6583862304688,552.8758544921875,239,291,782,587,1024,768
278394460,0.6458318829536438,81.01345825195312,232.92970275878906,888.8360595703125,589.2150268554688,0,179,1011,643,1024,768
278951127,0.8829990029335022,24.7147216796875,46.8045654296875,966.3973388671875,852.7418212890625,0,0,1024,974,1024,1024
280274174,0.9293088316917419,94.82778930664062,310.28253173828125,852.726318359375,498.5433349609375,0,282,967,527,1024,768
280749098,0.8993677496910095,96.63052368164062,285.7340393066406,700.1751708984375,503.53375244140625,6,253,791,537,1024,682
281656620,0.8711720705032349,164.87420654296875,201.5870361328125,277.2899169921875,704.5238037109375,148,126,295,780,461,1024
282070830,0.40727466344833374,67.515869140625,286.30474853515625,977.9176025390625,586.5570678710938,0,241,1024,632,1024,768
286363345,0.8899155855178833,75.94610595703125,338.5700378417969,756.8685302734375,785.314453125,0,271,768,853,768,1024
290387733,0.9028720855712891,168.7037811279297,177.64254760742188,501.17864990234375,784.51611328125,118,86,552,876,768,1024
292253601,0.5574305653572083,49.33147048950195,212.95028686523438,379.4225158691406,861.810546875,0,115,429,960,471,1024
292900530,0.47297409176826477,188.68751525878906,139.28335571289062,349.61529541015625,877.1875,164,28,374,988,771,1024
295675038,0.8633175492286682,57.342010498046875,150.26805114746094,995.543701171875,520.761962890625,0,94,1024,577,1024,702
295675131,0.828230619430542,93.04571533203125,144.96002197265625,969.4600219726562,474.7661437988281,0,95,1024,525,1024,686
297180136,0.887365460395813,304.0692443847656,333.46636962890625,643.8739013671875,501.3446960449219,253,308,695,527,1024,768
297219923,0.8205786943435669,384.59466552734375,435.84320068359375,500.72869873046875,788.2648315429688,367,382,519,842,768,1024
298491535,0.9266306757926941,112.80328369140625,181.17929077148438,957.5324096679688,403.1603088378906,0,147,1024,437,1024,683
299115734,0.8243958950042725,132.13180541992188,0.19354248046875,534.8955078125,849.547607421875,71,0,596,977,768,1024
299514925,0.871786892414093,109.537841796875,356.9314270019531,921.744873046875,494.7305603027344,0,336,1024,516,1024,769
299514941,0.9040395021438599,166.11572265625,270.9662170410156,901.350341796875,562.0325317382812,55,227,1012,606,1024,769
302722588,0.8716561794281006,0.3046302795410156,448.47796630859375,547.8530883789062,690.1815795898438,0,412,576,727,576,1024
303652269,0.5039596557617188,4.957855224609375,107.79463958740234,887.2628173828125,568.1380004882812,0,38,1020,638,1024,680
304671068,0.7641170024871826,248.58416748046875,504.7928466796875,546.7897338867188,594.7886962890625,203,491,592,609,768,1024
305791773,0.8763061761856079,307.3623352050781,27.933677673339844,648.3409423828125,679.9341430664062,256,0,700,683,1024,683
306400647,0.38960906863212585,27.849245071411133,233.00143432617188,474.4374084472656,876.1378173828125,0,136,476,973,476,1024
307425165,0.6701872944831848,96.13650512695312,175.34115600585938,421.8020324707031,731.1732177734375,47,91,471,815,768,1024
308404665,0.8755894899368286,304.8226623535156,190.86074829101562,576.263427734375,840.435791015625,264,93,617,938,768,1024
309051494,0.43726858496665955,413.622314453125,198.98023986816406,491.7216796875,356.79254150390625,401,175,504,381,1024,576
309387248,0.8937893509864807,37.013519287109375,157.60142517089844,942.5706787109375,678.1272583007812,0,79,1024,757,1024,817
309387325,0.8748807907104492,19.98809814453125,166.3715057373047,954.3363647460938,669.8495483398438,0,90,1024,746,1024,768
309413030,0.8925366997718811,2.87347412109375,375.23492431640625,601.02490234375,726.6672973632812,0,322,691,780,768,1024
310368726,0.6713900566101074,11.474847793579102,54.191749572753906,264.7198486328125,254.43946838378906,0,24,297,285,297,367
311110920,0.7470707297325134,103.0975570678711,487.38128662109375,667.971923828125,658.3555297851562,18,461,753,685,768,1024
311911543,0.8210141062736511,57.268096923828125,265.3807678222656,983.33544921875,421.2801513671875,0,241,1024,445,1024,683
316830820,0.2992742955684662,356.2420349121094,273.1462707519531,494.54791259765625,328.1048889160156,335,264,516,337,768,1024
319686228,0.8876903653144836,49.17108154296875,294.142333984375,970.7277221679688,602.7913818359375,0,247,1024,650,1024,768
320381289,0.8989849090576172,62.256622314453125,146.5872802734375,989.146484375,453.2219543457031,0,100,1024,500,1024,576
321159274,0.8784501552581787,5.9798583984375,124.99127197265625,1020.7469482421875,410.4771423339844,0,82,1024,454,1024,498
321397857,0.785810649394989,112.55026245117188,369.1462097167969,937.85498046875,712.635498046875,0,317,1024,765,1024,768
322112958,0.5022260546684265,142.46917724609375,89.7426528930664,1023.7827758789062,565.5888671875,10,18,1024,637,1024,683
322687734,0.9125749468803406,49.7213134765625,121.89111328125,940.0388793945312,505.1661071777344,0,64,1024,563,1024,683
322687746,0.9092174172401428,52.731719970703125,169.8172607421875,985.5904541015625,479.9432678222656,0,123,1024,527,1024,683
323392171,0.6198039650917053,1.8111648559570312,467.7729187011719,575.3573608398438,721.1256713867188,0,429,576,760,576,1024
323825251,0.4392804205417633,-15.274566650390625,68.4985122680664,989.654541015625,345.4034423828125,0,26,1024,382,1024,382
324138566,0.6791104078292847,88.1083984375,181.53611755371094,896.676025390625,661.4420776367188,0,109,1018,734,1024,768
325639876,0.8081699013710022,220.12637329101562,519.8368530273438,444.7929382324219,678.6563110351562,186,496,479,703,768,1024
326677846,0.4467012882232666,253.51405334472656,14.1331787109375,483.79827880859375,929.2509765625,218,0,519,1024,768,1024
327190330,0.884240448474884,39.55572509765625,108.02606964111328,978.43359375,649.4940185546875,0,26,1024,731,1024,768
329051469,0.4689640700817108,39.524139404296875,168.77162170410156,842.594970703125,452.65386962890625,0,126,964,496,1024,768
329126045,0.5008800625801086,97.51399230957031,294.3091125488281,547.1170654296875,432.28228759765625,30,273,615,453,1024,683
329325905,0.594968855381012,194.91928100585938,323.15966796875,707.5516357421875,426.45208740234375,118,307,785,442,1024,768
329400501,0.8580975532531738,291.8416442871094,162.49163818359375,807.33349609375,277.6209411621094,214,145,885,295,1024,445
329978311,0.725601851940155,169.79541015625,290.5181579589844,788.1365356445312,466.96630859375,77,264,881,494,1024,768
330472652,0.7861742377281189,2.24737548828125,1.8903064727783203,883.2643432617188,562.449462890625,0,0,1016,647,1024,683
330977153,0.5508041977882385,125.010498046875,94.08865356445312,960.2664794921875,629.2130126953125,0,13,1024,710,1024,768
331011797,0.8129156231880188,515.2644653320312,184.81842041015625,733.2588500976562,766.2686767578125,482,97,766,768,1024,768
331198872,0.9040901064872742,168.76351928710938,213.3893280029297,971.6463623046875,465.4836120605469,48,175,1024,504,1024,682
331423968,0.5492154955863953,109.00616455078125,149.1942138671875,684.828857421875,553.1215209960938,22,88,772,614,1024,683
331798168,0.6767216920852661,85.05845642089844,412.38128662109375,275.874267578125,576.8598022460938,56,387,305,602,1024,683
332876399,0.8801146149635315,49.551971435546875,161.2045135498047,987.15966796875,561.4150390625,0,101,1024,622,1024,774
335157129,0.7181954979896545,391.57861328125,334.39263916015625,739.2752685546875,426.1868896484375,339,320,792,440,1024,768
335893671,0.5480773448944092,-2.8462600708007812,211.95449829101562,293.6942138671875,813.3671875,0,121,339,904,768,1024
336245794,0.7722968459129333,24.154388427734375,550.548828125,583.7230834960938,736.9434814453125,0,522,668,765,771,1024
337410468,0.8433553576469421,9.30133056640625,137.66171264648438,980.623779296875,488.4200439453125,0,85,1024,542,1024,683
338466669,0.4514442980289459,159.60704040527344,-1.081390380859375,762.5841674804688,889.678466796875,69,0,768,1024,768,1024
338490572,0.45774921774864197,33.705963134765625,454.82373046875,864.06298828125,767.3746948242188,0,407,989,768,1024,768
338672308,0.7308475971221924,104.76171875,18.876483917236328,613.0582885742188,282.7033996582031,28,0,690,323,720,477
339561470,0.9063339233398438,132.05502319335938,221.33377075195312,754.4639892578125,469.6838073730469,38,184,848,507,1024,683
339711391,0.5748081207275391,0.024139404296875,205.02159118652344,1023.346923828125,523.801513671875,0,157,1024,572,1024,768
340082985,0.900000810623169,80.89012145996094,419.2319641113281,308.17645263671875,978.442626953125,46,335,343,1024,576,1024
340125249,0.8624671101570129,113.15158081054688,59.93254470825195,913.9757080078125,312.32470703125,0,22,1024,351,1024,387
340255503,0.8561239242553711,290.616943359375,59.40632629394531,752.028076171875,766.9609985351562,221,0,822,768,1024,768
340583145,0.9172325134277344,117.43618774414062,154.6813507080078,907.2843017578125,543.0814819335938,0,96,1024,602,1024,682
340783384,0.40128180384635925,15.74017333984375,1.7871322631835938,785.0860595703125,483.25982666015625,0,0,901,556,1024,768
341499290,0.4984053075313568,227.41053771972656,302.63763427734375,637.5323486328125,786.7007446289062,165,230,700,860,768,1024
342203880,0.4718266427516937,7.1859130859375,-2.2817230224609375,1020.856689453125,613.7037353515625,0,0,1024,707,1024,768
342736886,0.881740152835846,355.3913269042969,211.04153442382812,556.899658203125,938.7125244140625,325,101,588,1024,771,1024
343720069,0.4746032655239105,70.60796356201172,229.2423553466797,479.6875915527344,701.7333984375,9,158,542,773,576,1024
345704831,0.7936201691627502,111.2362060546875,199.24375915527344,806.18212890625,484.6597595214844,6,156,911,528,1024,683
345811830,0.8382073044776917,103.60629272460938,148.3448028564453,877.6165771484375,486.60516357421875,0,97,994,538,1024,548
345850462,0.8347759246826172,137.53253173828125,384.69061279296875,316.733642578125,494.80078125,110,368,344,512,576,1024
345879404,0.629997730255127,208.8304443359375,163.86129760742188,890.36181640625,759.9398193359375,106,74,993,768,1024,768
346170068,0.6932510733604431,228.2732696533203,798.4072265625,578.9682006835938,1020.6451416015625,175,765,632,1024,771,1024
348055604,0.7394423484802246,569.8629150390625,343.6741638183594,911.26806640625,487.75726318359375,518,322,963,510,1024,683
349139980,0.5935176610946655,403.5638122558594,329.47161865234375,749.4434814453125,518.7271728515625,351,301,768,548,768,1024
349488170,0.6674807071685791,309.49005126953125,35.77313232421875,544.2625732421875,835.021484375,274,0,580,955,768,1024
349518568,0.6673687696456909,433.9113464355469,375.642822265625,657.3765258789062,450.2377014160156,400,364,691,462,1024,682
350156788,0.495076984167099,134.6628875732422,56.700279235839844,562.1985473632812,220.86566162109375,70,32,627,246,771,1024
350418206,0.8797592520713806,56.702903747558594,320.1342468261719,410.2837829589844,760.4595947265625,3,254,461,827,461,1024
351164060,0.43177080154418945,124.8046875,228.15284729003906,1008.8414306640625,529.1407470703125,0,183,1024,575,1024,768
353233069,0.8286659121513367,219.74253845214844,185.54696655273438,349.5712585449219,941.654296875,200,72,370,1024,576,1024
358526052,0.6884785890579224,127.7239990234375,179.1127166748047,975.5299072265625,499.02587890625,0,131,1024,548,1024,840
360570028,0.38121774792671204,78.33716583251953,324.38250732421875,400.8594970703125,860.5254516601562,29,243,450,941,471,1024
362499318,0.29110196232795715,4.5294928550720215,111.30213928222656,71.45117950439453,136.4689483642578,0,107,82,141,511,495
362633076,0.7422025203704834,362.6627502441406,354.6532287597656,909.1002197265625,557.184326171875,280,324,992,588,1024,768
362884635,0.6531683206558228,73.81842041015625,314.20849609375,944.0778198242188,535.2429809570312,0,281,1024,569,1024,768
363819051,0.43482670187950134,300.47796630859375,366.0423889160156,451.5670166015625,476.4148864746094,277,349,475,493,768,1024
364638961,0.9151378273963928,89.83074951171875,267.1266784667969,898.359130859375,427.5504455566406,0,243,1020,452,1024,690
368203391,0.7032328844070435,88.40554809570312,212.8564910888672,844.332763671875,518.1842041015625,0,167,958,564,1024,768
368204086,0.8378312587738037,36.865814208984375,225.38497924804688,993.9295654296875,532.0809326171875,0,179,1024,579,1024,807
369692895,0.4755799472332001,-0.055389404296875,37.979644775390625,1023.8118896484375,766.4192504882812,0,0,1024,768,1024,768
371868667,0.6228436827659607,250.6338653564453,7.232746124267578,664.9066772460938,437.3760681152344,188,0,728,502,1024,681
372260114,0.7135319709777832,209.4008331298828,490.5329284667969,634.8828125,589.169677734375,145,475,699,604,768,1024
373796176,0.5262194871902466,1.01275634765625,222.7008514404297,718.2186889648438,483.4499206542969,0,183,826,523,1024,683
375542004,0.479174941778183,54.66436004638672,91.17730712890625,469.2388916015625,886.1784057617188,0,0,473,1006,473,1024
375940713,0.4643062353134155,121.47953796386719,66.87564086914062,712.0277099609375,1009.7008056640625,32,0,768,1024,768,1024
376088052,0.5968421697616577,136.02964782714844,304.48486328125,211.21092224121094,621.6159057617188,124,256,223,670,768,1024
376388313,0.857205331325531,269.30743408203125,143.12445068359375,703.98583984375,740.1751098632812,204,53,768,830,768,1024
378428144,0.9063650369644165,128.53958129882812,232.7277374267578,822.48095703125,432.3601989746094,24,202,927,463,1024,617
380694085,0.44838398694992065,644.8253784179688,626.0210571289062,710.4733276367188,670.5140991210938,634,619,721,678,768,1024
382950554,0.8959153890609741,254.1904296875,244.28952026367188,832.348876953125,609.0763549804688,167,189,920,664,1024,768
386125688,0.8422412276268005,46.232513427734375,35.80571746826172,1019.175048828125,307.562744140625,0,0,1024,313,1024,313
389085650,0.8693857789039612,274.2889404296875,262.79168701171875,393.3648376464844,624.3445434570312,256,208,412,679,768,1024
390690948,0.7262438535690308,105.07731628417969,283.15570068359375,546.3192138671875,698.61328125,38,220,613,761,768,1024
390760197,0.8724686503410339,160.66433715820312,268.8778076171875,602.0174560546875,563.3661499023438,94,224,669,608,768,1024
391487172,0.8686680197715759,55.52187728881836,458.37139892578125,650.6907348632812,991.1919555664062,0,378,740,1024,771,1024
391897953,0.8561105728149414,222.040283203125,155.06619262695312,683.5442504882812,596.45556640625,152,88,753,663,768,1024
392735653,0.6238961219787598,0.908477783203125,53.09149169921875,546.2762451171875,1022.0082397460938,0,0,629,1024,768,1024
394605423,0.4207276999950409,141.84512329101562,360.3623046875,698.422119140625,528.7207641601562,58,335,768,554,768,1024
396293261,0.5358486175537109,-1.1493492126464844,3.375852584838867,128.9767303466797,179.776611328125,0,0,149,207,1024,768
398256907,0.9160389304161072,172.2060546875,148.91452026367188,848.859130859375,362.8589172363281,70,116,951,395,1024,638
398351550,0.41236168146133423,355.1910400390625,273.53179931640625,725.4234619140625,373.1767883300781,299,258,781,389,1024,683
398861782,0.8769633769989014,316.0592956542969,285.7395324707031,781.510009765625,430.51556396484375,246,264,852,453,1024,768
400645847,0.9135512113571167,111.69456481933594,151.04522705078125,514.1798095703125,1000.1109008789062,51,23,575,1024,768,1024
401140664,0.45413118600845337,-2.8488006591796875,-0.132843017578125,757.55224609375,267.34539794921875,0,0,768,308,768,1024
401718007,0.8103086948394775,331.33209228515625,273.99285888671875,752.3576049804688,373.5912170410156,268,259,816,389,1024,683
402745352,0.896024763584137,117.6240234375,144.73562622070312,1016.6656494140625,515.2890014648438,0,89,1024,571,1024,706
403509467,0.6605252027511597,176.27392578125,198.37802124023438,793.8694458007812,462.4609680175781,83,158,887,503,1024,639
406305090,0.8622546195983887,155.3304901123047,474.0126953125,785.9583129882812,902.5662841796875,60,409,799,967,799,1024
